beta,functional,tv_value,tau,permission,breakpoint_tau,f1_val,f4_val,ordering_holds,auth_gap_width
0.2,F1_mean,0.013,0.0,REFUSE,0.013,0.013,0.033164,1,0.020164
0.2,F1_mean,0.013,0.001,REFUSE,0.013,0.013,0.033164,1,0.020164
0.2,F1_mean,0.013,0.002,REFUSE,0.013,0.013,0.033164,1,0.020164
0.2,F1_mean,0.013,0.003,REFUSE,0.013,0.013,0.033164,1,0.020164
0.2,F1_mean,0.013,0.004,REFUSE,0.013,0.013,0.033164,1,0.020164
0.2,F1_mean,0.013,0.005,REFUSE,0.013,0.013,0.033164,1,0.020164
0.2,F1_mean,0.013,0.006,REFUSE,0.013,0.013,0.033164,1,0.020164
0.2,F1_mean,0.013,0.007,REFUSE,0.013,0.013,0.033164,1,0.020164
0.2,F1_mean,0.013,0.008,REFUSE,0.013,0.013,0.033164,1,0.020164
0.2,F1_mean,0.013,0.009,REFUSE,0.013,0.013,0.033164,1,0.020164
0.2,F1_mean,0.013,0.01,REFUSE,0.013,0.013,0.033164,1,0.020164
0.2,F1_mean,0.013,0.011,REFUSE,0.013,0.013,0.033164,1,0.020164
0.2,F1_mean,0.013,0.012,REFUSE,0.013,0.013,0.033164,1,0.020164
0.2,F1_mean,0.013,0.013,ACT,0.013,0.013,0.033164,1,0.020164
0.2,F1_mean,0.013,0.014,ACT,0.013,0.013,0.033164,1,0.020164
0.2,F1_mean,0.013,0.015,ACT,0.013,0.013,0.033164,1,0.020164
0.2,F1_mean,0.013,0.016,ACT,0.013,0.013,0.033164,1,0.020164
0.2,F1_mean,0.013,0.017,ACT,0.013,0.013,0.033164,1,0.020164
0.2,F1_mean,0.013,0.018,ACT,0.013,0.013,0.033164,1,0.020164
0.2,F1_mean,0.013,0.019,ACT,0.013,0.013,0.033164,1,0.020164
0.2,F1_mean,0.013,0.02,ACT,0.013,0.013,0.033164,1,0.020164
0.2,F1_mean,0.013,0.021,ACT,0.013,0.013,0.033164,1,0.020164
0.2,F1_mean,0.013,0.022,ACT,0.013,0.013,0.033164,1,0.020164
0.2,F1_mean,0.013,0.023,ACT,0.013,0.013,0.033164,1,0.020164
0.2,F1_mean,0.013,0.024,ACT,0.013,0.013,0.033164,1,0.020164
0.2,F1_mean,0.013,0.0251,ACT,0.013,0.013,0.033164,1,0.020164
0.2,F1_mean,0.013,0.0261,ACT,0.013,0.013,0.033164,1,0.020164
0.2,F1_mean,0.013,0.0271,ACT,0.013,0.013,0.033164,1,0.020164
0.2,F1_mean,0.013,0.0281,ACT,0.013,0.013,0.033164,1,0.020164
0.2,F1_mean,0.013,0.0291,ACT,0.013,0.013,0.033164,1,0.020164
0.2,F1_mean,0.013,0.0301,ACT,0.013,0.013,0.033164,1,0.020164
0.2,F1_mean,0.013,0.0311,ACT,0.013,0.013,0.033164,1,0.020164
0.2,F1_mean,0.013,0.0321,ACT,0.013,0.013,0.033164,1,0.020164
0.2,F1_mean,0.013,0.0331,ACT,0.013,0.013,0.033164,1,0.020164
0.2,F1_mean,0.013,0.0341,ACT,0.013,0.013,0.033164,1,0.020164
0.2,F1_mean,0.013,0.0351,ACT,0.013,0.013,0.033164,1,0.020164
0.2,F1_mean,0.013,0.0361,ACT,0.013,0.013,0.033164,1,0.020164
0.2,F1_mean,0.013,0.0371,ACT,0.013,0.013,0.033164,1,0.020164
0.2,F1_mean,0.013,0.0381,ACT,0.013,0.013,0.033164,1,0.020164
0.2,F1_mean,0.013,0.0391,ACT,0.013,0.013,0.033164,1,0.020164
0.2,F1_mean,0.013,0.0401,ACT,0.013,0.013,0.033164,1,0.020164
0.2,F1_mean,0.013,0.0411,ACT,0.013,0.013,0.033164,1,0.020164
0.2,F1_mean,0.013,0.0421,ACT,0.013,0.013,0.033164,1,0.020164
0.2,F1_mean,0.013,0.0431,ACT,0.013,0.013,0.033164,1,0.020164
0.2,F1_mean,0.013,0.0441,ACT,0.013,0.013,0.033164,1,0.020164
0.2,F1_mean,0.013,0.0451,ACT,0.013,0.013,0.033164,1,0.020164
0.2,F1_mean,0.013,0.0461,ACT,0.013,0.013,0.033164,1,0.020164
0.2,F1_mean,0.013,0.0471,ACT,0.013,0.013,0.033164,1,0.020164
0.2,F1_mean,0.013,0.0481,ACT,0.013,0.013,0.033164,1,0.020164
0.2,F1_mean,0.013,0.0491,ACT,0.013,0.013,0.033164,1,0.020164
0.2,F1_mean,0.013,0.0501,ACT,0.013,0.013,0.033164,1,0.020164
0.2,F1_mean,0.013,0.0511,ACT,0.013,0.013,0.033164,1,0.020164
0.2,F1_mean,0.013,0.0521,ACT,0.013,0.013,0.033164,1,0.020164
0.2,F1_mean,0.013,0.0531,ACT,0.013,0.013,0.033164,1,0.020164
0.2,F1_mean,0.013,0.0541,ACT,0.013,0.013,0.033164,1,0.020164
0.2,F1_mean,0.013,0.0551,ACT,0.013,0.013,0.033164,1,0.020164
0.2,F1_mean,0.013,0.0561,ACT,0.013,0.013,0.033164,1,0.020164
0.2,F1_mean,0.013,0.0571,ACT,0.013,0.013,0.033164,1,0.020164
0.2,F1_mean,0.013,0.0581,ACT,0.013,0.013,0.033164,1,0.020164
0.2,F1_mean,0.013,0.0591,ACT,0.013,0.013,0.033164,1,0.020164
0.2,F1_mean,0.013,0.0601,ACT,0.013,0.013,0.033164,1,0.020164
0.2,F1_mean,0.013,0.0611,ACT,0.013,0.013,0.033164,1,0.020164
0.2,F1_mean,0.013,0.0621,ACT,0.013,0.013,0.033164,1,0.020164
0.2,F1_mean,0.013,0.0631,ACT,0.013,0.013,0.033164,1,0.020164
0.2,F1_mean,0.013,0.0641,ACT,0.013,0.013,0.033164,1,0.020164
0.2,F1_mean,0.013,0.0651,ACT,0.013,0.013,0.033164,1,0.020164
0.2,F1_mean,0.013,0.0661,ACT,0.013,0.013,0.033164,1,0.020164
0.2,F1_mean,0.013,0.0671,ACT,0.013,0.013,0.033164,1,0.020164
0.2,F1_mean,0.013,0.0681,ACT,0.013,0.013,0.033164,1,0.020164
0.2,F1_mean,0.013,0.0691,ACT,0.013,0.013,0.033164,1,0.020164
0.2,F1_mean,0.013,0.0701,ACT,0.013,0.013,0.033164,1,0.020164
0.2,F1_mean,0.013,0.0711,ACT,0.013,0.013,0.033164,1,0.020164
0.2,F1_mean,0.013,0.0721,ACT,0.013,0.013,0.033164,1,0.020164
0.2,F1_mean,0.013,0.0731,ACT,0.013,0.013,0.033164,1,0.020164
0.2,F1_mean,0.013,0.0741,ACT,0.013,0.013,0.033164,1,0.020164
0.2,F1_mean,0.013,0.0752,ACT,0.013,0.013,0.033164,1,0.020164
0.2,F1_mean,0.013,0.0762,ACT,0.013,0.013,0.033164,1,0.020164
0.2,F1_mean,0.013,0.0772,ACT,0.013,0.013,0.033164,1,0.020164
0.2,F1_mean,0.013,0.0782,ACT,0.013,0.013,0.033164,1,0.020164
0.2,F1_mean,0.013,0.0792,ACT,0.013,0.013,0.033164,1,0.020164
0.2,F1_mean,0.013,0.0802,ACT,0.013,0.013,0.033164,1,0.020164
0.2,F1_mean,0.013,0.0812,ACT,0.013,0.013,0.033164,1,0.020164
0.2,F1_mean,0.013,0.0822,ACT,0.013,0.013,0.033164,1,0.020164
0.2,F1_mean,0.013,0.0832,ACT,0.013,0.013,0.033164,1,0.020164
0.2,F1_mean,0.013,0.0842,ACT,0.013,0.013,0.033164,1,0.020164
0.2,F1_mean,0.013,0.0852,ACT,0.013,0.013,0.033164,1,0.020164
0.2,F1_mean,0.013,0.0862,ACT,0.013,0.013,0.033164,1,0.020164
0.2,F1_mean,0.013,0.0872,ACT,0.013,0.013,0.033164,1,0.020164
0.2,F1_mean,0.013,0.0882,ACT,0.013,0.013,0.033164,1,0.020164
0.2,F1_mean,0.013,0.0892,ACT,0.013,0.013,0.033164,1,0.020164
0.2,F1_mean,0.013,0.0902,ACT,0.013,0.013,0.033164,1,0.020164
0.2,F1_mean,0.013,0.0912,ACT,0.013,0.013,0.033164,1,0.020164
0.2,F1_mean,0.013,0.0922,ACT,0.013,0.013,0.033164,1,0.020164
0.2,F1_mean,0.013,0.0932,ACT,0.013,0.013,0.033164,1,0.020164
0.2,F1_mean,0.013,0.0942,ACT,0.013,0.013,0.033164,1,0.020164
0.2,F1_mean,0.013,0.0952,ACT,0.013,0.013,0.033164,1,0.020164
0.2,F1_mean,0.013,0.0962,ACT,0.013,0.013,0.033164,1,0.020164
0.2,F1_mean,0.013,0.0972,ACT,0.013,0.013,0.033164,1,0.020164
0.2,F1_mean,0.013,0.0982,ACT,0.013,0.013,0.033164,1,0.020164
0.2,F1_mean,0.013,0.0992,ACT,0.013,0.013,0.033164,1,0.020164
0.2,F1_mean,0.013,0.1002,ACT,0.013,0.013,0.033164,1,0.020164
0.2,F1_mean,0.013,0.1012,ACT,0.013,0.013,0.033164,1,0.020164
0.2,F1_mean,0.013,0.1022,ACT,0.013,0.013,0.033164,1,0.020164
0.2,F1_mean,0.013,0.1032,ACT,0.013,0.013,0.033164,1,0.020164
0.2,F1_mean,0.013,0.1042,ACT,0.013,0.013,0.033164,1,0.020164
0.2,F1_mean,0.013,0.1052,ACT,0.013,0.013,0.033164,1,0.020164
0.2,F1_mean,0.013,0.1062,ACT,0.013,0.013,0.033164,1,0.020164
0.2,F1_mean,0.013,0.1072,ACT,0.013,0.013,0.033164,1,0.020164
0.2,F1_mean,0.013,0.1082,ACT,0.013,0.013,0.033164,1,0.020164
0.2,F1_mean,0.013,0.1092,ACT,0.013,0.013,0.033164,1,0.020164
0.2,F1_mean,0.013,0.1102,ACT,0.013,0.013,0.033164,1,0.020164
0.2,F1_mean,0.013,0.1112,ACT,0.013,0.013,0.033164,1,0.020164
0.2,F1_mean,0.013,0.1122,ACT,0.013,0.013,0.033164,1,0.020164
0.2,F1_mean,0.013,0.1132,ACT,0.013,0.013,0.033164,1,0.020164
0.2,F1_mean,0.013,0.1142,ACT,0.013,0.013,0.033164,1,0.020164
0.2,F1_mean,0.013,0.1152,ACT,0.013,0.013,0.033164,1,0.020164
0.2,F1_mean,0.013,0.1162,ACT,0.013,0.013,0.033164,1,0.020164
0.2,F1_mean,0.013,0.1172,ACT,0.013,0.013,0.033164,1,0.020164
0.2,F1_mean,0.013,0.1182,ACT,0.013,0.013,0.033164,1,0.020164
0.2,F1_mean,0.013,0.1192,ACT,0.013,0.013,0.033164,1,0.020164
0.2,F1_mean,0.013,0.1202,ACT,0.013,0.013,0.033164,1,0.020164
0.2,F1_mean,0.013,0.1212,ACT,0.013,0.013,0.033164,1,0.020164
0.2,F1_mean,0.013,0.1222,ACT,0.013,0.013,0.033164,1,0.020164
0.2,F1_mean,0.013,0.1232,ACT,0.013,0.013,0.033164,1,0.020164
0.2,F1_mean,0.013,0.1242,ACT,0.013,0.013,0.033164,1,0.020164
0.2,F1_mean,0.013,0.1253,ACT,0.013,0.013,0.033164,1,0.020164
0.2,F1_mean,0.013,0.1263,ACT,0.013,0.013,0.033164,1,0.020164
0.2,F1_mean,0.013,0.1273,ACT,0.013,0.013,0.033164,1,0.020164
0.2,F1_mean,0.013,0.1283,ACT,0.013,0.013,0.033164,1,0.020164
0.2,F1_mean,0.013,0.1293,ACT,0.013,0.013,0.033164,1,0.020164
0.2,F1_mean,0.013,0.1303,ACT,0.013,0.013,0.033164,1,0.020164
0.2,F1_mean,0.013,0.1313,ACT,0.013,0.013,0.033164,1,0.020164
0.2,F1_mean,0.013,0.1323,ACT,0.013,0.013,0.033164,1,0.020164
0.2,F1_mean,0.013,0.1333,ACT,0.013,0.013,0.033164,1,0.020164
0.2,F1_mean,0.013,0.1343,ACT,0.013,0.013,0.033164,1,0.020164
0.2,F1_mean,0.013,0.1353,ACT,0.013,0.013,0.033164,1,0.020164
0.2,F1_mean,0.013,0.1363,ACT,0.013,0.013,0.033164,1,0.020164
0.2,F1_mean,0.013,0.1373,ACT,0.013,0.013,0.033164,1,0.020164
0.2,F1_mean,0.013,0.1383,ACT,0.013,0.013,0.033164,1,0.020164
0.2,F1_mean,0.013,0.1393,ACT,0.013,0.013,0.033164,1,0.020164
0.2,F1_mean,0.013,0.1403,ACT,0.013,0.013,0.033164,1,0.020164
0.2,F1_mean,0.013,0.1413,ACT,0.013,0.013,0.033164,1,0.020164
0.2,F1_mean,0.013,0.1423,ACT,0.013,0.013,0.033164,1,0.020164
0.2,F1_mean,0.013,0.1433,ACT,0.013,0.013,0.033164,1,0.020164
0.2,F1_mean,0.013,0.1443,ACT,0.013,0.013,0.033164,1,0.020164
0.2,F1_mean,0.013,0.1453,ACT,0.013,0.013,0.033164,1,0.020164
0.2,F1_mean,0.013,0.1463,ACT,0.013,0.013,0.033164,1,0.020164
0.2,F1_mean,0.013,0.1473,ACT,0.013,0.013,0.033164,1,0.020164
0.2,F1_mean,0.013,0.1483,ACT,0.013,0.013,0.033164,1,0.020164
0.2,F1_mean,0.013,0.1493,ACT,0.013,0.013,0.033164,1,0.020164
0.2,F1_mean,0.013,0.1503,ACT,0.013,0.013,0.033164,1,0.020164
0.2,F1_mean,0.013,0.1513,ACT,0.013,0.013,0.033164,1,0.020164
0.2,F1_mean,0.013,0.1523,ACT,0.013,0.013,0.033164,1,0.020164
0.2,F1_mean,0.013,0.1533,ACT,0.013,0.013,0.033164,1,0.020164
0.2,F1_mean,0.013,0.1543,ACT,0.013,0.013,0.033164,1,0.020164
0.2,F1_mean,0.013,0.1553,ACT,0.013,0.013,0.033164,1,0.020164
0.2,F1_mean,0.013,0.1563,ACT,0.013,0.013,0.033164,1,0.020164
0.2,F1_mean,0.013,0.1573,ACT,0.013,0.013,0.033164,1,0.020164
0.2,F1_mean,0.013,0.1583,ACT,0.013,0.013,0.033164,1,0.020164
0.2,F1_mean,0.013,0.1593,ACT,0.013,0.013,0.033164,1,0.020164
0.2,F1_mean,0.013,0.1603,ACT,0.013,0.013,0.033164,1,0.020164
0.2,F1_mean,0.013,0.1613,ACT,0.013,0.013,0.033164,1,0.020164
0.2,F1_mean,0.013,0.1623,ACT,0.013,0.013,0.033164,1,0.020164
0.2,F1_mean,0.013,0.1633,ACT,0.013,0.013,0.033164,1,0.020164
0.2,F1_mean,0.013,0.1643,ACT,0.013,0.013,0.033164,1,0.020164
0.2,F1_mean,0.013,0.1653,ACT,0.013,0.013,0.033164,1,0.020164
0.2,F1_mean,0.013,0.1663,ACT,0.013,0.013,0.033164,1,0.020164
0.2,F1_mean,0.013,0.1673,ACT,0.013,0.013,0.033164,1,0.020164
0.2,F1_mean,0.013,0.1683,ACT,0.013,0.013,0.033164,1,0.020164
0.2,F1_mean,0.013,0.1693,ACT,0.013,0.013,0.033164,1,0.020164
0.2,F1_mean,0.013,0.1703,ACT,0.013,0.013,0.033164,1,0.020164
0.2,F1_mean,0.013,0.1713,ACT,0.013,0.013,0.033164,1,0.020164
0.2,F1_mean,0.013,0.1723,ACT,0.013,0.013,0.033164,1,0.020164
0.2,F1_mean,0.013,0.1733,ACT,0.013,0.013,0.033164,1,0.020164
0.2,F1_mean,0.013,0.1743,ACT,0.013,0.013,0.033164,1,0.020164
0.2,F1_mean,0.013,0.1754,ACT,0.013,0.013,0.033164,1,0.020164
0.2,F1_mean,0.013,0.1764,ACT,0.013,0.013,0.033164,1,0.020164
0.2,F1_mean,0.013,0.1774,ACT,0.013,0.013,0.033164,1,0.020164
0.2,F1_mean,0.013,0.1784,ACT,0.013,0.013,0.033164,1,0.020164
0.2,F1_mean,0.013,0.1794,ACT,0.013,0.013,0.033164,1,0.020164
0.2,F1_mean,0.013,0.1804,ACT,0.013,0.013,0.033164,1,0.020164
0.2,F1_mean,0.013,0.1814,ACT,0.013,0.013,0.033164,1,0.020164
0.2,F1_mean,0.013,0.1824,ACT,0.013,0.013,0.033164,1,0.020164
0.2,F1_mean,0.013,0.1834,ACT,0.013,0.013,0.033164,1,0.020164
0.2,F1_mean,0.013,0.1844,ACT,0.013,0.013,0.033164,1,0.020164
0.2,F1_mean,0.013,0.1854,ACT,0.013,0.013,0.033164,1,0.020164
0.2,F1_mean,0.013,0.1864,ACT,0.013,0.013,0.033164,1,0.020164
0.2,F1_mean,0.013,0.1874,ACT,0.013,0.013,0.033164,1,0.020164
0.2,F1_mean,0.013,0.1884,ACT,0.013,0.013,0.033164,1,0.020164
0.2,F1_mean,0.013,0.1894,ACT,0.013,0.013,0.033164,1,0.020164
0.2,F1_mean,0.013,0.1904,ACT,0.013,0.013,0.033164,1,0.020164
0.2,F1_mean,0.013,0.1914,ACT,0.013,0.013,0.033164,1,0.020164
0.2,F1_mean,0.013,0.1924,ACT,0.013,0.013,0.033164,1,0.020164
0.2,F1_mean,0.013,0.1934,ACT,0.013,0.013,0.033164,1,0.020164
0.2,F1_mean,0.013,0.1944,ACT,0.013,0.013,0.033164,1,0.020164
0.2,F1_mean,0.013,0.1954,ACT,0.013,0.013,0.033164,1,0.020164
0.2,F1_mean,0.013,0.1964,ACT,0.013,0.013,0.033164,1,0.020164
0.2,F1_mean,0.013,0.1974,ACT,0.013,0.013,0.033164,1,0.020164
0.2,F1_mean,0.013,0.1984,ACT,0.013,0.013,0.033164,1,0.020164
0.2,F1_mean,0.013,0.1994,ACT,0.013,0.013,0.033164,1,0.020164
0.2,F1_mean,0.013,0.2004,ACT,0.013,0.013,0.033164,1,0.020164
0.2,F1_mean,0.013,0.2014,ACT,0.013,0.013,0.033164,1,0.020164
0.2,F1_mean,0.013,0.2024,ACT,0.013,0.013,0.033164,1,0.020164
0.2,F1_mean,0.013,0.2034,ACT,0.013,0.013,0.033164,1,0.020164
0.2,F1_mean,0.013,0.2044,ACT,0.013,0.013,0.033164,1,0.020164
0.2,F1_mean,0.013,0.2054,ACT,0.013,0.013,0.033164,1,0.020164
0.2,F1_mean,0.013,0.2064,ACT,0.013,0.013,0.033164,1,0.020164
0.2,F1_mean,0.013,0.2074,ACT,0.013,0.013,0.033164,1,0.020164
0.2,F1_mean,0.013,0.2084,ACT,0.013,0.013,0.033164,1,0.020164
0.2,F1_mean,0.013,0.2094,ACT,0.013,0.013,0.033164,1,0.020164
0.2,F1_mean,0.013,0.2104,ACT,0.013,0.013,0.033164,1,0.020164
0.2,F1_mean,0.013,0.2114,ACT,0.013,0.013,0.033164,1,0.020164
0.2,F1_mean,0.013,0.2124,ACT,0.013,0.013,0.033164,1,0.020164
0.2,F1_mean,0.013,0.2134,ACT,0.013,0.013,0.033164,1,0.020164
0.2,F1_mean,0.013,0.2144,ACT,0.013,0.013,0.033164,1,0.020164
0.2,F1_mean,0.013,0.2154,ACT,0.013,0.013,0.033164,1,0.020164
0.2,F1_mean,0.013,0.2164,ACT,0.013,0.013,0.033164,1,0.020164
0.2,F1_mean,0.013,0.2174,ACT,0.013,0.013,0.033164,1,0.020164
0.2,F1_mean,0.013,0.2184,ACT,0.013,0.013,0.033164,1,0.020164
0.2,F1_mean,0.013,0.2194,ACT,0.013,0.013,0.033164,1,0.020164
0.2,F1_mean,0.013,0.2204,ACT,0.013,0.013,0.033164,1,0.020164
0.2,F1_mean,0.013,0.2214,ACT,0.013,0.013,0.033164,1,0.020164
0.2,F1_mean,0.013,0.2224,ACT,0.013,0.013,0.033164,1,0.020164
0.2,F1_mean,0.013,0.2234,ACT,0.013,0.013,0.033164,1,0.020164
0.2,F1_mean,0.013,0.2244,ACT,0.013,0.013,0.033164,1,0.020164
0.2,F1_mean,0.013,0.2255,ACT,0.013,0.013,0.033164,1,0.020164
0.2,F1_mean,0.013,0.2265,ACT,0.013,0.013,0.033164,1,0.020164
0.2,F1_mean,0.013,0.2275,ACT,0.013,0.013,0.033164,1,0.020164
0.2,F1_mean,0.013,0.2285,ACT,0.013,0.013,0.033164,1,0.020164
0.2,F1_mean,0.013,0.2295,ACT,0.013,0.013,0.033164,1,0.020164
0.2,F1_mean,0.013,0.2305,ACT,0.013,0.013,0.033164,1,0.020164
0.2,F1_mean,0.013,0.2315,ACT,0.013,0.013,0.033164,1,0.020164
0.2,F1_mean,0.013,0.2325,ACT,0.013,0.013,0.033164,1,0.020164
0.2,F1_mean,0.013,0.2335,ACT,0.013,0.013,0.033164,1,0.020164
0.2,F1_mean,0.013,0.2345,ACT,0.013,0.013,0.033164,1,0.020164
0.2,F1_mean,0.013,0.2355,ACT,0.013,0.013,0.033164,1,0.020164
0.2,F1_mean,0.013,0.2365,ACT,0.013,0.013,0.033164,1,0.020164
0.2,F1_mean,0.013,0.2375,ACT,0.013,0.013,0.033164,1,0.020164
0.2,F1_mean,0.013,0.2385,ACT,0.013,0.013,0.033164,1,0.020164
0.2,F1_mean,0.013,0.2395,ACT,0.013,0.013,0.033164,1,0.020164
0.2,F1_mean,0.013,0.2405,ACT,0.013,0.013,0.033164,1,0.020164
0.2,F1_mean,0.013,0.2415,ACT,0.013,0.013,0.033164,1,0.020164
0.2,F1_mean,0.013,0.2425,ACT,0.013,0.013,0.033164,1,0.020164
0.2,F1_mean,0.013,0.2435,ACT,0.013,0.013,0.033164,1,0.020164
0.2,F1_mean,0.013,0.2445,ACT,0.013,0.013,0.033164,1,0.020164
0.2,F1_mean,0.013,0.2455,ACT,0.013,0.013,0.033164,1,0.020164
0.2,F1_mean,0.013,0.2465,ACT,0.013,0.013,0.033164,1,0.020164
0.2,F1_mean,0.013,0.2475,ACT,0.013,0.013,0.033164,1,0.020164
0.2,F1_mean,0.013,0.2485,ACT,0.013,0.013,0.033164,1,0.020164
0.2,F1_mean,0.013,0.2495,ACT,0.013,0.013,0.033164,1,0.020164
0.2,F1_mean,0.013,0.2505,ACT,0.013,0.013,0.033164,1,0.020164
0.2,F1_mean,0.013,0.2515,ACT,0.013,0.013,0.033164,1,0.020164
0.2,F1_mean,0.013,0.2525,ACT,0.013,0.013,0.033164,1,0.020164
0.2,F1_mean,0.013,0.2535,ACT,0.013,0.013,0.033164,1,0.020164
0.2,F1_mean,0.013,0.2545,ACT,0.013,0.013,0.033164,1,0.020164
0.2,F1_mean,0.013,0.2555,ACT,0.013,0.013,0.033164,1,0.020164
0.2,F1_mean,0.013,0.2565,ACT,0.013,0.013,0.033164,1,0.020164
0.2,F1_mean,0.013,0.2575,ACT,0.013,0.013,0.033164,1,0.020164
0.2,F1_mean,0.013,0.2585,ACT,0.013,0.013,0.033164,1,0.020164
0.2,F1_mean,0.013,0.2595,ACT,0.013,0.013,0.033164,1,0.020164
0.2,F1_mean,0.013,0.2605,ACT,0.013,0.013,0.033164,1,0.020164
0.2,F1_mean,0.013,0.2615,ACT,0.013,0.013,0.033164,1,0.020164
0.2,F1_mean,0.013,0.2625,ACT,0.013,0.013,0.033164,1,0.020164
0.2,F1_mean,0.013,0.2635,ACT,0.013,0.013,0.033164,1,0.020164
0.2,F1_mean,0.013,0.2645,ACT,0.013,0.013,0.033164,1,0.020164
0.2,F1_mean,0.013,0.2655,ACT,0.013,0.013,0.033164,1,0.020164
0.2,F1_mean,0.013,0.2665,ACT,0.013,0.013,0.033164,1,0.020164
0.2,F1_mean,0.013,0.2675,ACT,0.013,0.013,0.033164,1,0.020164
0.2,F1_mean,0.013,0.2685,ACT,0.013,0.013,0.033164,1,0.020164
0.2,F1_mean,0.013,0.2695,ACT,0.013,0.013,0.033164,1,0.020164
0.2,F1_mean,0.013,0.2705,ACT,0.013,0.013,0.033164,1,0.020164
0.2,F1_mean,0.013,0.2715,ACT,0.013,0.013,0.033164,1,0.020164
0.2,F1_mean,0.013,0.2725,ACT,0.013,0.013,0.033164,1,0.020164
0.2,F1_mean,0.013,0.2735,ACT,0.013,0.013,0.033164,1,0.020164
0.2,F1_mean,0.013,0.2745,ACT,0.013,0.013,0.033164,1,0.020164
0.2,F1_mean,0.013,0.2756,ACT,0.013,0.013,0.033164,1,0.020164
0.2,F1_mean,0.013,0.2766,ACT,0.013,0.013,0.033164,1,0.020164
0.2,F1_mean,0.013,0.2776,ACT,0.013,0.013,0.033164,1,0.020164
0.2,F1_mean,0.013,0.2786,ACT,0.013,0.013,0.033164,1,0.020164
0.2,F1_mean,0.013,0.2796,ACT,0.013,0.013,0.033164,1,0.020164
0.2,F1_mean,0.013,0.2806,ACT,0.013,0.013,0.033164,1,0.020164
0.2,F1_mean,0.013,0.2816,ACT,0.013,0.013,0.033164,1,0.020164
0.2,F1_mean,0.013,0.2826,ACT,0.013,0.013,0.033164,1,0.020164
0.2,F1_mean,0.013,0.2836,ACT,0.013,0.013,0.033164,1,0.020164
0.2,F1_mean,0.013,0.2846,ACT,0.013,0.013,0.033164,1,0.020164
0.2,F1_mean,0.013,0.2856,ACT,0.013,0.013,0.033164,1,0.020164
0.2,F1_mean,0.013,0.2866,ACT,0.013,0.013,0.033164,1,0.020164
0.2,F1_mean,0.013,0.2876,ACT,0.013,0.013,0.033164,1,0.020164
0.2,F1_mean,0.013,0.2886,ACT,0.013,0.013,0.033164,1,0.020164
0.2,F1_mean,0.013,0.2896,ACT,0.013,0.013,0.033164,1,0.020164
0.2,F1_mean,0.013,0.2906,ACT,0.013,0.013,0.033164,1,0.020164
0.2,F1_mean,0.013,0.2916,ACT,0.013,0.013,0.033164,1,0.020164
0.2,F1_mean,0.013,0.2926,ACT,0.013,0.013,0.033164,1,0.020164
0.2,F1_mean,0.013,0.2936,ACT,0.013,0.013,0.033164,1,0.020164
0.2,F1_mean,0.013,0.2946,ACT,0.013,0.013,0.033164,1,0.020164
0.2,F1_mean,0.013,0.2956,ACT,0.013,0.013,0.033164,1,0.020164
0.2,F1_mean,0.013,0.2966,ACT,0.013,0.013,0.033164,1,0.020164
0.2,F1_mean,0.013,0.2976,ACT,0.013,0.013,0.033164,1,0.020164
0.2,F1_mean,0.013,0.2986,ACT,0.013,0.013,0.033164,1,0.020164
0.2,F1_mean,0.013,0.2996,ACT,0.013,0.013,0.033164,1,0.020164
0.2,F1_mean,0.013,0.3006,ACT,0.013,0.013,0.033164,1,0.020164
0.2,F1_mean,0.013,0.3016,ACT,0.013,0.013,0.033164,1,0.020164
0.2,F1_mean,0.013,0.3026,ACT,0.013,0.013,0.033164,1,0.020164
0.2,F1_mean,0.013,0.3036,ACT,0.013,0.013,0.033164,1,0.020164
0.2,F1_mean,0.013,0.3046,ACT,0.013,0.013,0.033164,1,0.020164
0.2,F1_mean,0.013,0.3056,ACT,0.013,0.013,0.033164,1,0.020164
0.2,F1_mean,0.013,0.3066,ACT,0.013,0.013,0.033164,1,0.020164
0.2,F1_mean,0.013,0.3076,ACT,0.013,0.013,0.033164,1,0.020164
0.2,F1_mean,0.013,0.3086,ACT,0.013,0.013,0.033164,1,0.020164
0.2,F1_mean,0.013,0.3096,ACT,0.013,0.013,0.033164,1,0.020164
0.2,F1_mean,0.013,0.3106,ACT,0.013,0.013,0.033164,1,0.020164
0.2,F1_mean,0.013,0.3116,ACT,0.013,0.013,0.033164,1,0.020164
0.2,F1_mean,0.013,0.3126,ACT,0.013,0.013,0.033164,1,0.020164
0.2,F1_mean,0.013,0.3136,ACT,0.013,0.013,0.033164,1,0.020164
0.2,F1_mean,0.013,0.3146,ACT,0.013,0.013,0.033164,1,0.020164
0.2,F1_mean,0.013,0.3156,ACT,0.013,0.013,0.033164,1,0.020164
0.2,F1_mean,0.013,0.3166,ACT,0.013,0.013,0.033164,1,0.020164
0.2,F1_mean,0.013,0.3176,ACT,0.013,0.013,0.033164,1,0.020164
0.2,F1_mean,0.013,0.3186,ACT,0.013,0.013,0.033164,1,0.020164
0.2,F1_mean,0.013,0.3196,ACT,0.013,0.013,0.033164,1,0.020164
0.2,F1_mean,0.013,0.3206,ACT,0.013,0.013,0.033164,1,0.020164
0.2,F1_mean,0.013,0.3216,ACT,0.013,0.013,0.033164,1,0.020164
0.2,F1_mean,0.013,0.3226,ACT,0.013,0.013,0.033164,1,0.020164
0.2,F1_mean,0.013,0.3236,ACT,0.013,0.013,0.033164,1,0.020164
0.2,F1_mean,0.013,0.3246,ACT,0.013,0.013,0.033164,1,0.020164
0.2,F1_mean,0.013,0.3257,ACT,0.013,0.013,0.033164,1,0.020164
0.2,F1_mean,0.013,0.3267,ACT,0.013,0.013,0.033164,1,0.020164
0.2,F1_mean,0.013,0.3277,ACT,0.013,0.013,0.033164,1,0.020164
0.2,F1_mean,0.013,0.3287,ACT,0.013,0.013,0.033164,1,0.020164
0.2,F1_mean,0.013,0.3297,ACT,0.013,0.013,0.033164,1,0.020164
0.2,F1_mean,0.013,0.3307,ACT,0.013,0.013,0.033164,1,0.020164
0.2,F1_mean,0.013,0.3317,ACT,0.013,0.013,0.033164,1,0.020164
0.2,F1_mean,0.013,0.3327,ACT,0.013,0.013,0.033164,1,0.020164
0.2,F1_mean,0.013,0.3337,ACT,0.013,0.013,0.033164,1,0.020164
0.2,F1_mean,0.013,0.3347,ACT,0.013,0.013,0.033164,1,0.020164
0.2,F1_mean,0.013,0.3357,ACT,0.013,0.013,0.033164,1,0.020164
0.2,F1_mean,0.013,0.3367,ACT,0.013,0.013,0.033164,1,0.020164
0.2,F1_mean,0.013,0.3377,ACT,0.013,0.013,0.033164,1,0.020164
0.2,F1_mean,0.013,0.3387,ACT,0.013,0.013,0.033164,1,0.020164
0.2,F1_mean,0.013,0.3397,ACT,0.013,0.013,0.033164,1,0.020164
0.2,F1_mean,0.013,0.3407,ACT,0.013,0.013,0.033164,1,0.020164
0.2,F1_mean,0.013,0.3417,ACT,0.013,0.013,0.033164,1,0.020164
0.2,F1_mean,0.013,0.3427,ACT,0.013,0.013,0.033164,1,0.020164
0.2,F1_mean,0.013,0.3437,ACT,0.013,0.013,0.033164,1,0.020164
0.2,F1_mean,0.013,0.3447,ACT,0.013,0.013,0.033164,1,0.020164
0.2,F1_mean,0.013,0.3457,ACT,0.013,0.013,0.033164,1,0.020164
0.2,F1_mean,0.013,0.3467,ACT,0.013,0.013,0.033164,1,0.020164
0.2,F1_mean,0.013,0.3477,ACT,0.013,0.013,0.033164,1,0.020164
0.2,F1_mean,0.013,0.3487,ACT,0.013,0.013,0.033164,1,0.020164
0.2,F1_mean,0.013,0.3497,ACT,0.013,0.013,0.033164,1,0.020164
0.2,F1_mean,0.013,0.3507,ACT,0.013,0.013,0.033164,1,0.020164
0.2,F1_mean,0.013,0.3517,ACT,0.013,0.013,0.033164,1,0.020164
0.2,F1_mean,0.013,0.3527,ACT,0.013,0.013,0.033164,1,0.020164
0.2,F1_mean,0.013,0.3537,ACT,0.013,0.013,0.033164,1,0.020164
0.2,F1_mean,0.013,0.3547,ACT,0.013,0.013,0.033164,1,0.020164
0.2,F1_mean,0.013,0.3557,ACT,0.013,0.013,0.033164,1,0.020164
0.2,F1_mean,0.013,0.3567,ACT,0.013,0.013,0.033164,1,0.020164
0.2,F1_mean,0.013,0.3577,ACT,0.013,0.013,0.033164,1,0.020164
0.2,F1_mean,0.013,0.3587,ACT,0.013,0.013,0.033164,1,0.020164
0.2,F1_mean,0.013,0.3597,ACT,0.013,0.013,0.033164,1,0.020164
0.2,F1_mean,0.013,0.3607,ACT,0.013,0.013,0.033164,1,0.020164
0.2,F1_mean,0.013,0.3617,ACT,0.013,0.013,0.033164,1,0.020164
0.2,F1_mean,0.013,0.3627,ACT,0.013,0.013,0.033164,1,0.020164
0.2,F1_mean,0.013,0.3637,ACT,0.013,0.013,0.033164,1,0.020164
0.2,F1_mean,0.013,0.3647,ACT,0.013,0.013,0.033164,1,0.020164
0.2,F1_mean,0.013,0.3657,ACT,0.013,0.013,0.033164,1,0.020164
0.2,F1_mean,0.013,0.3667,ACT,0.013,0.013,0.033164,1,0.020164
0.2,F1_mean,0.013,0.3677,ACT,0.013,0.013,0.033164,1,0.020164
0.2,F1_mean,0.013,0.3687,ACT,0.013,0.013,0.033164,1,0.020164
0.2,F1_mean,0.013,0.3697,ACT,0.013,0.013,0.033164,1,0.020164
0.2,F1_mean,0.013,0.3707,ACT,0.013,0.013,0.033164,1,0.020164
0.2,F1_mean,0.013,0.3717,ACT,0.013,0.013,0.033164,1,0.020164
0.2,F1_mean,0.013,0.3727,ACT,0.013,0.013,0.033164,1,0.020164
0.2,F1_mean,0.013,0.3737,ACT,0.013,0.013,0.033164,1,0.020164
0.2,F1_mean,0.013,0.3747,ACT,0.013,0.013,0.033164,1,0.020164
0.2,F1_mean,0.013,0.3758,ACT,0.013,0.013,0.033164,1,0.020164
0.2,F1_mean,0.013,0.3768,ACT,0.013,0.013,0.033164,1,0.020164
0.2,F1_mean,0.013,0.3778,ACT,0.013,0.013,0.033164,1,0.020164
0.2,F1_mean,0.013,0.3788,ACT,0.013,0.013,0.033164,1,0.020164
0.2,F1_mean,0.013,0.3798,ACT,0.013,0.013,0.033164,1,0.020164
0.2,F1_mean,0.013,0.3808,ACT,0.013,0.013,0.033164,1,0.020164
0.2,F1_mean,0.013,0.3818,ACT,0.013,0.013,0.033164,1,0.020164
0.2,F1_mean,0.013,0.3828,ACT,0.013,0.013,0.033164,1,0.020164
0.2,F1_mean,0.013,0.3838,ACT,0.013,0.013,0.033164,1,0.020164
0.2,F1_mean,0.013,0.3848,ACT,0.013,0.013,0.033164,1,0.020164
0.2,F1_mean,0.013,0.3858,ACT,0.013,0.013,0.033164,1,0.020164
0.2,F1_mean,0.013,0.3868,ACT,0.013,0.013,0.033164,1,0.020164
0.2,F1_mean,0.013,0.3878,ACT,0.013,0.013,0.033164,1,0.020164
0.2,F1_mean,0.013,0.3888,ACT,0.013,0.013,0.033164,1,0.020164
0.2,F1_mean,0.013,0.3898,ACT,0.013,0.013,0.033164,1,0.020164
0.2,F1_mean,0.013,0.3908,ACT,0.013,0.013,0.033164,1,0.020164
0.2,F1_mean,0.013,0.3918,ACT,0.013,0.013,0.033164,1,0.020164
0.2,F1_mean,0.013,0.3928,ACT,0.013,0.013,0.033164,1,0.020164
0.2,F1_mean,0.013,0.3938,ACT,0.013,0.013,0.033164,1,0.020164
0.2,F1_mean,0.013,0.3948,ACT,0.013,0.013,0.033164,1,0.020164
0.2,F1_mean,0.013,0.3958,ACT,0.013,0.013,0.033164,1,0.020164
0.2,F1_mean,0.013,0.3968,ACT,0.013,0.013,0.033164,1,0.020164
0.2,F1_mean,0.013,0.3978,ACT,0.013,0.013,0.033164,1,0.020164
0.2,F1_mean,0.013,0.3988,ACT,0.013,0.013,0.033164,1,0.020164
0.2,F1_mean,0.013,0.3998,ACT,0.013,0.013,0.033164,1,0.020164
0.2,F1_mean,0.013,0.4008,ACT,0.013,0.013,0.033164,1,0.020164
0.2,F1_mean,0.013,0.4018,ACT,0.013,0.013,0.033164,1,0.020164
0.2,F1_mean,0.013,0.4028,ACT,0.013,0.013,0.033164,1,0.020164
0.2,F1_mean,0.013,0.4038,ACT,0.013,0.013,0.033164,1,0.020164
0.2,F1_mean,0.013,0.4048,ACT,0.013,0.013,0.033164,1,0.020164
0.2,F1_mean,0.013,0.4058,ACT,0.013,0.013,0.033164,1,0.020164
0.2,F1_mean,0.013,0.4068,ACT,0.013,0.013,0.033164,1,0.020164
0.2,F1_mean,0.013,0.4078,ACT,0.013,0.013,0.033164,1,0.020164
0.2,F1_mean,0.013,0.4088,ACT,0.013,0.013,0.033164,1,0.020164
0.2,F1_mean,0.013,0.4098,ACT,0.013,0.013,0.033164,1,0.020164
0.2,F1_mean,0.013,0.4108,ACT,0.013,0.013,0.033164,1,0.020164
0.2,F1_mean,0.013,0.4118,ACT,0.013,0.013,0.033164,1,0.020164
0.2,F1_mean,0.013,0.4128,ACT,0.013,0.013,0.033164,1,0.020164
0.2,F1_mean,0.013,0.4138,ACT,0.013,0.013,0.033164,1,0.020164
0.2,F1_mean,0.013,0.4148,ACT,0.013,0.013,0.033164,1,0.020164
0.2,F1_mean,0.013,0.4158,ACT,0.013,0.013,0.033164,1,0.020164
0.2,F1_mean,0.013,0.4168,ACT,0.013,0.013,0.033164,1,0.020164
0.2,F1_mean,0.013,0.4178,ACT,0.013,0.013,0.033164,1,0.020164
0.2,F1_mean,0.013,0.4188,ACT,0.013,0.013,0.033164,1,0.020164
0.2,F1_mean,0.013,0.4198,ACT,0.013,0.013,0.033164,1,0.020164
0.2,F1_mean,0.013,0.4208,ACT,0.013,0.013,0.033164,1,0.020164
0.2,F1_mean,0.013,0.4218,ACT,0.013,0.013,0.033164,1,0.020164
0.2,F1_mean,0.013,0.4228,ACT,0.013,0.013,0.033164,1,0.020164
0.2,F1_mean,0.013,0.4238,ACT,0.013,0.013,0.033164,1,0.020164
0.2,F1_mean,0.013,0.4248,ACT,0.013,0.013,0.033164,1,0.020164
0.2,F1_mean,0.013,0.4259,ACT,0.013,0.013,0.033164,1,0.020164
0.2,F1_mean,0.013,0.4269,ACT,0.013,0.013,0.033164,1,0.020164
0.2,F1_mean,0.013,0.4279,ACT,0.013,0.013,0.033164,1,0.020164
0.2,F1_mean,0.013,0.4289,ACT,0.013,0.013,0.033164,1,0.020164
0.2,F1_mean,0.013,0.4299,ACT,0.013,0.013,0.033164,1,0.020164
0.2,F1_mean,0.013,0.4309,ACT,0.013,0.013,0.033164,1,0.020164
0.2,F1_mean,0.013,0.4319,ACT,0.013,0.013,0.033164,1,0.020164
0.2,F1_mean,0.013,0.4329,ACT,0.013,0.013,0.033164,1,0.020164
0.2,F1_mean,0.013,0.4339,ACT,0.013,0.013,0.033164,1,0.020164
0.2,F1_mean,0.013,0.4349,ACT,0.013,0.013,0.033164,1,0.020164
0.2,F1_mean,0.013,0.4359,ACT,0.013,0.013,0.033164,1,0.020164
0.2,F1_mean,0.013,0.4369,ACT,0.013,0.013,0.033164,1,0.020164
0.2,F1_mean,0.013,0.4379,ACT,0.013,0.013,0.033164,1,0.020164
0.2,F1_mean,0.013,0.4389,ACT,0.013,0.013,0.033164,1,0.020164
0.2,F1_mean,0.013,0.4399,ACT,0.013,0.013,0.033164,1,0.020164
0.2,F1_mean,0.013,0.4409,ACT,0.013,0.013,0.033164,1,0.020164
0.2,F1_mean,0.013,0.4419,ACT,0.013,0.013,0.033164,1,0.020164
0.2,F1_mean,0.013,0.4429,ACT,0.013,0.013,0.033164,1,0.020164
0.2,F1_mean,0.013,0.4439,ACT,0.013,0.013,0.033164,1,0.020164
0.2,F1_mean,0.013,0.4449,ACT,0.013,0.013,0.033164,1,0.020164
0.2,F1_mean,0.013,0.4459,ACT,0.013,0.013,0.033164,1,0.020164
0.2,F1_mean,0.013,0.4469,ACT,0.013,0.013,0.033164,1,0.020164
0.2,F1_mean,0.013,0.4479,ACT,0.013,0.013,0.033164,1,0.020164
0.2,F1_mean,0.013,0.4489,ACT,0.013,0.013,0.033164,1,0.020164
0.2,F1_mean,0.013,0.4499,ACT,0.013,0.013,0.033164,1,0.020164
0.2,F1_mean,0.013,0.4509,ACT,0.013,0.013,0.033164,1,0.020164
0.2,F1_mean,0.013,0.4519,ACT,0.013,0.013,0.033164,1,0.020164
0.2,F1_mean,0.013,0.4529,ACT,0.013,0.013,0.033164,1,0.020164
0.2,F1_mean,0.013,0.4539,ACT,0.013,0.013,0.033164,1,0.020164
0.2,F1_mean,0.013,0.4549,ACT,0.013,0.013,0.033164,1,0.020164
0.2,F1_mean,0.013,0.4559,ACT,0.013,0.013,0.033164,1,0.020164
0.2,F1_mean,0.013,0.4569,ACT,0.013,0.013,0.033164,1,0.020164
0.2,F1_mean,0.013,0.4579,ACT,0.013,0.013,0.033164,1,0.020164
0.2,F1_mean,0.013,0.4589,ACT,0.013,0.013,0.033164,1,0.020164
0.2,F1_mean,0.013,0.4599,ACT,0.013,0.013,0.033164,1,0.020164
0.2,F1_mean,0.013,0.4609,ACT,0.013,0.013,0.033164,1,0.020164
0.2,F1_mean,0.013,0.4619,ACT,0.013,0.013,0.033164,1,0.020164
0.2,F1_mean,0.013,0.4629,ACT,0.013,0.013,0.033164,1,0.020164
0.2,F1_mean,0.013,0.4639,ACT,0.013,0.013,0.033164,1,0.020164
0.2,F1_mean,0.013,0.4649,ACT,0.013,0.013,0.033164,1,0.020164
0.2,F1_mean,0.013,0.4659,ACT,0.013,0.013,0.033164,1,0.020164
0.2,F1_mean,0.013,0.4669,ACT,0.013,0.013,0.033164,1,0.020164
0.2,F1_mean,0.013,0.4679,ACT,0.013,0.013,0.033164,1,0.020164
0.2,F1_mean,0.013,0.4689,ACT,0.013,0.013,0.033164,1,0.020164
0.2,F1_mean,0.013,0.4699,ACT,0.013,0.013,0.033164,1,0.020164
0.2,F1_mean,0.013,0.4709,ACT,0.013,0.013,0.033164,1,0.020164
0.2,F1_mean,0.013,0.4719,ACT,0.013,0.013,0.033164,1,0.020164
0.2,F1_mean,0.013,0.4729,ACT,0.013,0.013,0.033164,1,0.020164
0.2,F1_mean,0.013,0.4739,ACT,0.013,0.013,0.033164,1,0.020164
0.2,F1_mean,0.013,0.4749,ACT,0.013,0.013,0.033164,1,0.020164
0.2,F1_mean,0.013,0.476,ACT,0.013,0.013,0.033164,1,0.020164
0.2,F1_mean,0.013,0.477,ACT,0.013,0.013,0.033164,1,0.020164
0.2,F1_mean,0.013,0.478,ACT,0.013,0.013,0.033164,1,0.020164
0.2,F1_mean,0.013,0.479,ACT,0.013,0.013,0.033164,1,0.020164
0.2,F1_mean,0.013,0.48,ACT,0.013,0.013,0.033164,1,0.020164
0.2,F1_mean,0.013,0.481,ACT,0.013,0.013,0.033164,1,0.020164
0.2,F1_mean,0.013,0.482,ACT,0.013,0.013,0.033164,1,0.020164
0.2,F1_mean,0.013,0.483,ACT,0.013,0.013,0.033164,1,0.020164
0.2,F1_mean,0.013,0.484,ACT,0.013,0.013,0.033164,1,0.020164
0.2,F1_mean,0.013,0.485,ACT,0.013,0.013,0.033164,1,0.020164
0.2,F1_mean,0.013,0.486,ACT,0.013,0.013,0.033164,1,0.020164
0.2,F1_mean,0.013,0.487,ACT,0.013,0.013,0.033164,1,0.020164
0.2,F1_mean,0.013,0.488,ACT,0.013,0.013,0.033164,1,0.020164
0.2,F1_mean,0.013,0.489,ACT,0.013,0.013,0.033164,1,0.020164
0.2,F1_mean,0.013,0.49,ACT,0.013,0.013,0.033164,1,0.020164
0.2,F1_mean,0.013,0.491,ACT,0.013,0.013,0.033164,1,0.020164
0.2,F1_mean,0.013,0.492,ACT,0.013,0.013,0.033164,1,0.020164
0.2,F1_mean,0.013,0.493,ACT,0.013,0.013,0.033164,1,0.020164
0.2,F1_mean,0.013,0.494,ACT,0.013,0.013,0.033164,1,0.020164
0.2,F1_mean,0.013,0.495,ACT,0.013,0.013,0.033164,1,0.020164
0.2,F1_mean,0.013,0.496,ACT,0.013,0.013,0.033164,1,0.020164
0.2,F1_mean,0.013,0.497,ACT,0.013,0.013,0.033164,1,0.020164
0.2,F1_mean,0.013,0.498,ACT,0.013,0.013,0.033164,1,0.020164
0.2,F1_mean,0.013,0.499,ACT,0.013,0.013,0.033164,1,0.020164
0.2,F1_mean,0.013,0.5,ACT,0.013,0.013,0.033164,1,0.020164
0.2,F2_p50,0.010948,0.0,REFUSE,0.010948,0.013,0.033164,1,0.020164
0.2,F2_p50,0.010948,0.001,REFUSE,0.010948,0.013,0.033164,1,0.020164
0.2,F2_p50,0.010948,0.002,REFUSE,0.010948,0.013,0.033164,1,0.020164
0.2,F2_p50,0.010948,0.003,REFUSE,0.010948,0.013,0.033164,1,0.020164
0.2,F2_p50,0.010948,0.004,REFUSE,0.010948,0.013,0.033164,1,0.020164
0.2,F2_p50,0.010948,0.005,REFUSE,0.010948,0.013,0.033164,1,0.020164
0.2,F2_p50,0.010948,0.006,REFUSE,0.010948,0.013,0.033164,1,0.020164
0.2,F2_p50,0.010948,0.007,REFUSE,0.010948,0.013,0.033164,1,0.020164
0.2,F2_p50,0.010948,0.008,REFUSE,0.010948,0.013,0.033164,1,0.020164
0.2,F2_p50,0.010948,0.009,REFUSE,0.010948,0.013,0.033164,1,0.020164
0.2,F2_p50,0.010948,0.01,REFUSE,0.010948,0.013,0.033164,1,0.020164
0.2,F2_p50,0.010948,0.011,ACT,0.010948,0.013,0.033164,1,0.020164
0.2,F2_p50,0.010948,0.012,ACT,0.010948,0.013,0.033164,1,0.020164
0.2,F2_p50,0.010948,0.013,ACT,0.010948,0.013,0.033164,1,0.020164
0.2,F2_p50,0.010948,0.014,ACT,0.010948,0.013,0.033164,1,0.020164
0.2,F2_p50,0.010948,0.015,ACT,0.010948,0.013,0.033164,1,0.020164
0.2,F2_p50,0.010948,0.016,ACT,0.010948,0.013,0.033164,1,0.020164
0.2,F2_p50,0.010948,0.017,ACT,0.010948,0.013,0.033164,1,0.020164
0.2,F2_p50,0.010948,0.018,ACT,0.010948,0.013,0.033164,1,0.020164
0.2,F2_p50,0.010948,0.019,ACT,0.010948,0.013,0.033164,1,0.020164
0.2,F2_p50,0.010948,0.02,ACT,0.010948,0.013,0.033164,1,0.020164
0.2,F2_p50,0.010948,0.021,ACT,0.010948,0.013,0.033164,1,0.020164
0.2,F2_p50,0.010948,0.022,ACT,0.010948,0.013,0.033164,1,0.020164
0.2,F2_p50,0.010948,0.023,ACT,0.010948,0.013,0.033164,1,0.020164
0.2,F2_p50,0.010948,0.024,ACT,0.010948,0.013,0.033164,1,0.020164
0.2,F2_p50,0.010948,0.0251,ACT,0.010948,0.013,0.033164,1,0.020164
0.2,F2_p50,0.010948,0.0261,ACT,0.010948,0.013,0.033164,1,0.020164
0.2,F2_p50,0.010948,0.0271,ACT,0.010948,0.013,0.033164,1,0.020164
0.2,F2_p50,0.010948,0.0281,ACT,0.010948,0.013,0.033164,1,0.020164
0.2,F2_p50,0.010948,0.0291,ACT,0.010948,0.013,0.033164,1,0.020164
0.2,F2_p50,0.010948,0.0301,ACT,0.010948,0.013,0.033164,1,0.020164
0.2,F2_p50,0.010948,0.0311,ACT,0.010948,0.013,0.033164,1,0.020164
0.2,F2_p50,0.010948,0.0321,ACT,0.010948,0.013,0.033164,1,0.020164
0.2,F2_p50,0.010948,0.0331,ACT,0.010948,0.013,0.033164,1,0.020164
0.2,F2_p50,0.010948,0.0341,ACT,0.010948,0.013,0.033164,1,0.020164
0.2,F2_p50,0.010948,0.0351,ACT,0.010948,0.013,0.033164,1,0.020164
0.2,F2_p50,0.010948,0.0361,ACT,0.010948,0.013,0.033164,1,0.020164
0.2,F2_p50,0.010948,0.0371,ACT,0.010948,0.013,0.033164,1,0.020164
0.2,F2_p50,0.010948,0.0381,ACT,0.010948,0.013,0.033164,1,0.020164
0.2,F2_p50,0.010948,0.0391,ACT,0.010948,0.013,0.033164,1,0.020164
0.2,F2_p50,0.010948,0.0401,ACT,0.010948,0.013,0.033164,1,0.020164
0.2,F2_p50,0.010948,0.0411,ACT,0.010948,0.013,0.033164,1,0.020164
0.2,F2_p50,0.010948,0.0421,ACT,0.010948,0.013,0.033164,1,0.020164
0.2,F2_p50,0.010948,0.0431,ACT,0.010948,0.013,0.033164,1,0.020164
0.2,F2_p50,0.010948,0.0441,ACT,0.010948,0.013,0.033164,1,0.020164
0.2,F2_p50,0.010948,0.0451,ACT,0.010948,0.013,0.033164,1,0.020164
0.2,F2_p50,0.010948,0.0461,ACT,0.010948,0.013,0.033164,1,0.020164
0.2,F2_p50,0.010948,0.0471,ACT,0.010948,0.013,0.033164,1,0.020164
0.2,F2_p50,0.010948,0.0481,ACT,0.010948,0.013,0.033164,1,0.020164
0.2,F2_p50,0.010948,0.0491,ACT,0.010948,0.013,0.033164,1,0.020164
0.2,F2_p50,0.010948,0.0501,ACT,0.010948,0.013,0.033164,1,0.020164
0.2,F2_p50,0.010948,0.0511,ACT,0.010948,0.013,0.033164,1,0.020164
0.2,F2_p50,0.010948,0.0521,ACT,0.010948,0.013,0.033164,1,0.020164
0.2,F2_p50,0.010948,0.0531,ACT,0.010948,0.013,0.033164,1,0.020164
0.2,F2_p50,0.010948,0.0541,ACT,0.010948,0.013,0.033164,1,0.020164
0.2,F2_p50,0.010948,0.0551,ACT,0.010948,0.013,0.033164,1,0.020164
0.2,F2_p50,0.010948,0.0561,ACT,0.010948,0.013,0.033164,1,0.020164
0.2,F2_p50,0.010948,0.0571,ACT,0.010948,0.013,0.033164,1,0.020164
0.2,F2_p50,0.010948,0.0581,ACT,0.010948,0.013,0.033164,1,0.020164
0.2,F2_p50,0.010948,0.0591,ACT,0.010948,0.013,0.033164,1,0.020164
0.2,F2_p50,0.010948,0.0601,ACT,0.010948,0.013,0.033164,1,0.020164
0.2,F2_p50,0.010948,0.0611,ACT,0.010948,0.013,0.033164,1,0.020164
0.2,F2_p50,0.010948,0.0621,ACT,0.010948,0.013,0.033164,1,0.020164
0.2,F2_p50,0.010948,0.0631,ACT,0.010948,0.013,0.033164,1,0.020164
0.2,F2_p50,0.010948,0.0641,ACT,0.010948,0.013,0.033164,1,0.020164
0.2,F2_p50,0.010948,0.0651,ACT,0.010948,0.013,0.033164,1,0.020164
0.2,F2_p50,0.010948,0.0661,ACT,0.010948,0.013,0.033164,1,0.020164
0.2,F2_p50,0.010948,0.0671,ACT,0.010948,0.013,0.033164,1,0.020164
0.2,F2_p50,0.010948,0.0681,ACT,0.010948,0.013,0.033164,1,0.020164
0.2,F2_p50,0.010948,0.0691,ACT,0.010948,0.013,0.033164,1,0.020164
0.2,F2_p50,0.010948,0.0701,ACT,0.010948,0.013,0.033164,1,0.020164
0.2,F2_p50,0.010948,0.0711,ACT,0.010948,0.013,0.033164,1,0.020164
0.2,F2_p50,0.010948,0.0721,ACT,0.010948,0.013,0.033164,1,0.020164
0.2,F2_p50,0.010948,0.0731,ACT,0.010948,0.013,0.033164,1,0.020164
0.2,F2_p50,0.010948,0.0741,ACT,0.010948,0.013,0.033164,1,0.020164
0.2,F2_p50,0.010948,0.0752,ACT,0.010948,0.013,0.033164,1,0.020164
0.2,F2_p50,0.010948,0.0762,ACT,0.010948,0.013,0.033164,1,0.020164
0.2,F2_p50,0.010948,0.0772,ACT,0.010948,0.013,0.033164,1,0.020164
0.2,F2_p50,0.010948,0.0782,ACT,0.010948,0.013,0.033164,1,0.020164
0.2,F2_p50,0.010948,0.0792,ACT,0.010948,0.013,0.033164,1,0.020164
0.2,F2_p50,0.010948,0.0802,ACT,0.010948,0.013,0.033164,1,0.020164
0.2,F2_p50,0.010948,0.0812,ACT,0.010948,0.013,0.033164,1,0.020164
0.2,F2_p50,0.010948,0.0822,ACT,0.010948,0.013,0.033164,1,0.020164
0.2,F2_p50,0.010948,0.0832,ACT,0.010948,0.013,0.033164,1,0.020164
0.2,F2_p50,0.010948,0.0842,ACT,0.010948,0.013,0.033164,1,0.020164
0.2,F2_p50,0.010948,0.0852,ACT,0.010948,0.013,0.033164,1,0.020164
0.2,F2_p50,0.010948,0.0862,ACT,0.010948,0.013,0.033164,1,0.020164
0.2,F2_p50,0.010948,0.0872,ACT,0.010948,0.013,0.033164,1,0.020164
0.2,F2_p50,0.010948,0.0882,ACT,0.010948,0.013,0.033164,1,0.020164
0.2,F2_p50,0.010948,0.0892,ACT,0.010948,0.013,0.033164,1,0.020164
0.2,F2_p50,0.010948,0.0902,ACT,0.010948,0.013,0.033164,1,0.020164
0.2,F2_p50,0.010948,0.0912,ACT,0.010948,0.013,0.033164,1,0.020164
0.2,F2_p50,0.010948,0.0922,ACT,0.010948,0.013,0.033164,1,0.020164
0.2,F2_p50,0.010948,0.0932,ACT,0.010948,0.013,0.033164,1,0.020164
0.2,F2_p50,0.010948,0.0942,ACT,0.010948,0.013,0.033164,1,0.020164
0.2,F2_p50,0.010948,0.0952,ACT,0.010948,0.013,0.033164,1,0.020164
0.2,F2_p50,0.010948,0.0962,ACT,0.010948,0.013,0.033164,1,0.020164
0.2,F2_p50,0.010948,0.0972,ACT,0.010948,0.013,0.033164,1,0.020164
0.2,F2_p50,0.010948,0.0982,ACT,0.010948,0.013,0.033164,1,0.020164
0.2,F2_p50,0.010948,0.0992,ACT,0.010948,0.013,0.033164,1,0.020164
0.2,F2_p50,0.010948,0.1002,ACT,0.010948,0.013,0.033164,1,0.020164
0.2,F2_p50,0.010948,0.1012,ACT,0.010948,0.013,0.033164,1,0.020164
0.2,F2_p50,0.010948,0.1022,ACT,0.010948,0.013,0.033164,1,0.020164
0.2,F2_p50,0.010948,0.1032,ACT,0.010948,0.013,0.033164,1,0.020164
0.2,F2_p50,0.010948,0.1042,ACT,0.010948,0.013,0.033164,1,0.020164
0.2,F2_p50,0.010948,0.1052,ACT,0.010948,0.013,0.033164,1,0.020164
0.2,F2_p50,0.010948,0.1062,ACT,0.010948,0.013,0.033164,1,0.020164
0.2,F2_p50,0.010948,0.1072,ACT,0.010948,0.013,0.033164,1,0.020164
0.2,F2_p50,0.010948,0.1082,ACT,0.010948,0.013,0.033164,1,0.020164
0.2,F2_p50,0.010948,0.1092,ACT,0.010948,0.013,0.033164,1,0.020164
0.2,F2_p50,0.010948,0.1102,ACT,0.010948,0.013,0.033164,1,0.020164
0.2,F2_p50,0.010948,0.1112,ACT,0.010948,0.013,0.033164,1,0.020164
0.2,F2_p50,0.010948,0.1122,ACT,0.010948,0.013,0.033164,1,0.020164
0.2,F2_p50,0.010948,0.1132,ACT,0.010948,0.013,0.033164,1,0.020164
0.2,F2_p50,0.010948,0.1142,ACT,0.010948,0.013,0.033164,1,0.020164
0.2,F2_p50,0.010948,0.1152,ACT,0.010948,0.013,0.033164,1,0.020164
0.2,F2_p50,0.010948,0.1162,ACT,0.010948,0.013,0.033164,1,0.020164
0.2,F2_p50,0.010948,0.1172,ACT,0.010948,0.013,0.033164,1,0.020164
0.2,F2_p50,0.010948,0.1182,ACT,0.010948,0.013,0.033164,1,0.020164
0.2,F2_p50,0.010948,0.1192,ACT,0.010948,0.013,0.033164,1,0.020164
0.2,F2_p50,0.010948,0.1202,ACT,0.010948,0.013,0.033164,1,0.020164
0.2,F2_p50,0.010948,0.1212,ACT,0.010948,0.013,0.033164,1,0.020164
0.2,F2_p50,0.010948,0.1222,ACT,0.010948,0.013,0.033164,1,0.020164
0.2,F2_p50,0.010948,0.1232,ACT,0.010948,0.013,0.033164,1,0.020164
0.2,F2_p50,0.010948,0.1242,ACT,0.010948,0.013,0.033164,1,0.020164
0.2,F2_p50,0.010948,0.1253,ACT,0.010948,0.013,0.033164,1,0.020164
0.2,F2_p50,0.010948,0.1263,ACT,0.010948,0.013,0.033164,1,0.020164
0.2,F2_p50,0.010948,0.1273,ACT,0.010948,0.013,0.033164,1,0.020164
0.2,F2_p50,0.010948,0.1283,ACT,0.010948,0.013,0.033164,1,0.020164
0.2,F2_p50,0.010948,0.1293,ACT,0.010948,0.013,0.033164,1,0.020164
0.2,F2_p50,0.010948,0.1303,ACT,0.010948,0.013,0.033164,1,0.020164
0.2,F2_p50,0.010948,0.1313,ACT,0.010948,0.013,0.033164,1,0.020164
0.2,F2_p50,0.010948,0.1323,ACT,0.010948,0.013,0.033164,1,0.020164
0.2,F2_p50,0.010948,0.1333,ACT,0.010948,0.013,0.033164,1,0.020164
0.2,F2_p50,0.010948,0.1343,ACT,0.010948,0.013,0.033164,1,0.020164
0.2,F2_p50,0.010948,0.1353,ACT,0.010948,0.013,0.033164,1,0.020164
0.2,F2_p50,0.010948,0.1363,ACT,0.010948,0.013,0.033164,1,0.020164
0.2,F2_p50,0.010948,0.1373,ACT,0.010948,0.013,0.033164,1,0.020164
0.2,F2_p50,0.010948,0.1383,ACT,0.010948,0.013,0.033164,1,0.020164
0.2,F2_p50,0.010948,0.1393,ACT,0.010948,0.013,0.033164,1,0.020164
0.2,F2_p50,0.010948,0.1403,ACT,0.010948,0.013,0.033164,1,0.020164
0.2,F2_p50,0.010948,0.1413,ACT,0.010948,0.013,0.033164,1,0.020164
0.2,F2_p50,0.010948,0.1423,ACT,0.010948,0.013,0.033164,1,0.020164
0.2,F2_p50,0.010948,0.1433,ACT,0.010948,0.013,0.033164,1,0.020164
0.2,F2_p50,0.010948,0.1443,ACT,0.010948,0.013,0.033164,1,0.020164
0.2,F2_p50,0.010948,0.1453,ACT,0.010948,0.013,0.033164,1,0.020164
0.2,F2_p50,0.010948,0.1463,ACT,0.010948,0.013,0.033164,1,0.020164
0.2,F2_p50,0.010948,0.1473,ACT,0.010948,0.013,0.033164,1,0.020164
0.2,F2_p50,0.010948,0.1483,ACT,0.010948,0.013,0.033164,1,0.020164
0.2,F2_p50,0.010948,0.1493,ACT,0.010948,0.013,0.033164,1,0.020164
0.2,F2_p50,0.010948,0.1503,ACT,0.010948,0.013,0.033164,1,0.020164
0.2,F2_p50,0.010948,0.1513,ACT,0.010948,0.013,0.033164,1,0.020164
0.2,F2_p50,0.010948,0.1523,ACT,0.010948,0.013,0.033164,1,0.020164
0.2,F2_p50,0.010948,0.1533,ACT,0.010948,0.013,0.033164,1,0.020164
0.2,F2_p50,0.010948,0.1543,ACT,0.010948,0.013,0.033164,1,0.020164
0.2,F2_p50,0.010948,0.1553,ACT,0.010948,0.013,0.033164,1,0.020164
0.2,F2_p50,0.010948,0.1563,ACT,0.010948,0.013,0.033164,1,0.020164
0.2,F2_p50,0.010948,0.1573,ACT,0.010948,0.013,0.033164,1,0.020164
0.2,F2_p50,0.010948,0.1583,ACT,0.010948,0.013,0.033164,1,0.020164
0.2,F2_p50,0.010948,0.1593,ACT,0.010948,0.013,0.033164,1,0.020164
0.2,F2_p50,0.010948,0.1603,ACT,0.010948,0.013,0.033164,1,0.020164
0.2,F2_p50,0.010948,0.1613,ACT,0.010948,0.013,0.033164,1,0.020164
0.2,F2_p50,0.010948,0.1623,ACT,0.010948,0.013,0.033164,1,0.020164
0.2,F2_p50,0.010948,0.1633,ACT,0.010948,0.013,0.033164,1,0.020164
0.2,F2_p50,0.010948,0.1643,ACT,0.010948,0.013,0.033164,1,0.020164
0.2,F2_p50,0.010948,0.1653,ACT,0.010948,0.013,0.033164,1,0.020164
0.2,F2_p50,0.010948,0.1663,ACT,0.010948,0.013,0.033164,1,0.020164
0.2,F2_p50,0.010948,0.1673,ACT,0.010948,0.013,0.033164,1,0.020164
0.2,F2_p50,0.010948,0.1683,ACT,0.010948,0.013,0.033164,1,0.020164
0.2,F2_p50,0.010948,0.1693,ACT,0.010948,0.013,0.033164,1,0.020164
0.2,F2_p50,0.010948,0.1703,ACT,0.010948,0.013,0.033164,1,0.020164
0.2,F2_p50,0.010948,0.1713,ACT,0.010948,0.013,0.033164,1,0.020164
0.2,F2_p50,0.010948,0.1723,ACT,0.010948,0.013,0.033164,1,0.020164
0.2,F2_p50,0.010948,0.1733,ACT,0.010948,0.013,0.033164,1,0.020164
0.2,F2_p50,0.010948,0.1743,ACT,0.010948,0.013,0.033164,1,0.020164
0.2,F2_p50,0.010948,0.1754,ACT,0.010948,0.013,0.033164,1,0.020164
0.2,F2_p50,0.010948,0.1764,ACT,0.010948,0.013,0.033164,1,0.020164
0.2,F2_p50,0.010948,0.1774,ACT,0.010948,0.013,0.033164,1,0.020164
0.2,F2_p50,0.010948,0.1784,ACT,0.010948,0.013,0.033164,1,0.020164
0.2,F2_p50,0.010948,0.1794,ACT,0.010948,0.013,0.033164,1,0.020164
0.2,F2_p50,0.010948,0.1804,ACT,0.010948,0.013,0.033164,1,0.020164
0.2,F2_p50,0.010948,0.1814,ACT,0.010948,0.013,0.033164,1,0.020164
0.2,F2_p50,0.010948,0.1824,ACT,0.010948,0.013,0.033164,1,0.020164
0.2,F2_p50,0.010948,0.1834,ACT,0.010948,0.013,0.033164,1,0.020164
0.2,F2_p50,0.010948,0.1844,ACT,0.010948,0.013,0.033164,1,0.020164
0.2,F2_p50,0.010948,0.1854,ACT,0.010948,0.013,0.033164,1,0.020164
0.2,F2_p50,0.010948,0.1864,ACT,0.010948,0.013,0.033164,1,0.020164
0.2,F2_p50,0.010948,0.1874,ACT,0.010948,0.013,0.033164,1,0.020164
0.2,F2_p50,0.010948,0.1884,ACT,0.010948,0.013,0.033164,1,0.020164
0.2,F2_p50,0.010948,0.1894,ACT,0.010948,0.013,0.033164,1,0.020164
0.2,F2_p50,0.010948,0.1904,ACT,0.010948,0.013,0.033164,1,0.020164
0.2,F2_p50,0.010948,0.1914,ACT,0.010948,0.013,0.033164,1,0.020164
0.2,F2_p50,0.010948,0.1924,ACT,0.010948,0.013,0.033164,1,0.020164
0.2,F2_p50,0.010948,0.1934,ACT,0.010948,0.013,0.033164,1,0.020164
0.2,F2_p50,0.010948,0.1944,ACT,0.010948,0.013,0.033164,1,0.020164
0.2,F2_p50,0.010948,0.1954,ACT,0.010948,0.013,0.033164,1,0.020164
0.2,F2_p50,0.010948,0.1964,ACT,0.010948,0.013,0.033164,1,0.020164
0.2,F2_p50,0.010948,0.1974,ACT,0.010948,0.013,0.033164,1,0.020164
0.2,F2_p50,0.010948,0.1984,ACT,0.010948,0.013,0.033164,1,0.020164
0.2,F2_p50,0.010948,0.1994,ACT,0.010948,0.013,0.033164,1,0.020164
0.2,F2_p50,0.010948,0.2004,ACT,0.010948,0.013,0.033164,1,0.020164
0.2,F2_p50,0.010948,0.2014,ACT,0.010948,0.013,0.033164,1,0.020164
0.2,F2_p50,0.010948,0.2024,ACT,0.010948,0.013,0.033164,1,0.020164
0.2,F2_p50,0.010948,0.2034,ACT,0.010948,0.013,0.033164,1,0.020164
0.2,F2_p50,0.010948,0.2044,ACT,0.010948,0.013,0.033164,1,0.020164
0.2,F2_p50,0.010948,0.2054,ACT,0.010948,0.013,0.033164,1,0.020164
0.2,F2_p50,0.010948,0.2064,ACT,0.010948,0.013,0.033164,1,0.020164
0.2,F2_p50,0.010948,0.2074,ACT,0.010948,0.013,0.033164,1,0.020164
0.2,F2_p50,0.010948,0.2084,ACT,0.010948,0.013,0.033164,1,0.020164
0.2,F2_p50,0.010948,0.2094,ACT,0.010948,0.013,0.033164,1,0.020164
0.2,F2_p50,0.010948,0.2104,ACT,0.010948,0.013,0.033164,1,0.020164
0.2,F2_p50,0.010948,0.2114,ACT,0.010948,0.013,0.033164,1,0.020164
0.2,F2_p50,0.010948,0.2124,ACT,0.010948,0.013,0.033164,1,0.020164
0.2,F2_p50,0.010948,0.2134,ACT,0.010948,0.013,0.033164,1,0.020164
0.2,F2_p50,0.010948,0.2144,ACT,0.010948,0.013,0.033164,1,0.020164
0.2,F2_p50,0.010948,0.2154,ACT,0.010948,0.013,0.033164,1,0.020164
0.2,F2_p50,0.010948,0.2164,ACT,0.010948,0.013,0.033164,1,0.020164
0.2,F2_p50,0.010948,0.2174,ACT,0.010948,0.013,0.033164,1,0.020164
0.2,F2_p50,0.010948,0.2184,ACT,0.010948,0.013,0.033164,1,0.020164
0.2,F2_p50,0.010948,0.2194,ACT,0.010948,0.013,0.033164,1,0.020164
0.2,F2_p50,0.010948,0.2204,ACT,0.010948,0.013,0.033164,1,0.020164
0.2,F2_p50,0.010948,0.2214,ACT,0.010948,0.013,0.033164,1,0.020164
0.2,F2_p50,0.010948,0.2224,ACT,0.010948,0.013,0.033164,1,0.020164
0.2,F2_p50,0.010948,0.2234,ACT,0.010948,0.013,0.033164,1,0.020164
0.2,F2_p50,0.010948,0.2244,ACT,0.010948,0.013,0.033164,1,0.020164
0.2,F2_p50,0.010948,0.2255,ACT,0.010948,0.013,0.033164,1,0.020164
0.2,F2_p50,0.010948,0.2265,ACT,0.010948,0.013,0.033164,1,0.020164
0.2,F2_p50,0.010948,0.2275,ACT,0.010948,0.013,0.033164,1,0.020164
0.2,F2_p50,0.010948,0.2285,ACT,0.010948,0.013,0.033164,1,0.020164
0.2,F2_p50,0.010948,0.2295,ACT,0.010948,0.013,0.033164,1,0.020164
0.2,F2_p50,0.010948,0.2305,ACT,0.010948,0.013,0.033164,1,0.020164
0.2,F2_p50,0.010948,0.2315,ACT,0.010948,0.013,0.033164,1,0.020164
0.2,F2_p50,0.010948,0.2325,ACT,0.010948,0.013,0.033164,1,0.020164
0.2,F2_p50,0.010948,0.2335,ACT,0.010948,0.013,0.033164,1,0.020164
0.2,F2_p50,0.010948,0.2345,ACT,0.010948,0.013,0.033164,1,0.020164
0.2,F2_p50,0.010948,0.2355,ACT,0.010948,0.013,0.033164,1,0.020164
0.2,F2_p50,0.010948,0.2365,ACT,0.010948,0.013,0.033164,1,0.020164
0.2,F2_p50,0.010948,0.2375,ACT,0.010948,0.013,0.033164,1,0.020164
0.2,F2_p50,0.010948,0.2385,ACT,0.010948,0.013,0.033164,1,0.020164
0.2,F2_p50,0.010948,0.2395,ACT,0.010948,0.013,0.033164,1,0.020164
0.2,F2_p50,0.010948,0.2405,ACT,0.010948,0.013,0.033164,1,0.020164
0.2,F2_p50,0.010948,0.2415,ACT,0.010948,0.013,0.033164,1,0.020164
0.2,F2_p50,0.010948,0.2425,ACT,0.010948,0.013,0.033164,1,0.020164
0.2,F2_p50,0.010948,0.2435,ACT,0.010948,0.013,0.033164,1,0.020164
0.2,F2_p50,0.010948,0.2445,ACT,0.010948,0.013,0.033164,1,0.020164
0.2,F2_p50,0.010948,0.2455,ACT,0.010948,0.013,0.033164,1,0.020164
0.2,F2_p50,0.010948,0.2465,ACT,0.010948,0.013,0.033164,1,0.020164
0.2,F2_p50,0.010948,0.2475,ACT,0.010948,0.013,0.033164,1,0.020164
0.2,F2_p50,0.010948,0.2485,ACT,0.010948,0.013,0.033164,1,0.020164
0.2,F2_p50,0.010948,0.2495,ACT,0.010948,0.013,0.033164,1,0.020164
0.2,F2_p50,0.010948,0.2505,ACT,0.010948,0.013,0.033164,1,0.020164
0.2,F2_p50,0.010948,0.2515,ACT,0.010948,0.013,0.033164,1,0.020164
0.2,F2_p50,0.010948,0.2525,ACT,0.010948,0.013,0.033164,1,0.020164
0.2,F2_p50,0.010948,0.2535,ACT,0.010948,0.013,0.033164,1,0.020164
0.2,F2_p50,0.010948,0.2545,ACT,0.010948,0.013,0.033164,1,0.020164
0.2,F2_p50,0.010948,0.2555,ACT,0.010948,0.013,0.033164,1,0.020164
0.2,F2_p50,0.010948,0.2565,ACT,0.010948,0.013,0.033164,1,0.020164
0.2,F2_p50,0.010948,0.2575,ACT,0.010948,0.013,0.033164,1,0.020164
0.2,F2_p50,0.010948,0.2585,ACT,0.010948,0.013,0.033164,1,0.020164
0.2,F2_p50,0.010948,0.2595,ACT,0.010948,0.013,0.033164,1,0.020164
0.2,F2_p50,0.010948,0.2605,ACT,0.010948,0.013,0.033164,1,0.020164
0.2,F2_p50,0.010948,0.2615,ACT,0.010948,0.013,0.033164,1,0.020164
0.2,F2_p50,0.010948,0.2625,ACT,0.010948,0.013,0.033164,1,0.020164
0.2,F2_p50,0.010948,0.2635,ACT,0.010948,0.013,0.033164,1,0.020164
0.2,F2_p50,0.010948,0.2645,ACT,0.010948,0.013,0.033164,1,0.020164
0.2,F2_p50,0.010948,0.2655,ACT,0.010948,0.013,0.033164,1,0.020164
0.2,F2_p50,0.010948,0.2665,ACT,0.010948,0.013,0.033164,1,0.020164
0.2,F2_p50,0.010948,0.2675,ACT,0.010948,0.013,0.033164,1,0.020164
0.2,F2_p50,0.010948,0.2685,ACT,0.010948,0.013,0.033164,1,0.020164
0.2,F2_p50,0.010948,0.2695,ACT,0.010948,0.013,0.033164,1,0.020164
0.2,F2_p50,0.010948,0.2705,ACT,0.010948,0.013,0.033164,1,0.020164
0.2,F2_p50,0.010948,0.2715,ACT,0.010948,0.013,0.033164,1,0.020164
0.2,F2_p50,0.010948,0.2725,ACT,0.010948,0.013,0.033164,1,0.020164
0.2,F2_p50,0.010948,0.2735,ACT,0.010948,0.013,0.033164,1,0.020164
0.2,F2_p50,0.010948,0.2745,ACT,0.010948,0.013,0.033164,1,0.020164
0.2,F2_p50,0.010948,0.2756,ACT,0.010948,0.013,0.033164,1,0.020164
0.2,F2_p50,0.010948,0.2766,ACT,0.010948,0.013,0.033164,1,0.020164
0.2,F2_p50,0.010948,0.2776,ACT,0.010948,0.013,0.033164,1,0.020164
0.2,F2_p50,0.010948,0.2786,ACT,0.010948,0.013,0.033164,1,0.020164
0.2,F2_p50,0.010948,0.2796,ACT,0.010948,0.013,0.033164,1,0.020164
0.2,F2_p50,0.010948,0.2806,ACT,0.010948,0.013,0.033164,1,0.020164
0.2,F2_p50,0.010948,0.2816,ACT,0.010948,0.013,0.033164,1,0.020164
0.2,F2_p50,0.010948,0.2826,ACT,0.010948,0.013,0.033164,1,0.020164
0.2,F2_p50,0.010948,0.2836,ACT,0.010948,0.013,0.033164,1,0.020164
0.2,F2_p50,0.010948,0.2846,ACT,0.010948,0.013,0.033164,1,0.020164
0.2,F2_p50,0.010948,0.2856,ACT,0.010948,0.013,0.033164,1,0.020164
0.2,F2_p50,0.010948,0.2866,ACT,0.010948,0.013,0.033164,1,0.020164
0.2,F2_p50,0.010948,0.2876,ACT,0.010948,0.013,0.033164,1,0.020164
0.2,F2_p50,0.010948,0.2886,ACT,0.010948,0.013,0.033164,1,0.020164
0.2,F2_p50,0.010948,0.2896,ACT,0.010948,0.013,0.033164,1,0.020164
0.2,F2_p50,0.010948,0.2906,ACT,0.010948,0.013,0.033164,1,0.020164
0.2,F2_p50,0.010948,0.2916,ACT,0.010948,0.013,0.033164,1,0.020164
0.2,F2_p50,0.010948,0.2926,ACT,0.010948,0.013,0.033164,1,0.020164
0.2,F2_p50,0.010948,0.2936,ACT,0.010948,0.013,0.033164,1,0.020164
0.2,F2_p50,0.010948,0.2946,ACT,0.010948,0.013,0.033164,1,0.020164
0.2,F2_p50,0.010948,0.2956,ACT,0.010948,0.013,0.033164,1,0.020164
0.2,F2_p50,0.010948,0.2966,ACT,0.010948,0.013,0.033164,1,0.020164
0.2,F2_p50,0.010948,0.2976,ACT,0.010948,0.013,0.033164,1,0.020164
0.2,F2_p50,0.010948,0.2986,ACT,0.010948,0.013,0.033164,1,0.020164
0.2,F2_p50,0.010948,0.2996,ACT,0.010948,0.013,0.033164,1,0.020164
0.2,F2_p50,0.010948,0.3006,ACT,0.010948,0.013,0.033164,1,0.020164
0.2,F2_p50,0.010948,0.3016,ACT,0.010948,0.013,0.033164,1,0.020164
0.2,F2_p50,0.010948,0.3026,ACT,0.010948,0.013,0.033164,1,0.020164
0.2,F2_p50,0.010948,0.3036,ACT,0.010948,0.013,0.033164,1,0.020164
0.2,F2_p50,0.010948,0.3046,ACT,0.010948,0.013,0.033164,1,0.020164
0.2,F2_p50,0.010948,0.3056,ACT,0.010948,0.013,0.033164,1,0.020164
0.2,F2_p50,0.010948,0.3066,ACT,0.010948,0.013,0.033164,1,0.020164
0.2,F2_p50,0.010948,0.3076,ACT,0.010948,0.013,0.033164,1,0.020164
0.2,F2_p50,0.010948,0.3086,ACT,0.010948,0.013,0.033164,1,0.020164
0.2,F2_p50,0.010948,0.3096,ACT,0.010948,0.013,0.033164,1,0.020164
0.2,F2_p50,0.010948,0.3106,ACT,0.010948,0.013,0.033164,1,0.020164
0.2,F2_p50,0.010948,0.3116,ACT,0.010948,0.013,0.033164,1,0.020164
0.2,F2_p50,0.010948,0.3126,ACT,0.010948,0.013,0.033164,1,0.020164
0.2,F2_p50,0.010948,0.3136,ACT,0.010948,0.013,0.033164,1,0.020164
0.2,F2_p50,0.010948,0.3146,ACT,0.010948,0.013,0.033164,1,0.020164
0.2,F2_p50,0.010948,0.3156,ACT,0.010948,0.013,0.033164,1,0.020164
0.2,F2_p50,0.010948,0.3166,ACT,0.010948,0.013,0.033164,1,0.020164
0.2,F2_p50,0.010948,0.3176,ACT,0.010948,0.013,0.033164,1,0.020164
0.2,F2_p50,0.010948,0.3186,ACT,0.010948,0.013,0.033164,1,0.020164
0.2,F2_p50,0.010948,0.3196,ACT,0.010948,0.013,0.033164,1,0.020164
0.2,F2_p50,0.010948,0.3206,ACT,0.010948,0.013,0.033164,1,0.020164
0.2,F2_p50,0.010948,0.3216,ACT,0.010948,0.013,0.033164,1,0.020164
0.2,F2_p50,0.010948,0.3226,ACT,0.010948,0.013,0.033164,1,0.020164
0.2,F2_p50,0.010948,0.3236,ACT,0.010948,0.013,0.033164,1,0.020164
0.2,F2_p50,0.010948,0.3246,ACT,0.010948,0.013,0.033164,1,0.020164
0.2,F2_p50,0.010948,0.3257,ACT,0.010948,0.013,0.033164,1,0.020164
0.2,F2_p50,0.010948,0.3267,ACT,0.010948,0.013,0.033164,1,0.020164
0.2,F2_p50,0.010948,0.3277,ACT,0.010948,0.013,0.033164,1,0.020164
0.2,F2_p50,0.010948,0.3287,ACT,0.010948,0.013,0.033164,1,0.020164
0.2,F2_p50,0.010948,0.3297,ACT,0.010948,0.013,0.033164,1,0.020164
0.2,F2_p50,0.010948,0.3307,ACT,0.010948,0.013,0.033164,1,0.020164
0.2,F2_p50,0.010948,0.3317,ACT,0.010948,0.013,0.033164,1,0.020164
0.2,F2_p50,0.010948,0.3327,ACT,0.010948,0.013,0.033164,1,0.020164
0.2,F2_p50,0.010948,0.3337,ACT,0.010948,0.013,0.033164,1,0.020164
0.2,F2_p50,0.010948,0.3347,ACT,0.010948,0.013,0.033164,1,0.020164
0.2,F2_p50,0.010948,0.3357,ACT,0.010948,0.013,0.033164,1,0.020164
0.2,F2_p50,0.010948,0.3367,ACT,0.010948,0.013,0.033164,1,0.020164
0.2,F2_p50,0.010948,0.3377,ACT,0.010948,0.013,0.033164,1,0.020164
0.2,F2_p50,0.010948,0.3387,ACT,0.010948,0.013,0.033164,1,0.020164
0.2,F2_p50,0.010948,0.3397,ACT,0.010948,0.013,0.033164,1,0.020164
0.2,F2_p50,0.010948,0.3407,ACT,0.010948,0.013,0.033164,1,0.020164
0.2,F2_p50,0.010948,0.3417,ACT,0.010948,0.013,0.033164,1,0.020164
0.2,F2_p50,0.010948,0.3427,ACT,0.010948,0.013,0.033164,1,0.020164
0.2,F2_p50,0.010948,0.3437,ACT,0.010948,0.013,0.033164,1,0.020164
0.2,F2_p50,0.010948,0.3447,ACT,0.010948,0.013,0.033164,1,0.020164
0.2,F2_p50,0.010948,0.3457,ACT,0.010948,0.013,0.033164,1,0.020164
0.2,F2_p50,0.010948,0.3467,ACT,0.010948,0.013,0.033164,1,0.020164
0.2,F2_p50,0.010948,0.3477,ACT,0.010948,0.013,0.033164,1,0.020164
0.2,F2_p50,0.010948,0.3487,ACT,0.010948,0.013,0.033164,1,0.020164
0.2,F2_p50,0.010948,0.3497,ACT,0.010948,0.013,0.033164,1,0.020164
0.2,F2_p50,0.010948,0.3507,ACT,0.010948,0.013,0.033164,1,0.020164
0.2,F2_p50,0.010948,0.3517,ACT,0.010948,0.013,0.033164,1,0.020164
0.2,F2_p50,0.010948,0.3527,ACT,0.010948,0.013,0.033164,1,0.020164
0.2,F2_p50,0.010948,0.3537,ACT,0.010948,0.013,0.033164,1,0.020164
0.2,F2_p50,0.010948,0.3547,ACT,0.010948,0.013,0.033164,1,0.020164
0.2,F2_p50,0.010948,0.3557,ACT,0.010948,0.013,0.033164,1,0.020164
0.2,F2_p50,0.010948,0.3567,ACT,0.010948,0.013,0.033164,1,0.020164
0.2,F2_p50,0.010948,0.3577,ACT,0.010948,0.013,0.033164,1,0.020164
0.2,F2_p50,0.010948,0.3587,ACT,0.010948,0.013,0.033164,1,0.020164
0.2,F2_p50,0.010948,0.3597,ACT,0.010948,0.013,0.033164,1,0.020164
0.2,F2_p50,0.010948,0.3607,ACT,0.010948,0.013,0.033164,1,0.020164
0.2,F2_p50,0.010948,0.3617,ACT,0.010948,0.013,0.033164,1,0.020164
0.2,F2_p50,0.010948,0.3627,ACT,0.010948,0.013,0.033164,1,0.020164
0.2,F2_p50,0.010948,0.3637,ACT,0.010948,0.013,0.033164,1,0.020164
0.2,F2_p50,0.010948,0.3647,ACT,0.010948,0.013,0.033164,1,0.020164
0.2,F2_p50,0.010948,0.3657,ACT,0.010948,0.013,0.033164,1,0.020164
0.2,F2_p50,0.010948,0.3667,ACT,0.010948,0.013,0.033164,1,0.020164
0.2,F2_p50,0.010948,0.3677,ACT,0.010948,0.013,0.033164,1,0.020164
0.2,F2_p50,0.010948,0.3687,ACT,0.010948,0.013,0.033164,1,0.020164
0.2,F2_p50,0.010948,0.3697,ACT,0.010948,0.013,0.033164,1,0.020164
0.2,F2_p50,0.010948,0.3707,ACT,0.010948,0.013,0.033164,1,0.020164
0.2,F2_p50,0.010948,0.3717,ACT,0.010948,0.013,0.033164,1,0.020164
0.2,F2_p50,0.010948,0.3727,ACT,0.010948,0.013,0.033164,1,0.020164
0.2,F2_p50,0.010948,0.3737,ACT,0.010948,0.013,0.033164,1,0.020164
0.2,F2_p50,0.010948,0.3747,ACT,0.010948,0.013,0.033164,1,0.020164
0.2,F2_p50,0.010948,0.3758,ACT,0.010948,0.013,0.033164,1,0.020164
0.2,F2_p50,0.010948,0.3768,ACT,0.010948,0.013,0.033164,1,0.020164
0.2,F2_p50,0.010948,0.3778,ACT,0.010948,0.013,0.033164,1,0.020164
0.2,F2_p50,0.010948,0.3788,ACT,0.010948,0.013,0.033164,1,0.020164
0.2,F2_p50,0.010948,0.3798,ACT,0.010948,0.013,0.033164,1,0.020164
0.2,F2_p50,0.010948,0.3808,ACT,0.010948,0.013,0.033164,1,0.020164
0.2,F2_p50,0.010948,0.3818,ACT,0.010948,0.013,0.033164,1,0.020164
0.2,F2_p50,0.010948,0.3828,ACT,0.010948,0.013,0.033164,1,0.020164
0.2,F2_p50,0.010948,0.3838,ACT,0.010948,0.013,0.033164,1,0.020164
0.2,F2_p50,0.010948,0.3848,ACT,0.010948,0.013,0.033164,1,0.020164
0.2,F2_p50,0.010948,0.3858,ACT,0.010948,0.013,0.033164,1,0.020164
0.2,F2_p50,0.010948,0.3868,ACT,0.010948,0.013,0.033164,1,0.020164
0.2,F2_p50,0.010948,0.3878,ACT,0.010948,0.013,0.033164,1,0.020164
0.2,F2_p50,0.010948,0.3888,ACT,0.010948,0.013,0.033164,1,0.020164
0.2,F2_p50,0.010948,0.3898,ACT,0.010948,0.013,0.033164,1,0.020164
0.2,F2_p50,0.010948,0.3908,ACT,0.010948,0.013,0.033164,1,0.020164
0.2,F2_p50,0.010948,0.3918,ACT,0.010948,0.013,0.033164,1,0.020164
0.2,F2_p50,0.010948,0.3928,ACT,0.010948,0.013,0.033164,1,0.020164
0.2,F2_p50,0.010948,0.3938,ACT,0.010948,0.013,0.033164,1,0.020164
0.2,F2_p50,0.010948,0.3948,ACT,0.010948,0.013,0.033164,1,0.020164
0.2,F2_p50,0.010948,0.3958,ACT,0.010948,0.013,0.033164,1,0.020164
0.2,F2_p50,0.010948,0.3968,ACT,0.010948,0.013,0.033164,1,0.020164
0.2,F2_p50,0.010948,0.3978,ACT,0.010948,0.013,0.033164,1,0.020164
0.2,F2_p50,0.010948,0.3988,ACT,0.010948,0.013,0.033164,1,0.020164
0.2,F2_p50,0.010948,0.3998,ACT,0.010948,0.013,0.033164,1,0.020164
0.2,F2_p50,0.010948,0.4008,ACT,0.010948,0.013,0.033164,1,0.020164
0.2,F2_p50,0.010948,0.4018,ACT,0.010948,0.013,0.033164,1,0.020164
0.2,F2_p50,0.010948,0.4028,ACT,0.010948,0.013,0.033164,1,0.020164
0.2,F2_p50,0.010948,0.4038,ACT,0.010948,0.013,0.033164,1,0.020164
0.2,F2_p50,0.010948,0.4048,ACT,0.010948,0.013,0.033164,1,0.020164
0.2,F2_p50,0.010948,0.4058,ACT,0.010948,0.013,0.033164,1,0.020164
0.2,F2_p50,0.010948,0.4068,ACT,0.010948,0.013,0.033164,1,0.020164
0.2,F2_p50,0.010948,0.4078,ACT,0.010948,0.013,0.033164,1,0.020164
0.2,F2_p50,0.010948,0.4088,ACT,0.010948,0.013,0.033164,1,0.020164
0.2,F2_p50,0.010948,0.4098,ACT,0.010948,0.013,0.033164,1,0.020164
0.2,F2_p50,0.010948,0.4108,ACT,0.010948,0.013,0.033164,1,0.020164
0.2,F2_p50,0.010948,0.4118,ACT,0.010948,0.013,0.033164,1,0.020164
0.2,F2_p50,0.010948,0.4128,ACT,0.010948,0.013,0.033164,1,0.020164
0.2,F2_p50,0.010948,0.4138,ACT,0.010948,0.013,0.033164,1,0.020164
0.2,F2_p50,0.010948,0.4148,ACT,0.010948,0.013,0.033164,1,0.020164
0.2,F2_p50,0.010948,0.4158,ACT,0.010948,0.013,0.033164,1,0.020164
0.2,F2_p50,0.010948,0.4168,ACT,0.010948,0.013,0.033164,1,0.020164
0.2,F2_p50,0.010948,0.4178,ACT,0.010948,0.013,0.033164,1,0.020164
0.2,F2_p50,0.010948,0.4188,ACT,0.010948,0.013,0.033164,1,0.020164
0.2,F2_p50,0.010948,0.4198,ACT,0.010948,0.013,0.033164,1,0.020164
0.2,F2_p50,0.010948,0.4208,ACT,0.010948,0.013,0.033164,1,0.020164
0.2,F2_p50,0.010948,0.4218,ACT,0.010948,0.013,0.033164,1,0.020164
0.2,F2_p50,0.010948,0.4228,ACT,0.010948,0.013,0.033164,1,0.020164
0.2,F2_p50,0.010948,0.4238,ACT,0.010948,0.013,0.033164,1,0.020164
0.2,F2_p50,0.010948,0.4248,ACT,0.010948,0.013,0.033164,1,0.020164
0.2,F2_p50,0.010948,0.4259,ACT,0.010948,0.013,0.033164,1,0.020164
0.2,F2_p50,0.010948,0.4269,ACT,0.010948,0.013,0.033164,1,0.020164
0.2,F2_p50,0.010948,0.4279,ACT,0.010948,0.013,0.033164,1,0.020164
0.2,F2_p50,0.010948,0.4289,ACT,0.010948,0.013,0.033164,1,0.020164
0.2,F2_p50,0.010948,0.4299,ACT,0.010948,0.013,0.033164,1,0.020164
0.2,F2_p50,0.010948,0.4309,ACT,0.010948,0.013,0.033164,1,0.020164
0.2,F2_p50,0.010948,0.4319,ACT,0.010948,0.013,0.033164,1,0.020164
0.2,F2_p50,0.010948,0.4329,ACT,0.010948,0.013,0.033164,1,0.020164
0.2,F2_p50,0.010948,0.4339,ACT,0.010948,0.013,0.033164,1,0.020164
0.2,F2_p50,0.010948,0.4349,ACT,0.010948,0.013,0.033164,1,0.020164
0.2,F2_p50,0.010948,0.4359,ACT,0.010948,0.013,0.033164,1,0.020164
0.2,F2_p50,0.010948,0.4369,ACT,0.010948,0.013,0.033164,1,0.020164
0.2,F2_p50,0.010948,0.4379,ACT,0.010948,0.013,0.033164,1,0.020164
0.2,F2_p50,0.010948,0.4389,ACT,0.010948,0.013,0.033164,1,0.020164
0.2,F2_p50,0.010948,0.4399,ACT,0.010948,0.013,0.033164,1,0.020164
0.2,F2_p50,0.010948,0.4409,ACT,0.010948,0.013,0.033164,1,0.020164
0.2,F2_p50,0.010948,0.4419,ACT,0.010948,0.013,0.033164,1,0.020164
0.2,F2_p50,0.010948,0.4429,ACT,0.010948,0.013,0.033164,1,0.020164
0.2,F2_p50,0.010948,0.4439,ACT,0.010948,0.013,0.033164,1,0.020164
0.2,F2_p50,0.010948,0.4449,ACT,0.010948,0.013,0.033164,1,0.020164
0.2,F2_p50,0.010948,0.4459,ACT,0.010948,0.013,0.033164,1,0.020164
0.2,F2_p50,0.010948,0.4469,ACT,0.010948,0.013,0.033164,1,0.020164
0.2,F2_p50,0.010948,0.4479,ACT,0.010948,0.013,0.033164,1,0.020164
0.2,F2_p50,0.010948,0.4489,ACT,0.010948,0.013,0.033164,1,0.020164
0.2,F2_p50,0.010948,0.4499,ACT,0.010948,0.013,0.033164,1,0.020164
0.2,F2_p50,0.010948,0.4509,ACT,0.010948,0.013,0.033164,1,0.020164
0.2,F2_p50,0.010948,0.4519,ACT,0.010948,0.013,0.033164,1,0.020164
0.2,F2_p50,0.010948,0.4529,ACT,0.010948,0.013,0.033164,1,0.020164
0.2,F2_p50,0.010948,0.4539,ACT,0.010948,0.013,0.033164,1,0.020164
0.2,F2_p50,0.010948,0.4549,ACT,0.010948,0.013,0.033164,1,0.020164
0.2,F2_p50,0.010948,0.4559,ACT,0.010948,0.013,0.033164,1,0.020164
0.2,F2_p50,0.010948,0.4569,ACT,0.010948,0.013,0.033164,1,0.020164
0.2,F2_p50,0.010948,0.4579,ACT,0.010948,0.013,0.033164,1,0.020164
0.2,F2_p50,0.010948,0.4589,ACT,0.010948,0.013,0.033164,1,0.020164
0.2,F2_p50,0.010948,0.4599,ACT,0.010948,0.013,0.033164,1,0.020164
0.2,F2_p50,0.010948,0.4609,ACT,0.010948,0.013,0.033164,1,0.020164
0.2,F2_p50,0.010948,0.4619,ACT,0.010948,0.013,0.033164,1,0.020164
0.2,F2_p50,0.010948,0.4629,ACT,0.010948,0.013,0.033164,1,0.020164
0.2,F2_p50,0.010948,0.4639,ACT,0.010948,0.013,0.033164,1,0.020164
0.2,F2_p50,0.010948,0.4649,ACT,0.010948,0.013,0.033164,1,0.020164
0.2,F2_p50,0.010948,0.4659,ACT,0.010948,0.013,0.033164,1,0.020164
0.2,F2_p50,0.010948,0.4669,ACT,0.010948,0.013,0.033164,1,0.020164
0.2,F2_p50,0.010948,0.4679,ACT,0.010948,0.013,0.033164,1,0.020164
0.2,F2_p50,0.010948,0.4689,ACT,0.010948,0.013,0.033164,1,0.020164
0.2,F2_p50,0.010948,0.4699,ACT,0.010948,0.013,0.033164,1,0.020164
0.2,F2_p50,0.010948,0.4709,ACT,0.010948,0.013,0.033164,1,0.020164
0.2,F2_p50,0.010948,0.4719,ACT,0.010948,0.013,0.033164,1,0.020164
0.2,F2_p50,0.010948,0.4729,ACT,0.010948,0.013,0.033164,1,0.020164
0.2,F2_p50,0.010948,0.4739,ACT,0.010948,0.013,0.033164,1,0.020164
0.2,F2_p50,0.010948,0.4749,ACT,0.010948,0.013,0.033164,1,0.020164
0.2,F2_p50,0.010948,0.476,ACT,0.010948,0.013,0.033164,1,0.020164
0.2,F2_p50,0.010948,0.477,ACT,0.010948,0.013,0.033164,1,0.020164
0.2,F2_p50,0.010948,0.478,ACT,0.010948,0.013,0.033164,1,0.020164
0.2,F2_p50,0.010948,0.479,ACT,0.010948,0.013,0.033164,1,0.020164
0.2,F2_p50,0.010948,0.48,ACT,0.010948,0.013,0.033164,1,0.020164
0.2,F2_p50,0.010948,0.481,ACT,0.010948,0.013,0.033164,1,0.020164
0.2,F2_p50,0.010948,0.482,ACT,0.010948,0.013,0.033164,1,0.020164
0.2,F2_p50,0.010948,0.483,ACT,0.010948,0.013,0.033164,1,0.020164
0.2,F2_p50,0.010948,0.484,ACT,0.010948,0.013,0.033164,1,0.020164
0.2,F2_p50,0.010948,0.485,ACT,0.010948,0.013,0.033164,1,0.020164
0.2,F2_p50,0.010948,0.486,ACT,0.010948,0.013,0.033164,1,0.020164
0.2,F2_p50,0.010948,0.487,ACT,0.010948,0.013,0.033164,1,0.020164
0.2,F2_p50,0.010948,0.488,ACT,0.010948,0.013,0.033164,1,0.020164
0.2,F2_p50,0.010948,0.489,ACT,0.010948,0.013,0.033164,1,0.020164
0.2,F2_p50,0.010948,0.49,ACT,0.010948,0.013,0.033164,1,0.020164
0.2,F2_p50,0.010948,0.491,ACT,0.010948,0.013,0.033164,1,0.020164
0.2,F2_p50,0.010948,0.492,ACT,0.010948,0.013,0.033164,1,0.020164
0.2,F2_p50,0.010948,0.493,ACT,0.010948,0.013,0.033164,1,0.020164
0.2,F2_p50,0.010948,0.494,ACT,0.010948,0.013,0.033164,1,0.020164
0.2,F2_p50,0.010948,0.495,ACT,0.010948,0.013,0.033164,1,0.020164
0.2,F2_p50,0.010948,0.496,ACT,0.010948,0.013,0.033164,1,0.020164
0.2,F2_p50,0.010948,0.497,ACT,0.010948,0.013,0.033164,1,0.020164
0.2,F2_p50,0.010948,0.498,ACT,0.010948,0.013,0.033164,1,0.020164
0.2,F2_p50,0.010948,0.499,ACT,0.010948,0.013,0.033164,1,0.020164
0.2,F2_p50,0.010948,0.5,ACT,0.010948,0.013,0.033164,1,0.020164
0.2,F3_p75,0.018985,0.0,REFUSE,0.018985,0.013,0.033164,1,0.020164
0.2,F3_p75,0.018985,0.001,REFUSE,0.018985,0.013,0.033164,1,0.020164
0.2,F3_p75,0.018985,0.002,REFUSE,0.018985,0.013,0.033164,1,0.020164
0.2,F3_p75,0.018985,0.003,REFUSE,0.018985,0.013,0.033164,1,0.020164
0.2,F3_p75,0.018985,0.004,REFUSE,0.018985,0.013,0.033164,1,0.020164
0.2,F3_p75,0.018985,0.005,REFUSE,0.018985,0.013,0.033164,1,0.020164
0.2,F3_p75,0.018985,0.006,REFUSE,0.018985,0.013,0.033164,1,0.020164
0.2,F3_p75,0.018985,0.007,REFUSE,0.018985,0.013,0.033164,1,0.020164
0.2,F3_p75,0.018985,0.008,REFUSE,0.018985,0.013,0.033164,1,0.020164
0.2,F3_p75,0.018985,0.009,REFUSE,0.018985,0.013,0.033164,1,0.020164
0.2,F3_p75,0.018985,0.01,REFUSE,0.018985,0.013,0.033164,1,0.020164
0.2,F3_p75,0.018985,0.011,REFUSE,0.018985,0.013,0.033164,1,0.020164
0.2,F3_p75,0.018985,0.012,REFUSE,0.018985,0.013,0.033164,1,0.020164
0.2,F3_p75,0.018985,0.013,REFUSE,0.018985,0.013,0.033164,1,0.020164
0.2,F3_p75,0.018985,0.014,REFUSE,0.018985,0.013,0.033164,1,0.020164
0.2,F3_p75,0.018985,0.015,REFUSE,0.018985,0.013,0.033164,1,0.020164
0.2,F3_p75,0.018985,0.016,REFUSE,0.018985,0.013,0.033164,1,0.020164
0.2,F3_p75,0.018985,0.017,REFUSE,0.018985,0.013,0.033164,1,0.020164
0.2,F3_p75,0.018985,0.018,REFUSE,0.018985,0.013,0.033164,1,0.020164
0.2,F3_p75,0.018985,0.019,ACT,0.018985,0.013,0.033164,1,0.020164
0.2,F3_p75,0.018985,0.02,ACT,0.018985,0.013,0.033164,1,0.020164
0.2,F3_p75,0.018985,0.021,ACT,0.018985,0.013,0.033164,1,0.020164
0.2,F3_p75,0.018985,0.022,ACT,0.018985,0.013,0.033164,1,0.020164
0.2,F3_p75,0.018985,0.023,ACT,0.018985,0.013,0.033164,1,0.020164
0.2,F3_p75,0.018985,0.024,ACT,0.018985,0.013,0.033164,1,0.020164
0.2,F3_p75,0.018985,0.0251,ACT,0.018985,0.013,0.033164,1,0.020164
0.2,F3_p75,0.018985,0.0261,ACT,0.018985,0.013,0.033164,1,0.020164
0.2,F3_p75,0.018985,0.0271,ACT,0.018985,0.013,0.033164,1,0.020164
0.2,F3_p75,0.018985,0.0281,ACT,0.018985,0.013,0.033164,1,0.020164
0.2,F3_p75,0.018985,0.0291,ACT,0.018985,0.013,0.033164,1,0.020164
0.2,F3_p75,0.018985,0.0301,ACT,0.018985,0.013,0.033164,1,0.020164
0.2,F3_p75,0.018985,0.0311,ACT,0.018985,0.013,0.033164,1,0.020164
0.2,F3_p75,0.018985,0.0321,ACT,0.018985,0.013,0.033164,1,0.020164
0.2,F3_p75,0.018985,0.0331,ACT,0.018985,0.013,0.033164,1,0.020164
0.2,F3_p75,0.018985,0.0341,ACT,0.018985,0.013,0.033164,1,0.020164
0.2,F3_p75,0.018985,0.0351,ACT,0.018985,0.013,0.033164,1,0.020164
0.2,F3_p75,0.018985,0.0361,ACT,0.018985,0.013,0.033164,1,0.020164
0.2,F3_p75,0.018985,0.0371,ACT,0.018985,0.013,0.033164,1,0.020164
0.2,F3_p75,0.018985,0.0381,ACT,0.018985,0.013,0.033164,1,0.020164
0.2,F3_p75,0.018985,0.0391,ACT,0.018985,0.013,0.033164,1,0.020164
0.2,F3_p75,0.018985,0.0401,ACT,0.018985,0.013,0.033164,1,0.020164
0.2,F3_p75,0.018985,0.0411,ACT,0.018985,0.013,0.033164,1,0.020164
0.2,F3_p75,0.018985,0.0421,ACT,0.018985,0.013,0.033164,1,0.020164
0.2,F3_p75,0.018985,0.0431,ACT,0.018985,0.013,0.033164,1,0.020164
0.2,F3_p75,0.018985,0.0441,ACT,0.018985,0.013,0.033164,1,0.020164
0.2,F3_p75,0.018985,0.0451,ACT,0.018985,0.013,0.033164,1,0.020164
0.2,F3_p75,0.018985,0.0461,ACT,0.018985,0.013,0.033164,1,0.020164
0.2,F3_p75,0.018985,0.0471,ACT,0.018985,0.013,0.033164,1,0.020164
0.2,F3_p75,0.018985,0.0481,ACT,0.018985,0.013,0.033164,1,0.020164
0.2,F3_p75,0.018985,0.0491,ACT,0.018985,0.013,0.033164,1,0.020164
0.2,F3_p75,0.018985,0.0501,ACT,0.018985,0.013,0.033164,1,0.020164
0.2,F3_p75,0.018985,0.0511,ACT,0.018985,0.013,0.033164,1,0.020164
0.2,F3_p75,0.018985,0.0521,ACT,0.018985,0.013,0.033164,1,0.020164
0.2,F3_p75,0.018985,0.0531,ACT,0.018985,0.013,0.033164,1,0.020164
0.2,F3_p75,0.018985,0.0541,ACT,0.018985,0.013,0.033164,1,0.020164
0.2,F3_p75,0.018985,0.0551,ACT,0.018985,0.013,0.033164,1,0.020164
0.2,F3_p75,0.018985,0.0561,ACT,0.018985,0.013,0.033164,1,0.020164
0.2,F3_p75,0.018985,0.0571,ACT,0.018985,0.013,0.033164,1,0.020164
0.2,F3_p75,0.018985,0.0581,ACT,0.018985,0.013,0.033164,1,0.020164
0.2,F3_p75,0.018985,0.0591,ACT,0.018985,0.013,0.033164,1,0.020164
0.2,F3_p75,0.018985,0.0601,ACT,0.018985,0.013,0.033164,1,0.020164
0.2,F3_p75,0.018985,0.0611,ACT,0.018985,0.013,0.033164,1,0.020164
0.2,F3_p75,0.018985,0.0621,ACT,0.018985,0.013,0.033164,1,0.020164
0.2,F3_p75,0.018985,0.0631,ACT,0.018985,0.013,0.033164,1,0.020164
0.2,F3_p75,0.018985,0.0641,ACT,0.018985,0.013,0.033164,1,0.020164
0.2,F3_p75,0.018985,0.0651,ACT,0.018985,0.013,0.033164,1,0.020164
0.2,F3_p75,0.018985,0.0661,ACT,0.018985,0.013,0.033164,1,0.020164
0.2,F3_p75,0.018985,0.0671,ACT,0.018985,0.013,0.033164,1,0.020164
0.2,F3_p75,0.018985,0.0681,ACT,0.018985,0.013,0.033164,1,0.020164
0.2,F3_p75,0.018985,0.0691,ACT,0.018985,0.013,0.033164,1,0.020164
0.2,F3_p75,0.018985,0.0701,ACT,0.018985,0.013,0.033164,1,0.020164
0.2,F3_p75,0.018985,0.0711,ACT,0.018985,0.013,0.033164,1,0.020164
0.2,F3_p75,0.018985,0.0721,ACT,0.018985,0.013,0.033164,1,0.020164
0.2,F3_p75,0.018985,0.0731,ACT,0.018985,0.013,0.033164,1,0.020164
0.2,F3_p75,0.018985,0.0741,ACT,0.018985,0.013,0.033164,1,0.020164
0.2,F3_p75,0.018985,0.0752,ACT,0.018985,0.013,0.033164,1,0.020164
0.2,F3_p75,0.018985,0.0762,ACT,0.018985,0.013,0.033164,1,0.020164
0.2,F3_p75,0.018985,0.0772,ACT,0.018985,0.013,0.033164,1,0.020164
0.2,F3_p75,0.018985,0.0782,ACT,0.018985,0.013,0.033164,1,0.020164
0.2,F3_p75,0.018985,0.0792,ACT,0.018985,0.013,0.033164,1,0.020164
0.2,F3_p75,0.018985,0.0802,ACT,0.018985,0.013,0.033164,1,0.020164
0.2,F3_p75,0.018985,0.0812,ACT,0.018985,0.013,0.033164,1,0.020164
0.2,F3_p75,0.018985,0.0822,ACT,0.018985,0.013,0.033164,1,0.020164
0.2,F3_p75,0.018985,0.0832,ACT,0.018985,0.013,0.033164,1,0.020164
0.2,F3_p75,0.018985,0.0842,ACT,0.018985,0.013,0.033164,1,0.020164
0.2,F3_p75,0.018985,0.0852,ACT,0.018985,0.013,0.033164,1,0.020164
0.2,F3_p75,0.018985,0.0862,ACT,0.018985,0.013,0.033164,1,0.020164
0.2,F3_p75,0.018985,0.0872,ACT,0.018985,0.013,0.033164,1,0.020164
0.2,F3_p75,0.018985,0.0882,ACT,0.018985,0.013,0.033164,1,0.020164
0.2,F3_p75,0.018985,0.0892,ACT,0.018985,0.013,0.033164,1,0.020164
0.2,F3_p75,0.018985,0.0902,ACT,0.018985,0.013,0.033164,1,0.020164
0.2,F3_p75,0.018985,0.0912,ACT,0.018985,0.013,0.033164,1,0.020164
0.2,F3_p75,0.018985,0.0922,ACT,0.018985,0.013,0.033164,1,0.020164
0.2,F3_p75,0.018985,0.0932,ACT,0.018985,0.013,0.033164,1,0.020164
0.2,F3_p75,0.018985,0.0942,ACT,0.018985,0.013,0.033164,1,0.020164
0.2,F3_p75,0.018985,0.0952,ACT,0.018985,0.013,0.033164,1,0.020164
0.2,F3_p75,0.018985,0.0962,ACT,0.018985,0.013,0.033164,1,0.020164
0.2,F3_p75,0.018985,0.0972,ACT,0.018985,0.013,0.033164,1,0.020164
0.2,F3_p75,0.018985,0.0982,ACT,0.018985,0.013,0.033164,1,0.020164
0.2,F3_p75,0.018985,0.0992,ACT,0.018985,0.013,0.033164,1,0.020164
0.2,F3_p75,0.018985,0.1002,ACT,0.018985,0.013,0.033164,1,0.020164
0.2,F3_p75,0.018985,0.1012,ACT,0.018985,0.013,0.033164,1,0.020164
0.2,F3_p75,0.018985,0.1022,ACT,0.018985,0.013,0.033164,1,0.020164
0.2,F3_p75,0.018985,0.1032,ACT,0.018985,0.013,0.033164,1,0.020164
0.2,F3_p75,0.018985,0.1042,ACT,0.018985,0.013,0.033164,1,0.020164
0.2,F3_p75,0.018985,0.1052,ACT,0.018985,0.013,0.033164,1,0.020164
0.2,F3_p75,0.018985,0.1062,ACT,0.018985,0.013,0.033164,1,0.020164
0.2,F3_p75,0.018985,0.1072,ACT,0.018985,0.013,0.033164,1,0.020164
0.2,F3_p75,0.018985,0.1082,ACT,0.018985,0.013,0.033164,1,0.020164
0.2,F3_p75,0.018985,0.1092,ACT,0.018985,0.013,0.033164,1,0.020164
0.2,F3_p75,0.018985,0.1102,ACT,0.018985,0.013,0.033164,1,0.020164
0.2,F3_p75,0.018985,0.1112,ACT,0.018985,0.013,0.033164,1,0.020164
0.2,F3_p75,0.018985,0.1122,ACT,0.018985,0.013,0.033164,1,0.020164
0.2,F3_p75,0.018985,0.1132,ACT,0.018985,0.013,0.033164,1,0.020164
0.2,F3_p75,0.018985,0.1142,ACT,0.018985,0.013,0.033164,1,0.020164
0.2,F3_p75,0.018985,0.1152,ACT,0.018985,0.013,0.033164,1,0.020164
0.2,F3_p75,0.018985,0.1162,ACT,0.018985,0.013,0.033164,1,0.020164
0.2,F3_p75,0.018985,0.1172,ACT,0.018985,0.013,0.033164,1,0.020164
0.2,F3_p75,0.018985,0.1182,ACT,0.018985,0.013,0.033164,1,0.020164
0.2,F3_p75,0.018985,0.1192,ACT,0.018985,0.013,0.033164,1,0.020164
0.2,F3_p75,0.018985,0.1202,ACT,0.018985,0.013,0.033164,1,0.020164
0.2,F3_p75,0.018985,0.1212,ACT,0.018985,0.013,0.033164,1,0.020164
0.2,F3_p75,0.018985,0.1222,ACT,0.018985,0.013,0.033164,1,0.020164
0.2,F3_p75,0.018985,0.1232,ACT,0.018985,0.013,0.033164,1,0.020164
0.2,F3_p75,0.018985,0.1242,ACT,0.018985,0.013,0.033164,1,0.020164
0.2,F3_p75,0.018985,0.1253,ACT,0.018985,0.013,0.033164,1,0.020164
0.2,F3_p75,0.018985,0.1263,ACT,0.018985,0.013,0.033164,1,0.020164
0.2,F3_p75,0.018985,0.1273,ACT,0.018985,0.013,0.033164,1,0.020164
0.2,F3_p75,0.018985,0.1283,ACT,0.018985,0.013,0.033164,1,0.020164
0.2,F3_p75,0.018985,0.1293,ACT,0.018985,0.013,0.033164,1,0.020164
0.2,F3_p75,0.018985,0.1303,ACT,0.018985,0.013,0.033164,1,0.020164
0.2,F3_p75,0.018985,0.1313,ACT,0.018985,0.013,0.033164,1,0.020164
0.2,F3_p75,0.018985,0.1323,ACT,0.018985,0.013,0.033164,1,0.020164
0.2,F3_p75,0.018985,0.1333,ACT,0.018985,0.013,0.033164,1,0.020164
0.2,F3_p75,0.018985,0.1343,ACT,0.018985,0.013,0.033164,1,0.020164
0.2,F3_p75,0.018985,0.1353,ACT,0.018985,0.013,0.033164,1,0.020164
0.2,F3_p75,0.018985,0.1363,ACT,0.018985,0.013,0.033164,1,0.020164
0.2,F3_p75,0.018985,0.1373,ACT,0.018985,0.013,0.033164,1,0.020164
0.2,F3_p75,0.018985,0.1383,ACT,0.018985,0.013,0.033164,1,0.020164
0.2,F3_p75,0.018985,0.1393,ACT,0.018985,0.013,0.033164,1,0.020164
0.2,F3_p75,0.018985,0.1403,ACT,0.018985,0.013,0.033164,1,0.020164
0.2,F3_p75,0.018985,0.1413,ACT,0.018985,0.013,0.033164,1,0.020164
0.2,F3_p75,0.018985,0.1423,ACT,0.018985,0.013,0.033164,1,0.020164
0.2,F3_p75,0.018985,0.1433,ACT,0.018985,0.013,0.033164,1,0.020164
0.2,F3_p75,0.018985,0.1443,ACT,0.018985,0.013,0.033164,1,0.020164
0.2,F3_p75,0.018985,0.1453,ACT,0.018985,0.013,0.033164,1,0.020164
0.2,F3_p75,0.018985,0.1463,ACT,0.018985,0.013,0.033164,1,0.020164
0.2,F3_p75,0.018985,0.1473,ACT,0.018985,0.013,0.033164,1,0.020164
0.2,F3_p75,0.018985,0.1483,ACT,0.018985,0.013,0.033164,1,0.020164
0.2,F3_p75,0.018985,0.1493,ACT,0.018985,0.013,0.033164,1,0.020164
0.2,F3_p75,0.018985,0.1503,ACT,0.018985,0.013,0.033164,1,0.020164
0.2,F3_p75,0.018985,0.1513,ACT,0.018985,0.013,0.033164,1,0.020164
0.2,F3_p75,0.018985,0.1523,ACT,0.018985,0.013,0.033164,1,0.020164
0.2,F3_p75,0.018985,0.1533,ACT,0.018985,0.013,0.033164,1,0.020164
0.2,F3_p75,0.018985,0.1543,ACT,0.018985,0.013,0.033164,1,0.020164
0.2,F3_p75,0.018985,0.1553,ACT,0.018985,0.013,0.033164,1,0.020164
0.2,F3_p75,0.018985,0.1563,ACT,0.018985,0.013,0.033164,1,0.020164
0.2,F3_p75,0.018985,0.1573,ACT,0.018985,0.013,0.033164,1,0.020164
0.2,F3_p75,0.018985,0.1583,ACT,0.018985,0.013,0.033164,1,0.020164
0.2,F3_p75,0.018985,0.1593,ACT,0.018985,0.013,0.033164,1,0.020164
0.2,F3_p75,0.018985,0.1603,ACT,0.018985,0.013,0.033164,1,0.020164
0.2,F3_p75,0.018985,0.1613,ACT,0.018985,0.013,0.033164,1,0.020164
0.2,F3_p75,0.018985,0.1623,ACT,0.018985,0.013,0.033164,1,0.020164
0.2,F3_p75,0.018985,0.1633,ACT,0.018985,0.013,0.033164,1,0.020164
0.2,F3_p75,0.018985,0.1643,ACT,0.018985,0.013,0.033164,1,0.020164
0.2,F3_p75,0.018985,0.1653,ACT,0.018985,0.013,0.033164,1,0.020164
0.2,F3_p75,0.018985,0.1663,ACT,0.018985,0.013,0.033164,1,0.020164
0.2,F3_p75,0.018985,0.1673,ACT,0.018985,0.013,0.033164,1,0.020164
0.2,F3_p75,0.018985,0.1683,ACT,0.018985,0.013,0.033164,1,0.020164
0.2,F3_p75,0.018985,0.1693,ACT,0.018985,0.013,0.033164,1,0.020164
0.2,F3_p75,0.018985,0.1703,ACT,0.018985,0.013,0.033164,1,0.020164
0.2,F3_p75,0.018985,0.1713,ACT,0.018985,0.013,0.033164,1,0.020164
0.2,F3_p75,0.018985,0.1723,ACT,0.018985,0.013,0.033164,1,0.020164
0.2,F3_p75,0.018985,0.1733,ACT,0.018985,0.013,0.033164,1,0.020164
0.2,F3_p75,0.018985,0.1743,ACT,0.018985,0.013,0.033164,1,0.020164
0.2,F3_p75,0.018985,0.1754,ACT,0.018985,0.013,0.033164,1,0.020164
0.2,F3_p75,0.018985,0.1764,ACT,0.018985,0.013,0.033164,1,0.020164
0.2,F3_p75,0.018985,0.1774,ACT,0.018985,0.013,0.033164,1,0.020164
0.2,F3_p75,0.018985,0.1784,ACT,0.018985,0.013,0.033164,1,0.020164
0.2,F3_p75,0.018985,0.1794,ACT,0.018985,0.013,0.033164,1,0.020164
0.2,F3_p75,0.018985,0.1804,ACT,0.018985,0.013,0.033164,1,0.020164
0.2,F3_p75,0.018985,0.1814,ACT,0.018985,0.013,0.033164,1,0.020164
0.2,F3_p75,0.018985,0.1824,ACT,0.018985,0.013,0.033164,1,0.020164
0.2,F3_p75,0.018985,0.1834,ACT,0.018985,0.013,0.033164,1,0.020164
0.2,F3_p75,0.018985,0.1844,ACT,0.018985,0.013,0.033164,1,0.020164
0.2,F3_p75,0.018985,0.1854,ACT,0.018985,0.013,0.033164,1,0.020164
0.2,F3_p75,0.018985,0.1864,ACT,0.018985,0.013,0.033164,1,0.020164
0.2,F3_p75,0.018985,0.1874,ACT,0.018985,0.013,0.033164,1,0.020164
0.2,F3_p75,0.018985,0.1884,ACT,0.018985,0.013,0.033164,1,0.020164
0.2,F3_p75,0.018985,0.1894,ACT,0.018985,0.013,0.033164,1,0.020164
0.2,F3_p75,0.018985,0.1904,ACT,0.018985,0.013,0.033164,1,0.020164
0.2,F3_p75,0.018985,0.1914,ACT,0.018985,0.013,0.033164,1,0.020164
0.2,F3_p75,0.018985,0.1924,ACT,0.018985,0.013,0.033164,1,0.020164
0.2,F3_p75,0.018985,0.1934,ACT,0.018985,0.013,0.033164,1,0.020164
0.2,F3_p75,0.018985,0.1944,ACT,0.018985,0.013,0.033164,1,0.020164
0.2,F3_p75,0.018985,0.1954,ACT,0.018985,0.013,0.033164,1,0.020164
0.2,F3_p75,0.018985,0.1964,ACT,0.018985,0.013,0.033164,1,0.020164
0.2,F3_p75,0.018985,0.1974,ACT,0.018985,0.013,0.033164,1,0.020164
0.2,F3_p75,0.018985,0.1984,ACT,0.018985,0.013,0.033164,1,0.020164
0.2,F3_p75,0.018985,0.1994,ACT,0.018985,0.013,0.033164,1,0.020164
0.2,F3_p75,0.018985,0.2004,ACT,0.018985,0.013,0.033164,1,0.020164
0.2,F3_p75,0.018985,0.2014,ACT,0.018985,0.013,0.033164,1,0.020164
0.2,F3_p75,0.018985,0.2024,ACT,0.018985,0.013,0.033164,1,0.020164
0.2,F3_p75,0.018985,0.2034,ACT,0.018985,0.013,0.033164,1,0.020164
0.2,F3_p75,0.018985,0.2044,ACT,0.018985,0.013,0.033164,1,0.020164
0.2,F3_p75,0.018985,0.2054,ACT,0.018985,0.013,0.033164,1,0.020164
0.2,F3_p75,0.018985,0.2064,ACT,0.018985,0.013,0.033164,1,0.020164
0.2,F3_p75,0.018985,0.2074,ACT,0.018985,0.013,0.033164,1,0.020164
0.2,F3_p75,0.018985,0.2084,ACT,0.018985,0.013,0.033164,1,0.020164
0.2,F3_p75,0.018985,0.2094,ACT,0.018985,0.013,0.033164,1,0.020164
0.2,F3_p75,0.018985,0.2104,ACT,0.018985,0.013,0.033164,1,0.020164
0.2,F3_p75,0.018985,0.2114,ACT,0.018985,0.013,0.033164,1,0.020164
0.2,F3_p75,0.018985,0.2124,ACT,0.018985,0.013,0.033164,1,0.020164
0.2,F3_p75,0.018985,0.2134,ACT,0.018985,0.013,0.033164,1,0.020164
0.2,F3_p75,0.018985,0.2144,ACT,0.018985,0.013,0.033164,1,0.020164
0.2,F3_p75,0.018985,0.2154,ACT,0.018985,0.013,0.033164,1,0.020164
0.2,F3_p75,0.018985,0.2164,ACT,0.018985,0.013,0.033164,1,0.020164
0.2,F3_p75,0.018985,0.2174,ACT,0.018985,0.013,0.033164,1,0.020164
0.2,F3_p75,0.018985,0.2184,ACT,0.018985,0.013,0.033164,1,0.020164
0.2,F3_p75,0.018985,0.2194,ACT,0.018985,0.013,0.033164,1,0.020164
0.2,F3_p75,0.018985,0.2204,ACT,0.018985,0.013,0.033164,1,0.020164
0.2,F3_p75,0.018985,0.2214,ACT,0.018985,0.013,0.033164,1,0.020164
0.2,F3_p75,0.018985,0.2224,ACT,0.018985,0.013,0.033164,1,0.020164
0.2,F3_p75,0.018985,0.2234,ACT,0.018985,0.013,0.033164,1,0.020164
0.2,F3_p75,0.018985,0.2244,ACT,0.018985,0.013,0.033164,1,0.020164
0.2,F3_p75,0.018985,0.2255,ACT,0.018985,0.013,0.033164,1,0.020164
0.2,F3_p75,0.018985,0.2265,ACT,0.018985,0.013,0.033164,1,0.020164
0.2,F3_p75,0.018985,0.2275,ACT,0.018985,0.013,0.033164,1,0.020164
0.2,F3_p75,0.018985,0.2285,ACT,0.018985,0.013,0.033164,1,0.020164
0.2,F3_p75,0.018985,0.2295,ACT,0.018985,0.013,0.033164,1,0.020164
0.2,F3_p75,0.018985,0.2305,ACT,0.018985,0.013,0.033164,1,0.020164
0.2,F3_p75,0.018985,0.2315,ACT,0.018985,0.013,0.033164,1,0.020164
0.2,F3_p75,0.018985,0.2325,ACT,0.018985,0.013,0.033164,1,0.020164
0.2,F3_p75,0.018985,0.2335,ACT,0.018985,0.013,0.033164,1,0.020164
0.2,F3_p75,0.018985,0.2345,ACT,0.018985,0.013,0.033164,1,0.020164
0.2,F3_p75,0.018985,0.2355,ACT,0.018985,0.013,0.033164,1,0.020164
0.2,F3_p75,0.018985,0.2365,ACT,0.018985,0.013,0.033164,1,0.020164
0.2,F3_p75,0.018985,0.2375,ACT,0.018985,0.013,0.033164,1,0.020164
0.2,F3_p75,0.018985,0.2385,ACT,0.018985,0.013,0.033164,1,0.020164
0.2,F3_p75,0.018985,0.2395,ACT,0.018985,0.013,0.033164,1,0.020164
0.2,F3_p75,0.018985,0.2405,ACT,0.018985,0.013,0.033164,1,0.020164
0.2,F3_p75,0.018985,0.2415,ACT,0.018985,0.013,0.033164,1,0.020164
0.2,F3_p75,0.018985,0.2425,ACT,0.018985,0.013,0.033164,1,0.020164
0.2,F3_p75,0.018985,0.2435,ACT,0.018985,0.013,0.033164,1,0.020164
0.2,F3_p75,0.018985,0.2445,ACT,0.018985,0.013,0.033164,1,0.020164
0.2,F3_p75,0.018985,0.2455,ACT,0.018985,0.013,0.033164,1,0.020164
0.2,F3_p75,0.018985,0.2465,ACT,0.018985,0.013,0.033164,1,0.020164
0.2,F3_p75,0.018985,0.2475,ACT,0.018985,0.013,0.033164,1,0.020164
0.2,F3_p75,0.018985,0.2485,ACT,0.018985,0.013,0.033164,1,0.020164
0.2,F3_p75,0.018985,0.2495,ACT,0.018985,0.013,0.033164,1,0.020164
0.2,F3_p75,0.018985,0.2505,ACT,0.018985,0.013,0.033164,1,0.020164
0.2,F3_p75,0.018985,0.2515,ACT,0.018985,0.013,0.033164,1,0.020164
0.2,F3_p75,0.018985,0.2525,ACT,0.018985,0.013,0.033164,1,0.020164
0.2,F3_p75,0.018985,0.2535,ACT,0.018985,0.013,0.033164,1,0.020164
0.2,F3_p75,0.018985,0.2545,ACT,0.018985,0.013,0.033164,1,0.020164
0.2,F3_p75,0.018985,0.2555,ACT,0.018985,0.013,0.033164,1,0.020164
0.2,F3_p75,0.018985,0.2565,ACT,0.018985,0.013,0.033164,1,0.020164
0.2,F3_p75,0.018985,0.2575,ACT,0.018985,0.013,0.033164,1,0.020164
0.2,F3_p75,0.018985,0.2585,ACT,0.018985,0.013,0.033164,1,0.020164
0.2,F3_p75,0.018985,0.2595,ACT,0.018985,0.013,0.033164,1,0.020164
0.2,F3_p75,0.018985,0.2605,ACT,0.018985,0.013,0.033164,1,0.020164
0.2,F3_p75,0.018985,0.2615,ACT,0.018985,0.013,0.033164,1,0.020164
0.2,F3_p75,0.018985,0.2625,ACT,0.018985,0.013,0.033164,1,0.020164
0.2,F3_p75,0.018985,0.2635,ACT,0.018985,0.013,0.033164,1,0.020164
0.2,F3_p75,0.018985,0.2645,ACT,0.018985,0.013,0.033164,1,0.020164
0.2,F3_p75,0.018985,0.2655,ACT,0.018985,0.013,0.033164,1,0.020164
0.2,F3_p75,0.018985,0.2665,ACT,0.018985,0.013,0.033164,1,0.020164
0.2,F3_p75,0.018985,0.2675,ACT,0.018985,0.013,0.033164,1,0.020164
0.2,F3_p75,0.018985,0.2685,ACT,0.018985,0.013,0.033164,1,0.020164
0.2,F3_p75,0.018985,0.2695,ACT,0.018985,0.013,0.033164,1,0.020164
0.2,F3_p75,0.018985,0.2705,ACT,0.018985,0.013,0.033164,1,0.020164
0.2,F3_p75,0.018985,0.2715,ACT,0.018985,0.013,0.033164,1,0.020164
0.2,F3_p75,0.018985,0.2725,ACT,0.018985,0.013,0.033164,1,0.020164
0.2,F3_p75,0.018985,0.2735,ACT,0.018985,0.013,0.033164,1,0.020164
0.2,F3_p75,0.018985,0.2745,ACT,0.018985,0.013,0.033164,1,0.020164
0.2,F3_p75,0.018985,0.2756,ACT,0.018985,0.013,0.033164,1,0.020164
0.2,F3_p75,0.018985,0.2766,ACT,0.018985,0.013,0.033164,1,0.020164
0.2,F3_p75,0.018985,0.2776,ACT,0.018985,0.013,0.033164,1,0.020164
0.2,F3_p75,0.018985,0.2786,ACT,0.018985,0.013,0.033164,1,0.020164
0.2,F3_p75,0.018985,0.2796,ACT,0.018985,0.013,0.033164,1,0.020164
0.2,F3_p75,0.018985,0.2806,ACT,0.018985,0.013,0.033164,1,0.020164
0.2,F3_p75,0.018985,0.2816,ACT,0.018985,0.013,0.033164,1,0.020164
0.2,F3_p75,0.018985,0.2826,ACT,0.018985,0.013,0.033164,1,0.020164
0.2,F3_p75,0.018985,0.2836,ACT,0.018985,0.013,0.033164,1,0.020164
0.2,F3_p75,0.018985,0.2846,ACT,0.018985,0.013,0.033164,1,0.020164
0.2,F3_p75,0.018985,0.2856,ACT,0.018985,0.013,0.033164,1,0.020164
0.2,F3_p75,0.018985,0.2866,ACT,0.018985,0.013,0.033164,1,0.020164
0.2,F3_p75,0.018985,0.2876,ACT,0.018985,0.013,0.033164,1,0.020164
0.2,F3_p75,0.018985,0.2886,ACT,0.018985,0.013,0.033164,1,0.020164
0.2,F3_p75,0.018985,0.2896,ACT,0.018985,0.013,0.033164,1,0.020164
0.2,F3_p75,0.018985,0.2906,ACT,0.018985,0.013,0.033164,1,0.020164
0.2,F3_p75,0.018985,0.2916,ACT,0.018985,0.013,0.033164,1,0.020164
0.2,F3_p75,0.018985,0.2926,ACT,0.018985,0.013,0.033164,1,0.020164
0.2,F3_p75,0.018985,0.2936,ACT,0.018985,0.013,0.033164,1,0.020164
0.2,F3_p75,0.018985,0.2946,ACT,0.018985,0.013,0.033164,1,0.020164
0.2,F3_p75,0.018985,0.2956,ACT,0.018985,0.013,0.033164,1,0.020164
0.2,F3_p75,0.018985,0.2966,ACT,0.018985,0.013,0.033164,1,0.020164
0.2,F3_p75,0.018985,0.2976,ACT,0.018985,0.013,0.033164,1,0.020164
0.2,F3_p75,0.018985,0.2986,ACT,0.018985,0.013,0.033164,1,0.020164
0.2,F3_p75,0.018985,0.2996,ACT,0.018985,0.013,0.033164,1,0.020164
0.2,F3_p75,0.018985,0.3006,ACT,0.018985,0.013,0.033164,1,0.020164
0.2,F3_p75,0.018985,0.3016,ACT,0.018985,0.013,0.033164,1,0.020164
0.2,F3_p75,0.018985,0.3026,ACT,0.018985,0.013,0.033164,1,0.020164
0.2,F3_p75,0.018985,0.3036,ACT,0.018985,0.013,0.033164,1,0.020164
0.2,F3_p75,0.018985,0.3046,ACT,0.018985,0.013,0.033164,1,0.020164
0.2,F3_p75,0.018985,0.3056,ACT,0.018985,0.013,0.033164,1,0.020164
0.2,F3_p75,0.018985,0.3066,ACT,0.018985,0.013,0.033164,1,0.020164
0.2,F3_p75,0.018985,0.3076,ACT,0.018985,0.013,0.033164,1,0.020164
0.2,F3_p75,0.018985,0.3086,ACT,0.018985,0.013,0.033164,1,0.020164
0.2,F3_p75,0.018985,0.3096,ACT,0.018985,0.013,0.033164,1,0.020164
0.2,F3_p75,0.018985,0.3106,ACT,0.018985,0.013,0.033164,1,0.020164
0.2,F3_p75,0.018985,0.3116,ACT,0.018985,0.013,0.033164,1,0.020164
0.2,F3_p75,0.018985,0.3126,ACT,0.018985,0.013,0.033164,1,0.020164
0.2,F3_p75,0.018985,0.3136,ACT,0.018985,0.013,0.033164,1,0.020164
0.2,F3_p75,0.018985,0.3146,ACT,0.018985,0.013,0.033164,1,0.020164
0.2,F3_p75,0.018985,0.3156,ACT,0.018985,0.013,0.033164,1,0.020164
0.2,F3_p75,0.018985,0.3166,ACT,0.018985,0.013,0.033164,1,0.020164
0.2,F3_p75,0.018985,0.3176,ACT,0.018985,0.013,0.033164,1,0.020164
0.2,F3_p75,0.018985,0.3186,ACT,0.018985,0.013,0.033164,1,0.020164
0.2,F3_p75,0.018985,0.3196,ACT,0.018985,0.013,0.033164,1,0.020164
0.2,F3_p75,0.018985,0.3206,ACT,0.018985,0.013,0.033164,1,0.020164
0.2,F3_p75,0.018985,0.3216,ACT,0.018985,0.013,0.033164,1,0.020164
0.2,F3_p75,0.018985,0.3226,ACT,0.018985,0.013,0.033164,1,0.020164
0.2,F3_p75,0.018985,0.3236,ACT,0.018985,0.013,0.033164,1,0.020164
0.2,F3_p75,0.018985,0.3246,ACT,0.018985,0.013,0.033164,1,0.020164
0.2,F3_p75,0.018985,0.3257,ACT,0.018985,0.013,0.033164,1,0.020164
0.2,F3_p75,0.018985,0.3267,ACT,0.018985,0.013,0.033164,1,0.020164
0.2,F3_p75,0.018985,0.3277,ACT,0.018985,0.013,0.033164,1,0.020164
0.2,F3_p75,0.018985,0.3287,ACT,0.018985,0.013,0.033164,1,0.020164
0.2,F3_p75,0.018985,0.3297,ACT,0.018985,0.013,0.033164,1,0.020164
0.2,F3_p75,0.018985,0.3307,ACT,0.018985,0.013,0.033164,1,0.020164
0.2,F3_p75,0.018985,0.3317,ACT,0.018985,0.013,0.033164,1,0.020164
0.2,F3_p75,0.018985,0.3327,ACT,0.018985,0.013,0.033164,1,0.020164
0.2,F3_p75,0.018985,0.3337,ACT,0.018985,0.013,0.033164,1,0.020164
0.2,F3_p75,0.018985,0.3347,ACT,0.018985,0.013,0.033164,1,0.020164
0.2,F3_p75,0.018985,0.3357,ACT,0.018985,0.013,0.033164,1,0.020164
0.2,F3_p75,0.018985,0.3367,ACT,0.018985,0.013,0.033164,1,0.020164
0.2,F3_p75,0.018985,0.3377,ACT,0.018985,0.013,0.033164,1,0.020164
0.2,F3_p75,0.018985,0.3387,ACT,0.018985,0.013,0.033164,1,0.020164
0.2,F3_p75,0.018985,0.3397,ACT,0.018985,0.013,0.033164,1,0.020164
0.2,F3_p75,0.018985,0.3407,ACT,0.018985,0.013,0.033164,1,0.020164
0.2,F3_p75,0.018985,0.3417,ACT,0.018985,0.013,0.033164,1,0.020164
0.2,F3_p75,0.018985,0.3427,ACT,0.018985,0.013,0.033164,1,0.020164
0.2,F3_p75,0.018985,0.3437,ACT,0.018985,0.013,0.033164,1,0.020164
0.2,F3_p75,0.018985,0.3447,ACT,0.018985,0.013,0.033164,1,0.020164
0.2,F3_p75,0.018985,0.3457,ACT,0.018985,0.013,0.033164,1,0.020164
0.2,F3_p75,0.018985,0.3467,ACT,0.018985,0.013,0.033164,1,0.020164
0.2,F3_p75,0.018985,0.3477,ACT,0.018985,0.013,0.033164,1,0.020164
0.2,F3_p75,0.018985,0.3487,ACT,0.018985,0.013,0.033164,1,0.020164
0.2,F3_p75,0.018985,0.3497,ACT,0.018985,0.013,0.033164,1,0.020164
0.2,F3_p75,0.018985,0.3507,ACT,0.018985,0.013,0.033164,1,0.020164
0.2,F3_p75,0.018985,0.3517,ACT,0.018985,0.013,0.033164,1,0.020164
0.2,F3_p75,0.018985,0.3527,ACT,0.018985,0.013,0.033164,1,0.020164
0.2,F3_p75,0.018985,0.3537,ACT,0.018985,0.013,0.033164,1,0.020164
0.2,F3_p75,0.018985,0.3547,ACT,0.018985,0.013,0.033164,1,0.020164
0.2,F3_p75,0.018985,0.3557,ACT,0.018985,0.013,0.033164,1,0.020164
0.2,F3_p75,0.018985,0.3567,ACT,0.018985,0.013,0.033164,1,0.020164
0.2,F3_p75,0.018985,0.3577,ACT,0.018985,0.013,0.033164,1,0.020164
0.2,F3_p75,0.018985,0.3587,ACT,0.018985,0.013,0.033164,1,0.020164
0.2,F3_p75,0.018985,0.3597,ACT,0.018985,0.013,0.033164,1,0.020164
0.2,F3_p75,0.018985,0.3607,ACT,0.018985,0.013,0.033164,1,0.020164
0.2,F3_p75,0.018985,0.3617,ACT,0.018985,0.013,0.033164,1,0.020164
0.2,F3_p75,0.018985,0.3627,ACT,0.018985,0.013,0.033164,1,0.020164
0.2,F3_p75,0.018985,0.3637,ACT,0.018985,0.013,0.033164,1,0.020164
0.2,F3_p75,0.018985,0.3647,ACT,0.018985,0.013,0.033164,1,0.020164
0.2,F3_p75,0.018985,0.3657,ACT,0.018985,0.013,0.033164,1,0.020164
0.2,F3_p75,0.018985,0.3667,ACT,0.018985,0.013,0.033164,1,0.020164
0.2,F3_p75,0.018985,0.3677,ACT,0.018985,0.013,0.033164,1,0.020164
0.2,F3_p75,0.018985,0.3687,ACT,0.018985,0.013,0.033164,1,0.020164
0.2,F3_p75,0.018985,0.3697,ACT,0.018985,0.013,0.033164,1,0.020164
0.2,F3_p75,0.018985,0.3707,ACT,0.018985,0.013,0.033164,1,0.020164
0.2,F3_p75,0.018985,0.3717,ACT,0.018985,0.013,0.033164,1,0.020164
0.2,F3_p75,0.018985,0.3727,ACT,0.018985,0.013,0.033164,1,0.020164
0.2,F3_p75,0.018985,0.3737,ACT,0.018985,0.013,0.033164,1,0.020164
0.2,F3_p75,0.018985,0.3747,ACT,0.018985,0.013,0.033164,1,0.020164
0.2,F3_p75,0.018985,0.3758,ACT,0.018985,0.013,0.033164,1,0.020164
0.2,F3_p75,0.018985,0.3768,ACT,0.018985,0.013,0.033164,1,0.020164
0.2,F3_p75,0.018985,0.3778,ACT,0.018985,0.013,0.033164,1,0.020164
0.2,F3_p75,0.018985,0.3788,ACT,0.018985,0.013,0.033164,1,0.020164
0.2,F3_p75,0.018985,0.3798,ACT,0.018985,0.013,0.033164,1,0.020164
0.2,F3_p75,0.018985,0.3808,ACT,0.018985,0.013,0.033164,1,0.020164
0.2,F3_p75,0.018985,0.3818,ACT,0.018985,0.013,0.033164,1,0.020164
0.2,F3_p75,0.018985,0.3828,ACT,0.018985,0.013,0.033164,1,0.020164
0.2,F3_p75,0.018985,0.3838,ACT,0.018985,0.013,0.033164,1,0.020164
0.2,F3_p75,0.018985,0.3848,ACT,0.018985,0.013,0.033164,1,0.020164
0.2,F3_p75,0.018985,0.3858,ACT,0.018985,0.013,0.033164,1,0.020164
0.2,F3_p75,0.018985,0.3868,ACT,0.018985,0.013,0.033164,1,0.020164
0.2,F3_p75,0.018985,0.3878,ACT,0.018985,0.013,0.033164,1,0.020164
0.2,F3_p75,0.018985,0.3888,ACT,0.018985,0.013,0.033164,1,0.020164
0.2,F3_p75,0.018985,0.3898,ACT,0.018985,0.013,0.033164,1,0.020164
0.2,F3_p75,0.018985,0.3908,ACT,0.018985,0.013,0.033164,1,0.020164
0.2,F3_p75,0.018985,0.3918,ACT,0.018985,0.013,0.033164,1,0.020164
0.2,F3_p75,0.018985,0.3928,ACT,0.018985,0.013,0.033164,1,0.020164
0.2,F3_p75,0.018985,0.3938,ACT,0.018985,0.013,0.033164,1,0.020164
0.2,F3_p75,0.018985,0.3948,ACT,0.018985,0.013,0.033164,1,0.020164
0.2,F3_p75,0.018985,0.3958,ACT,0.018985,0.013,0.033164,1,0.020164
0.2,F3_p75,0.018985,0.3968,ACT,0.018985,0.013,0.033164,1,0.020164
0.2,F3_p75,0.018985,0.3978,ACT,0.018985,0.013,0.033164,1,0.020164
0.2,F3_p75,0.018985,0.3988,ACT,0.018985,0.013,0.033164,1,0.020164
0.2,F3_p75,0.018985,0.3998,ACT,0.018985,0.013,0.033164,1,0.020164
0.2,F3_p75,0.018985,0.4008,ACT,0.018985,0.013,0.033164,1,0.020164
0.2,F3_p75,0.018985,0.4018,ACT,0.018985,0.013,0.033164,1,0.020164
0.2,F3_p75,0.018985,0.4028,ACT,0.018985,0.013,0.033164,1,0.020164
0.2,F3_p75,0.018985,0.4038,ACT,0.018985,0.013,0.033164,1,0.020164
0.2,F3_p75,0.018985,0.4048,ACT,0.018985,0.013,0.033164,1,0.020164
0.2,F3_p75,0.018985,0.4058,ACT,0.018985,0.013,0.033164,1,0.020164
0.2,F3_p75,0.018985,0.4068,ACT,0.018985,0.013,0.033164,1,0.020164
0.2,F3_p75,0.018985,0.4078,ACT,0.018985,0.013,0.033164,1,0.020164
0.2,F3_p75,0.018985,0.4088,ACT,0.018985,0.013,0.033164,1,0.020164
0.2,F3_p75,0.018985,0.4098,ACT,0.018985,0.013,0.033164,1,0.020164
0.2,F3_p75,0.018985,0.4108,ACT,0.018985,0.013,0.033164,1,0.020164
0.2,F3_p75,0.018985,0.4118,ACT,0.018985,0.013,0.033164,1,0.020164
0.2,F3_p75,0.018985,0.4128,ACT,0.018985,0.013,0.033164,1,0.020164
0.2,F3_p75,0.018985,0.4138,ACT,0.018985,0.013,0.033164,1,0.020164
0.2,F3_p75,0.018985,0.4148,ACT,0.018985,0.013,0.033164,1,0.020164
0.2,F3_p75,0.018985,0.4158,ACT,0.018985,0.013,0.033164,1,0.020164
0.2,F3_p75,0.018985,0.4168,ACT,0.018985,0.013,0.033164,1,0.020164
0.2,F3_p75,0.018985,0.4178,ACT,0.018985,0.013,0.033164,1,0.020164
0.2,F3_p75,0.018985,0.4188,ACT,0.018985,0.013,0.033164,1,0.020164
0.2,F3_p75,0.018985,0.4198,ACT,0.018985,0.013,0.033164,1,0.020164
0.2,F3_p75,0.018985,0.4208,ACT,0.018985,0.013,0.033164,1,0.020164
0.2,F3_p75,0.018985,0.4218,ACT,0.018985,0.013,0.033164,1,0.020164
0.2,F3_p75,0.018985,0.4228,ACT,0.018985,0.013,0.033164,1,0.020164
0.2,F3_p75,0.018985,0.4238,ACT,0.018985,0.013,0.033164,1,0.020164
0.2,F3_p75,0.018985,0.4248,ACT,0.018985,0.013,0.033164,1,0.020164
0.2,F3_p75,0.018985,0.4259,ACT,0.018985,0.013,0.033164,1,0.020164
0.2,F3_p75,0.018985,0.4269,ACT,0.018985,0.013,0.033164,1,0.020164
0.2,F3_p75,0.018985,0.4279,ACT,0.018985,0.013,0.033164,1,0.020164
0.2,F3_p75,0.018985,0.4289,ACT,0.018985,0.013,0.033164,1,0.020164
0.2,F3_p75,0.018985,0.4299,ACT,0.018985,0.013,0.033164,1,0.020164
0.2,F3_p75,0.018985,0.4309,ACT,0.018985,0.013,0.033164,1,0.020164
0.2,F3_p75,0.018985,0.4319,ACT,0.018985,0.013,0.033164,1,0.020164
0.2,F3_p75,0.018985,0.4329,ACT,0.018985,0.013,0.033164,1,0.020164
0.2,F3_p75,0.018985,0.4339,ACT,0.018985,0.013,0.033164,1,0.020164
0.2,F3_p75,0.018985,0.4349,ACT,0.018985,0.013,0.033164,1,0.020164
0.2,F3_p75,0.018985,0.4359,ACT,0.018985,0.013,0.033164,1,0.020164
0.2,F3_p75,0.018985,0.4369,ACT,0.018985,0.013,0.033164,1,0.020164
0.2,F3_p75,0.018985,0.4379,ACT,0.018985,0.013,0.033164,1,0.020164
0.2,F3_p75,0.018985,0.4389,ACT,0.018985,0.013,0.033164,1,0.020164
0.2,F3_p75,0.018985,0.4399,ACT,0.018985,0.013,0.033164,1,0.020164
0.2,F3_p75,0.018985,0.4409,ACT,0.018985,0.013,0.033164,1,0.020164
0.2,F3_p75,0.018985,0.4419,ACT,0.018985,0.013,0.033164,1,0.020164
0.2,F3_p75,0.018985,0.4429,ACT,0.018985,0.013,0.033164,1,0.020164
0.2,F3_p75,0.018985,0.4439,ACT,0.018985,0.013,0.033164,1,0.020164
0.2,F3_p75,0.018985,0.4449,ACT,0.018985,0.013,0.033164,1,0.020164
0.2,F3_p75,0.018985,0.4459,ACT,0.018985,0.013,0.033164,1,0.020164
0.2,F3_p75,0.018985,0.4469,ACT,0.018985,0.013,0.033164,1,0.020164
0.2,F3_p75,0.018985,0.4479,ACT,0.018985,0.013,0.033164,1,0.020164
0.2,F3_p75,0.018985,0.4489,ACT,0.018985,0.013,0.033164,1,0.020164
0.2,F3_p75,0.018985,0.4499,ACT,0.018985,0.013,0.033164,1,0.020164
0.2,F3_p75,0.018985,0.4509,ACT,0.018985,0.013,0.033164,1,0.020164
0.2,F3_p75,0.018985,0.4519,ACT,0.018985,0.013,0.033164,1,0.020164
0.2,F3_p75,0.018985,0.4529,ACT,0.018985,0.013,0.033164,1,0.020164
0.2,F3_p75,0.018985,0.4539,ACT,0.018985,0.013,0.033164,1,0.020164
0.2,F3_p75,0.018985,0.4549,ACT,0.018985,0.013,0.033164,1,0.020164
0.2,F3_p75,0.018985,0.4559,ACT,0.018985,0.013,0.033164,1,0.020164
0.2,F3_p75,0.018985,0.4569,ACT,0.018985,0.013,0.033164,1,0.020164
0.2,F3_p75,0.018985,0.4579,ACT,0.018985,0.013,0.033164,1,0.020164
0.2,F3_p75,0.018985,0.4589,ACT,0.018985,0.013,0.033164,1,0.020164
0.2,F3_p75,0.018985,0.4599,ACT,0.018985,0.013,0.033164,1,0.020164
0.2,F3_p75,0.018985,0.4609,ACT,0.018985,0.013,0.033164,1,0.020164
0.2,F3_p75,0.018985,0.4619,ACT,0.018985,0.013,0.033164,1,0.020164
0.2,F3_p75,0.018985,0.4629,ACT,0.018985,0.013,0.033164,1,0.020164
0.2,F3_p75,0.018985,0.4639,ACT,0.018985,0.013,0.033164,1,0.020164
0.2,F3_p75,0.018985,0.4649,ACT,0.018985,0.013,0.033164,1,0.020164
0.2,F3_p75,0.018985,0.4659,ACT,0.018985,0.013,0.033164,1,0.020164
0.2,F3_p75,0.018985,0.4669,ACT,0.018985,0.013,0.033164,1,0.020164
0.2,F3_p75,0.018985,0.4679,ACT,0.018985,0.013,0.033164,1,0.020164
0.2,F3_p75,0.018985,0.4689,ACT,0.018985,0.013,0.033164,1,0.020164
0.2,F3_p75,0.018985,0.4699,ACT,0.018985,0.013,0.033164,1,0.020164
0.2,F3_p75,0.018985,0.4709,ACT,0.018985,0.013,0.033164,1,0.020164
0.2,F3_p75,0.018985,0.4719,ACT,0.018985,0.013,0.033164,1,0.020164
0.2,F3_p75,0.018985,0.4729,ACT,0.018985,0.013,0.033164,1,0.020164
0.2,F3_p75,0.018985,0.4739,ACT,0.018985,0.013,0.033164,1,0.020164
0.2,F3_p75,0.018985,0.4749,ACT,0.018985,0.013,0.033164,1,0.020164
0.2,F3_p75,0.018985,0.476,ACT,0.018985,0.013,0.033164,1,0.020164
0.2,F3_p75,0.018985,0.477,ACT,0.018985,0.013,0.033164,1,0.020164
0.2,F3_p75,0.018985,0.478,ACT,0.018985,0.013,0.033164,1,0.020164
0.2,F3_p75,0.018985,0.479,ACT,0.018985,0.013,0.033164,1,0.020164
0.2,F3_p75,0.018985,0.48,ACT,0.018985,0.013,0.033164,1,0.020164
0.2,F3_p75,0.018985,0.481,ACT,0.018985,0.013,0.033164,1,0.020164
0.2,F3_p75,0.018985,0.482,ACT,0.018985,0.013,0.033164,1,0.020164
0.2,F3_p75,0.018985,0.483,ACT,0.018985,0.013,0.033164,1,0.020164
0.2,F3_p75,0.018985,0.484,ACT,0.018985,0.013,0.033164,1,0.020164
0.2,F3_p75,0.018985,0.485,ACT,0.018985,0.013,0.033164,1,0.020164
0.2,F3_p75,0.018985,0.486,ACT,0.018985,0.013,0.033164,1,0.020164
0.2,F3_p75,0.018985,0.487,ACT,0.018985,0.013,0.033164,1,0.020164
0.2,F3_p75,0.018985,0.488,ACT,0.018985,0.013,0.033164,1,0.020164
0.2,F3_p75,0.018985,0.489,ACT,0.018985,0.013,0.033164,1,0.020164
0.2,F3_p75,0.018985,0.49,ACT,0.018985,0.013,0.033164,1,0.020164
0.2,F3_p75,0.018985,0.491,ACT,0.018985,0.013,0.033164,1,0.020164
0.2,F3_p75,0.018985,0.492,ACT,0.018985,0.013,0.033164,1,0.020164
0.2,F3_p75,0.018985,0.493,ACT,0.018985,0.013,0.033164,1,0.020164
0.2,F3_p75,0.018985,0.494,ACT,0.018985,0.013,0.033164,1,0.020164
0.2,F3_p75,0.018985,0.495,ACT,0.018985,0.013,0.033164,1,0.020164
0.2,F3_p75,0.018985,0.496,ACT,0.018985,0.013,0.033164,1,0.020164
0.2,F3_p75,0.018985,0.497,ACT,0.018985,0.013,0.033164,1,0.020164
0.2,F3_p75,0.018985,0.498,ACT,0.018985,0.013,0.033164,1,0.020164
0.2,F3_p75,0.018985,0.499,ACT,0.018985,0.013,0.033164,1,0.020164
0.2,F3_p75,0.018985,0.5,ACT,0.018985,0.013,0.033164,1,0.020164
0.2,F4_max,0.033164,0.0,REFUSE,0.033164,0.013,0.033164,1,0.020164
0.2,F4_max,0.033164,0.001,REFUSE,0.033164,0.013,0.033164,1,0.020164
0.2,F4_max,0.033164,0.002,REFUSE,0.033164,0.013,0.033164,1,0.020164
0.2,F4_max,0.033164,0.003,REFUSE,0.033164,0.013,0.033164,1,0.020164
0.2,F4_max,0.033164,0.004,REFUSE,0.033164,0.013,0.033164,1,0.020164
0.2,F4_max,0.033164,0.005,REFUSE,0.033164,0.013,0.033164,1,0.020164
0.2,F4_max,0.033164,0.006,REFUSE,0.033164,0.013,0.033164,1,0.020164
0.2,F4_max,0.033164,0.007,REFUSE,0.033164,0.013,0.033164,1,0.020164
0.2,F4_max,0.033164,0.008,REFUSE,0.033164,0.013,0.033164,1,0.020164
0.2,F4_max,0.033164,0.009,REFUSE,0.033164,0.013,0.033164,1,0.020164
0.2,F4_max,0.033164,0.01,REFUSE,0.033164,0.013,0.033164,1,0.020164
0.2,F4_max,0.033164,0.011,REFUSE,0.033164,0.013,0.033164,1,0.020164
0.2,F4_max,0.033164,0.012,REFUSE,0.033164,0.013,0.033164,1,0.020164
0.2,F4_max,0.033164,0.013,REFUSE,0.033164,0.013,0.033164,1,0.020164
0.2,F4_max,0.033164,0.014,REFUSE,0.033164,0.013,0.033164,1,0.020164
0.2,F4_max,0.033164,0.015,REFUSE,0.033164,0.013,0.033164,1,0.020164
0.2,F4_max,0.033164,0.016,REFUSE,0.033164,0.013,0.033164,1,0.020164
0.2,F4_max,0.033164,0.017,REFUSE,0.033164,0.013,0.033164,1,0.020164
0.2,F4_max,0.033164,0.018,REFUSE,0.033164,0.013,0.033164,1,0.020164
0.2,F4_max,0.033164,0.019,REFUSE,0.033164,0.013,0.033164,1,0.020164
0.2,F4_max,0.033164,0.02,REFUSE,0.033164,0.013,0.033164,1,0.020164
0.2,F4_max,0.033164,0.021,REFUSE,0.033164,0.013,0.033164,1,0.020164
0.2,F4_max,0.033164,0.022,REFUSE,0.033164,0.013,0.033164,1,0.020164
0.2,F4_max,0.033164,0.023,REFUSE,0.033164,0.013,0.033164,1,0.020164
0.2,F4_max,0.033164,0.024,REFUSE,0.033164,0.013,0.033164,1,0.020164
0.2,F4_max,0.033164,0.0251,REFUSE,0.033164,0.013,0.033164,1,0.020164
0.2,F4_max,0.033164,0.0261,REFUSE,0.033164,0.013,0.033164,1,0.020164
0.2,F4_max,0.033164,0.0271,REFUSE,0.033164,0.013,0.033164,1,0.020164
0.2,F4_max,0.033164,0.0281,REFUSE,0.033164,0.013,0.033164,1,0.020164
0.2,F4_max,0.033164,0.0291,REFUSE,0.033164,0.013,0.033164,1,0.020164
0.2,F4_max,0.033164,0.0301,REFUSE,0.033164,0.013,0.033164,1,0.020164
0.2,F4_max,0.033164,0.0311,REFUSE,0.033164,0.013,0.033164,1,0.020164
0.2,F4_max,0.033164,0.0321,REFUSE,0.033164,0.013,0.033164,1,0.020164
0.2,F4_max,0.033164,0.0331,REFUSE,0.033164,0.013,0.033164,1,0.020164
0.2,F4_max,0.033164,0.0341,ACT,0.033164,0.013,0.033164,1,0.020164
0.2,F4_max,0.033164,0.0351,ACT,0.033164,0.013,0.033164,1,0.020164
0.2,F4_max,0.033164,0.0361,ACT,0.033164,0.013,0.033164,1,0.020164
0.2,F4_max,0.033164,0.0371,ACT,0.033164,0.013,0.033164,1,0.020164
0.2,F4_max,0.033164,0.0381,ACT,0.033164,0.013,0.033164,1,0.020164
0.2,F4_max,0.033164,0.0391,ACT,0.033164,0.013,0.033164,1,0.020164
0.2,F4_max,0.033164,0.0401,ACT,0.033164,0.013,0.033164,1,0.020164
0.2,F4_max,0.033164,0.0411,ACT,0.033164,0.013,0.033164,1,0.020164
0.2,F4_max,0.033164,0.0421,ACT,0.033164,0.013,0.033164,1,0.020164
0.2,F4_max,0.033164,0.0431,ACT,0.033164,0.013,0.033164,1,0.020164
0.2,F4_max,0.033164,0.0441,ACT,0.033164,0.013,0.033164,1,0.020164
0.2,F4_max,0.033164,0.0451,ACT,0.033164,0.013,0.033164,1,0.020164
0.2,F4_max,0.033164,0.0461,ACT,0.033164,0.013,0.033164,1,0.020164
0.2,F4_max,0.033164,0.0471,ACT,0.033164,0.013,0.033164,1,0.020164
0.2,F4_max,0.033164,0.0481,ACT,0.033164,0.013,0.033164,1,0.020164
0.2,F4_max,0.033164,0.0491,ACT,0.033164,0.013,0.033164,1,0.020164
0.2,F4_max,0.033164,0.0501,ACT,0.033164,0.013,0.033164,1,0.020164
0.2,F4_max,0.033164,0.0511,ACT,0.033164,0.013,0.033164,1,0.020164
0.2,F4_max,0.033164,0.0521,ACT,0.033164,0.013,0.033164,1,0.020164
0.2,F4_max,0.033164,0.0531,ACT,0.033164,0.013,0.033164,1,0.020164
0.2,F4_max,0.033164,0.0541,ACT,0.033164,0.013,0.033164,1,0.020164
0.2,F4_max,0.033164,0.0551,ACT,0.033164,0.013,0.033164,1,0.020164
0.2,F4_max,0.033164,0.0561,ACT,0.033164,0.013,0.033164,1,0.020164
0.2,F4_max,0.033164,0.0571,ACT,0.033164,0.013,0.033164,1,0.020164
0.2,F4_max,0.033164,0.0581,ACT,0.033164,0.013,0.033164,1,0.020164
0.2,F4_max,0.033164,0.0591,ACT,0.033164,0.013,0.033164,1,0.020164
0.2,F4_max,0.033164,0.0601,ACT,0.033164,0.013,0.033164,1,0.020164
0.2,F4_max,0.033164,0.0611,ACT,0.033164,0.013,0.033164,1,0.020164
0.2,F4_max,0.033164,0.0621,ACT,0.033164,0.013,0.033164,1,0.020164
0.2,F4_max,0.033164,0.0631,ACT,0.033164,0.013,0.033164,1,0.020164
0.2,F4_max,0.033164,0.0641,ACT,0.033164,0.013,0.033164,1,0.020164
0.2,F4_max,0.033164,0.0651,ACT,0.033164,0.013,0.033164,1,0.020164
0.2,F4_max,0.033164,0.0661,ACT,0.033164,0.013,0.033164,1,0.020164
0.2,F4_max,0.033164,0.0671,ACT,0.033164,0.013,0.033164,1,0.020164
0.2,F4_max,0.033164,0.0681,ACT,0.033164,0.013,0.033164,1,0.020164
0.2,F4_max,0.033164,0.0691,ACT,0.033164,0.013,0.033164,1,0.020164
0.2,F4_max,0.033164,0.0701,ACT,0.033164,0.013,0.033164,1,0.020164
0.2,F4_max,0.033164,0.0711,ACT,0.033164,0.013,0.033164,1,0.020164
0.2,F4_max,0.033164,0.0721,ACT,0.033164,0.013,0.033164,1,0.020164
0.2,F4_max,0.033164,0.0731,ACT,0.033164,0.013,0.033164,1,0.020164
0.2,F4_max,0.033164,0.0741,ACT,0.033164,0.013,0.033164,1,0.020164
0.2,F4_max,0.033164,0.0752,ACT,0.033164,0.013,0.033164,1,0.020164
0.2,F4_max,0.033164,0.0762,ACT,0.033164,0.013,0.033164,1,0.020164
0.2,F4_max,0.033164,0.0772,ACT,0.033164,0.013,0.033164,1,0.020164
0.2,F4_max,0.033164,0.0782,ACT,0.033164,0.013,0.033164,1,0.020164
0.2,F4_max,0.033164,0.0792,ACT,0.033164,0.013,0.033164,1,0.020164
0.2,F4_max,0.033164,0.0802,ACT,0.033164,0.013,0.033164,1,0.020164
0.2,F4_max,0.033164,0.0812,ACT,0.033164,0.013,0.033164,1,0.020164
0.2,F4_max,0.033164,0.0822,ACT,0.033164,0.013,0.033164,1,0.020164
0.2,F4_max,0.033164,0.0832,ACT,0.033164,0.013,0.033164,1,0.020164
0.2,F4_max,0.033164,0.0842,ACT,0.033164,0.013,0.033164,1,0.020164
0.2,F4_max,0.033164,0.0852,ACT,0.033164,0.013,0.033164,1,0.020164
0.2,F4_max,0.033164,0.0862,ACT,0.033164,0.013,0.033164,1,0.020164
0.2,F4_max,0.033164,0.0872,ACT,0.033164,0.013,0.033164,1,0.020164
0.2,F4_max,0.033164,0.0882,ACT,0.033164,0.013,0.033164,1,0.020164
0.2,F4_max,0.033164,0.0892,ACT,0.033164,0.013,0.033164,1,0.020164
0.2,F4_max,0.033164,0.0902,ACT,0.033164,0.013,0.033164,1,0.020164
0.2,F4_max,0.033164,0.0912,ACT,0.033164,0.013,0.033164,1,0.020164
0.2,F4_max,0.033164,0.0922,ACT,0.033164,0.013,0.033164,1,0.020164
0.2,F4_max,0.033164,0.0932,ACT,0.033164,0.013,0.033164,1,0.020164
0.2,F4_max,0.033164,0.0942,ACT,0.033164,0.013,0.033164,1,0.020164
0.2,F4_max,0.033164,0.0952,ACT,0.033164,0.013,0.033164,1,0.020164
0.2,F4_max,0.033164,0.0962,ACT,0.033164,0.013,0.033164,1,0.020164
0.2,F4_max,0.033164,0.0972,ACT,0.033164,0.013,0.033164,1,0.020164
0.2,F4_max,0.033164,0.0982,ACT,0.033164,0.013,0.033164,1,0.020164
0.2,F4_max,0.033164,0.0992,ACT,0.033164,0.013,0.033164,1,0.020164
0.2,F4_max,0.033164,0.1002,ACT,0.033164,0.013,0.033164,1,0.020164
0.2,F4_max,0.033164,0.1012,ACT,0.033164,0.013,0.033164,1,0.020164
0.2,F4_max,0.033164,0.1022,ACT,0.033164,0.013,0.033164,1,0.020164
0.2,F4_max,0.033164,0.1032,ACT,0.033164,0.013,0.033164,1,0.020164
0.2,F4_max,0.033164,0.1042,ACT,0.033164,0.013,0.033164,1,0.020164
0.2,F4_max,0.033164,0.1052,ACT,0.033164,0.013,0.033164,1,0.020164
0.2,F4_max,0.033164,0.1062,ACT,0.033164,0.013,0.033164,1,0.020164
0.2,F4_max,0.033164,0.1072,ACT,0.033164,0.013,0.033164,1,0.020164
0.2,F4_max,0.033164,0.1082,ACT,0.033164,0.013,0.033164,1,0.020164
0.2,F4_max,0.033164,0.1092,ACT,0.033164,0.013,0.033164,1,0.020164
0.2,F4_max,0.033164,0.1102,ACT,0.033164,0.013,0.033164,1,0.020164
0.2,F4_max,0.033164,0.1112,ACT,0.033164,0.013,0.033164,1,0.020164
0.2,F4_max,0.033164,0.1122,ACT,0.033164,0.013,0.033164,1,0.020164
0.2,F4_max,0.033164,0.1132,ACT,0.033164,0.013,0.033164,1,0.020164
0.2,F4_max,0.033164,0.1142,ACT,0.033164,0.013,0.033164,1,0.020164
0.2,F4_max,0.033164,0.1152,ACT,0.033164,0.013,0.033164,1,0.020164
0.2,F4_max,0.033164,0.1162,ACT,0.033164,0.013,0.033164,1,0.020164
0.2,F4_max,0.033164,0.1172,ACT,0.033164,0.013,0.033164,1,0.020164
0.2,F4_max,0.033164,0.1182,ACT,0.033164,0.013,0.033164,1,0.020164
0.2,F4_max,0.033164,0.1192,ACT,0.033164,0.013,0.033164,1,0.020164
0.2,F4_max,0.033164,0.1202,ACT,0.033164,0.013,0.033164,1,0.020164
0.2,F4_max,0.033164,0.1212,ACT,0.033164,0.013,0.033164,1,0.020164
0.2,F4_max,0.033164,0.1222,ACT,0.033164,0.013,0.033164,1,0.020164
0.2,F4_max,0.033164,0.1232,ACT,0.033164,0.013,0.033164,1,0.020164
0.2,F4_max,0.033164,0.1242,ACT,0.033164,0.013,0.033164,1,0.020164
0.2,F4_max,0.033164,0.1253,ACT,0.033164,0.013,0.033164,1,0.020164
0.2,F4_max,0.033164,0.1263,ACT,0.033164,0.013,0.033164,1,0.020164
0.2,F4_max,0.033164,0.1273,ACT,0.033164,0.013,0.033164,1,0.020164
0.2,F4_max,0.033164,0.1283,ACT,0.033164,0.013,0.033164,1,0.020164
0.2,F4_max,0.033164,0.1293,ACT,0.033164,0.013,0.033164,1,0.020164
0.2,F4_max,0.033164,0.1303,ACT,0.033164,0.013,0.033164,1,0.020164
0.2,F4_max,0.033164,0.1313,ACT,0.033164,0.013,0.033164,1,0.020164
0.2,F4_max,0.033164,0.1323,ACT,0.033164,0.013,0.033164,1,0.020164
0.2,F4_max,0.033164,0.1333,ACT,0.033164,0.013,0.033164,1,0.020164
0.2,F4_max,0.033164,0.1343,ACT,0.033164,0.013,0.033164,1,0.020164
0.2,F4_max,0.033164,0.1353,ACT,0.033164,0.013,0.033164,1,0.020164
0.2,F4_max,0.033164,0.1363,ACT,0.033164,0.013,0.033164,1,0.020164
0.2,F4_max,0.033164,0.1373,ACT,0.033164,0.013,0.033164,1,0.020164
0.2,F4_max,0.033164,0.1383,ACT,0.033164,0.013,0.033164,1,0.020164
0.2,F4_max,0.033164,0.1393,ACT,0.033164,0.013,0.033164,1,0.020164
0.2,F4_max,0.033164,0.1403,ACT,0.033164,0.013,0.033164,1,0.020164
0.2,F4_max,0.033164,0.1413,ACT,0.033164,0.013,0.033164,1,0.020164
0.2,F4_max,0.033164,0.1423,ACT,0.033164,0.013,0.033164,1,0.020164
0.2,F4_max,0.033164,0.1433,ACT,0.033164,0.013,0.033164,1,0.020164
0.2,F4_max,0.033164,0.1443,ACT,0.033164,0.013,0.033164,1,0.020164
0.2,F4_max,0.033164,0.1453,ACT,0.033164,0.013,0.033164,1,0.020164
0.2,F4_max,0.033164,0.1463,ACT,0.033164,0.013,0.033164,1,0.020164
0.2,F4_max,0.033164,0.1473,ACT,0.033164,0.013,0.033164,1,0.020164
0.2,F4_max,0.033164,0.1483,ACT,0.033164,0.013,0.033164,1,0.020164
0.2,F4_max,0.033164,0.1493,ACT,0.033164,0.013,0.033164,1,0.020164
0.2,F4_max,0.033164,0.1503,ACT,0.033164,0.013,0.033164,1,0.020164
0.2,F4_max,0.033164,0.1513,ACT,0.033164,0.013,0.033164,1,0.020164
0.2,F4_max,0.033164,0.1523,ACT,0.033164,0.013,0.033164,1,0.020164
0.2,F4_max,0.033164,0.1533,ACT,0.033164,0.013,0.033164,1,0.020164
0.2,F4_max,0.033164,0.1543,ACT,0.033164,0.013,0.033164,1,0.020164
0.2,F4_max,0.033164,0.1553,ACT,0.033164,0.013,0.033164,1,0.020164
0.2,F4_max,0.033164,0.1563,ACT,0.033164,0.013,0.033164,1,0.020164
0.2,F4_max,0.033164,0.1573,ACT,0.033164,0.013,0.033164,1,0.020164
0.2,F4_max,0.033164,0.1583,ACT,0.033164,0.013,0.033164,1,0.020164
0.2,F4_max,0.033164,0.1593,ACT,0.033164,0.013,0.033164,1,0.020164
0.2,F4_max,0.033164,0.1603,ACT,0.033164,0.013,0.033164,1,0.020164
0.2,F4_max,0.033164,0.1613,ACT,0.033164,0.013,0.033164,1,0.020164
0.2,F4_max,0.033164,0.1623,ACT,0.033164,0.013,0.033164,1,0.020164
0.2,F4_max,0.033164,0.1633,ACT,0.033164,0.013,0.033164,1,0.020164
0.2,F4_max,0.033164,0.1643,ACT,0.033164,0.013,0.033164,1,0.020164
0.2,F4_max,0.033164,0.1653,ACT,0.033164,0.013,0.033164,1,0.020164
0.2,F4_max,0.033164,0.1663,ACT,0.033164,0.013,0.033164,1,0.020164
0.2,F4_max,0.033164,0.1673,ACT,0.033164,0.013,0.033164,1,0.020164
0.2,F4_max,0.033164,0.1683,ACT,0.033164,0.013,0.033164,1,0.020164
0.2,F4_max,0.033164,0.1693,ACT,0.033164,0.013,0.033164,1,0.020164
0.2,F4_max,0.033164,0.1703,ACT,0.033164,0.013,0.033164,1,0.020164
0.2,F4_max,0.033164,0.1713,ACT,0.033164,0.013,0.033164,1,0.020164
0.2,F4_max,0.033164,0.1723,ACT,0.033164,0.013,0.033164,1,0.020164
0.2,F4_max,0.033164,0.1733,ACT,0.033164,0.013,0.033164,1,0.020164
0.2,F4_max,0.033164,0.1743,ACT,0.033164,0.013,0.033164,1,0.020164
0.2,F4_max,0.033164,0.1754,ACT,0.033164,0.013,0.033164,1,0.020164
0.2,F4_max,0.033164,0.1764,ACT,0.033164,0.013,0.033164,1,0.020164
0.2,F4_max,0.033164,0.1774,ACT,0.033164,0.013,0.033164,1,0.020164
0.2,F4_max,0.033164,0.1784,ACT,0.033164,0.013,0.033164,1,0.020164
0.2,F4_max,0.033164,0.1794,ACT,0.033164,0.013,0.033164,1,0.020164
0.2,F4_max,0.033164,0.1804,ACT,0.033164,0.013,0.033164,1,0.020164
0.2,F4_max,0.033164,0.1814,ACT,0.033164,0.013,0.033164,1,0.020164
0.2,F4_max,0.033164,0.1824,ACT,0.033164,0.013,0.033164,1,0.020164
0.2,F4_max,0.033164,0.1834,ACT,0.033164,0.013,0.033164,1,0.020164
0.2,F4_max,0.033164,0.1844,ACT,0.033164,0.013,0.033164,1,0.020164
0.2,F4_max,0.033164,0.1854,ACT,0.033164,0.013,0.033164,1,0.020164
0.2,F4_max,0.033164,0.1864,ACT,0.033164,0.013,0.033164,1,0.020164
0.2,F4_max,0.033164,0.1874,ACT,0.033164,0.013,0.033164,1,0.020164
0.2,F4_max,0.033164,0.1884,ACT,0.033164,0.013,0.033164,1,0.020164
0.2,F4_max,0.033164,0.1894,ACT,0.033164,0.013,0.033164,1,0.020164
0.2,F4_max,0.033164,0.1904,ACT,0.033164,0.013,0.033164,1,0.020164
0.2,F4_max,0.033164,0.1914,ACT,0.033164,0.013,0.033164,1,0.020164
0.2,F4_max,0.033164,0.1924,ACT,0.033164,0.013,0.033164,1,0.020164
0.2,F4_max,0.033164,0.1934,ACT,0.033164,0.013,0.033164,1,0.020164
0.2,F4_max,0.033164,0.1944,ACT,0.033164,0.013,0.033164,1,0.020164
0.2,F4_max,0.033164,0.1954,ACT,0.033164,0.013,0.033164,1,0.020164
0.2,F4_max,0.033164,0.1964,ACT,0.033164,0.013,0.033164,1,0.020164
0.2,F4_max,0.033164,0.1974,ACT,0.033164,0.013,0.033164,1,0.020164
0.2,F4_max,0.033164,0.1984,ACT,0.033164,0.013,0.033164,1,0.020164
0.2,F4_max,0.033164,0.1994,ACT,0.033164,0.013,0.033164,1,0.020164
0.2,F4_max,0.033164,0.2004,ACT,0.033164,0.013,0.033164,1,0.020164
0.2,F4_max,0.033164,0.2014,ACT,0.033164,0.013,0.033164,1,0.020164
0.2,F4_max,0.033164,0.2024,ACT,0.033164,0.013,0.033164,1,0.020164
0.2,F4_max,0.033164,0.2034,ACT,0.033164,0.013,0.033164,1,0.020164
0.2,F4_max,0.033164,0.2044,ACT,0.033164,0.013,0.033164,1,0.020164
0.2,F4_max,0.033164,0.2054,ACT,0.033164,0.013,0.033164,1,0.020164
0.2,F4_max,0.033164,0.2064,ACT,0.033164,0.013,0.033164,1,0.020164
0.2,F4_max,0.033164,0.2074,ACT,0.033164,0.013,0.033164,1,0.020164
0.2,F4_max,0.033164,0.2084,ACT,0.033164,0.013,0.033164,1,0.020164
0.2,F4_max,0.033164,0.2094,ACT,0.033164,0.013,0.033164,1,0.020164
0.2,F4_max,0.033164,0.2104,ACT,0.033164,0.013,0.033164,1,0.020164
0.2,F4_max,0.033164,0.2114,ACT,0.033164,0.013,0.033164,1,0.020164
0.2,F4_max,0.033164,0.2124,ACT,0.033164,0.013,0.033164,1,0.020164
0.2,F4_max,0.033164,0.2134,ACT,0.033164,0.013,0.033164,1,0.020164
0.2,F4_max,0.033164,0.2144,ACT,0.033164,0.013,0.033164,1,0.020164
0.2,F4_max,0.033164,0.2154,ACT,0.033164,0.013,0.033164,1,0.020164
0.2,F4_max,0.033164,0.2164,ACT,0.033164,0.013,0.033164,1,0.020164
0.2,F4_max,0.033164,0.2174,ACT,0.033164,0.013,0.033164,1,0.020164
0.2,F4_max,0.033164,0.2184,ACT,0.033164,0.013,0.033164,1,0.020164
0.2,F4_max,0.033164,0.2194,ACT,0.033164,0.013,0.033164,1,0.020164
0.2,F4_max,0.033164,0.2204,ACT,0.033164,0.013,0.033164,1,0.020164
0.2,F4_max,0.033164,0.2214,ACT,0.033164,0.013,0.033164,1,0.020164
0.2,F4_max,0.033164,0.2224,ACT,0.033164,0.013,0.033164,1,0.020164
0.2,F4_max,0.033164,0.2234,ACT,0.033164,0.013,0.033164,1,0.020164
0.2,F4_max,0.033164,0.2244,ACT,0.033164,0.013,0.033164,1,0.020164
0.2,F4_max,0.033164,0.2255,ACT,0.033164,0.013,0.033164,1,0.020164
0.2,F4_max,0.033164,0.2265,ACT,0.033164,0.013,0.033164,1,0.020164
0.2,F4_max,0.033164,0.2275,ACT,0.033164,0.013,0.033164,1,0.020164
0.2,F4_max,0.033164,0.2285,ACT,0.033164,0.013,0.033164,1,0.020164
0.2,F4_max,0.033164,0.2295,ACT,0.033164,0.013,0.033164,1,0.020164
0.2,F4_max,0.033164,0.2305,ACT,0.033164,0.013,0.033164,1,0.020164
0.2,F4_max,0.033164,0.2315,ACT,0.033164,0.013,0.033164,1,0.020164
0.2,F4_max,0.033164,0.2325,ACT,0.033164,0.013,0.033164,1,0.020164
0.2,F4_max,0.033164,0.2335,ACT,0.033164,0.013,0.033164,1,0.020164
0.2,F4_max,0.033164,0.2345,ACT,0.033164,0.013,0.033164,1,0.020164
0.2,F4_max,0.033164,0.2355,ACT,0.033164,0.013,0.033164,1,0.020164
0.2,F4_max,0.033164,0.2365,ACT,0.033164,0.013,0.033164,1,0.020164
0.2,F4_max,0.033164,0.2375,ACT,0.033164,0.013,0.033164,1,0.020164
0.2,F4_max,0.033164,0.2385,ACT,0.033164,0.013,0.033164,1,0.020164
0.2,F4_max,0.033164,0.2395,ACT,0.033164,0.013,0.033164,1,0.020164
0.2,F4_max,0.033164,0.2405,ACT,0.033164,0.013,0.033164,1,0.020164
0.2,F4_max,0.033164,0.2415,ACT,0.033164,0.013,0.033164,1,0.020164
0.2,F4_max,0.033164,0.2425,ACT,0.033164,0.013,0.033164,1,0.020164
0.2,F4_max,0.033164,0.2435,ACT,0.033164,0.013,0.033164,1,0.020164
0.2,F4_max,0.033164,0.2445,ACT,0.033164,0.013,0.033164,1,0.020164
0.2,F4_max,0.033164,0.2455,ACT,0.033164,0.013,0.033164,1,0.020164
0.2,F4_max,0.033164,0.2465,ACT,0.033164,0.013,0.033164,1,0.020164
0.2,F4_max,0.033164,0.2475,ACT,0.033164,0.013,0.033164,1,0.020164
0.2,F4_max,0.033164,0.2485,ACT,0.033164,0.013,0.033164,1,0.020164
0.2,F4_max,0.033164,0.2495,ACT,0.033164,0.013,0.033164,1,0.020164
0.2,F4_max,0.033164,0.2505,ACT,0.033164,0.013,0.033164,1,0.020164
0.2,F4_max,0.033164,0.2515,ACT,0.033164,0.013,0.033164,1,0.020164
0.2,F4_max,0.033164,0.2525,ACT,0.033164,0.013,0.033164,1,0.020164
0.2,F4_max,0.033164,0.2535,ACT,0.033164,0.013,0.033164,1,0.020164
0.2,F4_max,0.033164,0.2545,ACT,0.033164,0.013,0.033164,1,0.020164
0.2,F4_max,0.033164,0.2555,ACT,0.033164,0.013,0.033164,1,0.020164
0.2,F4_max,0.033164,0.2565,ACT,0.033164,0.013,0.033164,1,0.020164
0.2,F4_max,0.033164,0.2575,ACT,0.033164,0.013,0.033164,1,0.020164
0.2,F4_max,0.033164,0.2585,ACT,0.033164,0.013,0.033164,1,0.020164
0.2,F4_max,0.033164,0.2595,ACT,0.033164,0.013,0.033164,1,0.020164
0.2,F4_max,0.033164,0.2605,ACT,0.033164,0.013,0.033164,1,0.020164
0.2,F4_max,0.033164,0.2615,ACT,0.033164,0.013,0.033164,1,0.020164
0.2,F4_max,0.033164,0.2625,ACT,0.033164,0.013,0.033164,1,0.020164
0.2,F4_max,0.033164,0.2635,ACT,0.033164,0.013,0.033164,1,0.020164
0.2,F4_max,0.033164,0.2645,ACT,0.033164,0.013,0.033164,1,0.020164
0.2,F4_max,0.033164,0.2655,ACT,0.033164,0.013,0.033164,1,0.020164
0.2,F4_max,0.033164,0.2665,ACT,0.033164,0.013,0.033164,1,0.020164
0.2,F4_max,0.033164,0.2675,ACT,0.033164,0.013,0.033164,1,0.020164
0.2,F4_max,0.033164,0.2685,ACT,0.033164,0.013,0.033164,1,0.020164
0.2,F4_max,0.033164,0.2695,ACT,0.033164,0.013,0.033164,1,0.020164
0.2,F4_max,0.033164,0.2705,ACT,0.033164,0.013,0.033164,1,0.020164
0.2,F4_max,0.033164,0.2715,ACT,0.033164,0.013,0.033164,1,0.020164
0.2,F4_max,0.033164,0.2725,ACT,0.033164,0.013,0.033164,1,0.020164
0.2,F4_max,0.033164,0.2735,ACT,0.033164,0.013,0.033164,1,0.020164
0.2,F4_max,0.033164,0.2745,ACT,0.033164,0.013,0.033164,1,0.020164
0.2,F4_max,0.033164,0.2756,ACT,0.033164,0.013,0.033164,1,0.020164
0.2,F4_max,0.033164,0.2766,ACT,0.033164,0.013,0.033164,1,0.020164
0.2,F4_max,0.033164,0.2776,ACT,0.033164,0.013,0.033164,1,0.020164
0.2,F4_max,0.033164,0.2786,ACT,0.033164,0.013,0.033164,1,0.020164
0.2,F4_max,0.033164,0.2796,ACT,0.033164,0.013,0.033164,1,0.020164
0.2,F4_max,0.033164,0.2806,ACT,0.033164,0.013,0.033164,1,0.020164
0.2,F4_max,0.033164,0.2816,ACT,0.033164,0.013,0.033164,1,0.020164
0.2,F4_max,0.033164,0.2826,ACT,0.033164,0.013,0.033164,1,0.020164
0.2,F4_max,0.033164,0.2836,ACT,0.033164,0.013,0.033164,1,0.020164
0.2,F4_max,0.033164,0.2846,ACT,0.033164,0.013,0.033164,1,0.020164
0.2,F4_max,0.033164,0.2856,ACT,0.033164,0.013,0.033164,1,0.020164
0.2,F4_max,0.033164,0.2866,ACT,0.033164,0.013,0.033164,1,0.020164
0.2,F4_max,0.033164,0.2876,ACT,0.033164,0.013,0.033164,1,0.020164
0.2,F4_max,0.033164,0.2886,ACT,0.033164,0.013,0.033164,1,0.020164
0.2,F4_max,0.033164,0.2896,ACT,0.033164,0.013,0.033164,1,0.020164
0.2,F4_max,0.033164,0.2906,ACT,0.033164,0.013,0.033164,1,0.020164
0.2,F4_max,0.033164,0.2916,ACT,0.033164,0.013,0.033164,1,0.020164
0.2,F4_max,0.033164,0.2926,ACT,0.033164,0.013,0.033164,1,0.020164
0.2,F4_max,0.033164,0.2936,ACT,0.033164,0.013,0.033164,1,0.020164
0.2,F4_max,0.033164,0.2946,ACT,0.033164,0.013,0.033164,1,0.020164
0.2,F4_max,0.033164,0.2956,ACT,0.033164,0.013,0.033164,1,0.020164
0.2,F4_max,0.033164,0.2966,ACT,0.033164,0.013,0.033164,1,0.020164
0.2,F4_max,0.033164,0.2976,ACT,0.033164,0.013,0.033164,1,0.020164
0.2,F4_max,0.033164,0.2986,ACT,0.033164,0.013,0.033164,1,0.020164
0.2,F4_max,0.033164,0.2996,ACT,0.033164,0.013,0.033164,1,0.020164
0.2,F4_max,0.033164,0.3006,ACT,0.033164,0.013,0.033164,1,0.020164
0.2,F4_max,0.033164,0.3016,ACT,0.033164,0.013,0.033164,1,0.020164
0.2,F4_max,0.033164,0.3026,ACT,0.033164,0.013,0.033164,1,0.020164
0.2,F4_max,0.033164,0.3036,ACT,0.033164,0.013,0.033164,1,0.020164
0.2,F4_max,0.033164,0.3046,ACT,0.033164,0.013,0.033164,1,0.020164
0.2,F4_max,0.033164,0.3056,ACT,0.033164,0.013,0.033164,1,0.020164
0.2,F4_max,0.033164,0.3066,ACT,0.033164,0.013,0.033164,1,0.020164
0.2,F4_max,0.033164,0.3076,ACT,0.033164,0.013,0.033164,1,0.020164
0.2,F4_max,0.033164,0.3086,ACT,0.033164,0.013,0.033164,1,0.020164
0.2,F4_max,0.033164,0.3096,ACT,0.033164,0.013,0.033164,1,0.020164
0.2,F4_max,0.033164,0.3106,ACT,0.033164,0.013,0.033164,1,0.020164
0.2,F4_max,0.033164,0.3116,ACT,0.033164,0.013,0.033164,1,0.020164
0.2,F4_max,0.033164,0.3126,ACT,0.033164,0.013,0.033164,1,0.020164
0.2,F4_max,0.033164,0.3136,ACT,0.033164,0.013,0.033164,1,0.020164
0.2,F4_max,0.033164,0.3146,ACT,0.033164,0.013,0.033164,1,0.020164
0.2,F4_max,0.033164,0.3156,ACT,0.033164,0.013,0.033164,1,0.020164
0.2,F4_max,0.033164,0.3166,ACT,0.033164,0.013,0.033164,1,0.020164
0.2,F4_max,0.033164,0.3176,ACT,0.033164,0.013,0.033164,1,0.020164
0.2,F4_max,0.033164,0.3186,ACT,0.033164,0.013,0.033164,1,0.020164
0.2,F4_max,0.033164,0.3196,ACT,0.033164,0.013,0.033164,1,0.020164
0.2,F4_max,0.033164,0.3206,ACT,0.033164,0.013,0.033164,1,0.020164
0.2,F4_max,0.033164,0.3216,ACT,0.033164,0.013,0.033164,1,0.020164
0.2,F4_max,0.033164,0.3226,ACT,0.033164,0.013,0.033164,1,0.020164
0.2,F4_max,0.033164,0.3236,ACT,0.033164,0.013,0.033164,1,0.020164
0.2,F4_max,0.033164,0.3246,ACT,0.033164,0.013,0.033164,1,0.020164
0.2,F4_max,0.033164,0.3257,ACT,0.033164,0.013,0.033164,1,0.020164
0.2,F4_max,0.033164,0.3267,ACT,0.033164,0.013,0.033164,1,0.020164
0.2,F4_max,0.033164,0.3277,ACT,0.033164,0.013,0.033164,1,0.020164
0.2,F4_max,0.033164,0.3287,ACT,0.033164,0.013,0.033164,1,0.020164
0.2,F4_max,0.033164,0.3297,ACT,0.033164,0.013,0.033164,1,0.020164
0.2,F4_max,0.033164,0.3307,ACT,0.033164,0.013,0.033164,1,0.020164
0.2,F4_max,0.033164,0.3317,ACT,0.033164,0.013,0.033164,1,0.020164
0.2,F4_max,0.033164,0.3327,ACT,0.033164,0.013,0.033164,1,0.020164
0.2,F4_max,0.033164,0.3337,ACT,0.033164,0.013,0.033164,1,0.020164
0.2,F4_max,0.033164,0.3347,ACT,0.033164,0.013,0.033164,1,0.020164
0.2,F4_max,0.033164,0.3357,ACT,0.033164,0.013,0.033164,1,0.020164
0.2,F4_max,0.033164,0.3367,ACT,0.033164,0.013,0.033164,1,0.020164
0.2,F4_max,0.033164,0.3377,ACT,0.033164,0.013,0.033164,1,0.020164
0.2,F4_max,0.033164,0.3387,ACT,0.033164,0.013,0.033164,1,0.020164
0.2,F4_max,0.033164,0.3397,ACT,0.033164,0.013,0.033164,1,0.020164
0.2,F4_max,0.033164,0.3407,ACT,0.033164,0.013,0.033164,1,0.020164
0.2,F4_max,0.033164,0.3417,ACT,0.033164,0.013,0.033164,1,0.020164
0.2,F4_max,0.033164,0.3427,ACT,0.033164,0.013,0.033164,1,0.020164
0.2,F4_max,0.033164,0.3437,ACT,0.033164,0.013,0.033164,1,0.020164
0.2,F4_max,0.033164,0.3447,ACT,0.033164,0.013,0.033164,1,0.020164
0.2,F4_max,0.033164,0.3457,ACT,0.033164,0.013,0.033164,1,0.020164
0.2,F4_max,0.033164,0.3467,ACT,0.033164,0.013,0.033164,1,0.020164
0.2,F4_max,0.033164,0.3477,ACT,0.033164,0.013,0.033164,1,0.020164
0.2,F4_max,0.033164,0.3487,ACT,0.033164,0.013,0.033164,1,0.020164
0.2,F4_max,0.033164,0.3497,ACT,0.033164,0.013,0.033164,1,0.020164
0.2,F4_max,0.033164,0.3507,ACT,0.033164,0.013,0.033164,1,0.020164
0.2,F4_max,0.033164,0.3517,ACT,0.033164,0.013,0.033164,1,0.020164
0.2,F4_max,0.033164,0.3527,ACT,0.033164,0.013,0.033164,1,0.020164
0.2,F4_max,0.033164,0.3537,ACT,0.033164,0.013,0.033164,1,0.020164
0.2,F4_max,0.033164,0.3547,ACT,0.033164,0.013,0.033164,1,0.020164
0.2,F4_max,0.033164,0.3557,ACT,0.033164,0.013,0.033164,1,0.020164
0.2,F4_max,0.033164,0.3567,ACT,0.033164,0.013,0.033164,1,0.020164
0.2,F4_max,0.033164,0.3577,ACT,0.033164,0.013,0.033164,1,0.020164
0.2,F4_max,0.033164,0.3587,ACT,0.033164,0.013,0.033164,1,0.020164
0.2,F4_max,0.033164,0.3597,ACT,0.033164,0.013,0.033164,1,0.020164
0.2,F4_max,0.033164,0.3607,ACT,0.033164,0.013,0.033164,1,0.020164
0.2,F4_max,0.033164,0.3617,ACT,0.033164,0.013,0.033164,1,0.020164
0.2,F4_max,0.033164,0.3627,ACT,0.033164,0.013,0.033164,1,0.020164
0.2,F4_max,0.033164,0.3637,ACT,0.033164,0.013,0.033164,1,0.020164
0.2,F4_max,0.033164,0.3647,ACT,0.033164,0.013,0.033164,1,0.020164
0.2,F4_max,0.033164,0.3657,ACT,0.033164,0.013,0.033164,1,0.020164
0.2,F4_max,0.033164,0.3667,ACT,0.033164,0.013,0.033164,1,0.020164
0.2,F4_max,0.033164,0.3677,ACT,0.033164,0.013,0.033164,1,0.020164
0.2,F4_max,0.033164,0.3687,ACT,0.033164,0.013,0.033164,1,0.020164
0.2,F4_max,0.033164,0.3697,ACT,0.033164,0.013,0.033164,1,0.020164
0.2,F4_max,0.033164,0.3707,ACT,0.033164,0.013,0.033164,1,0.020164
0.2,F4_max,0.033164,0.3717,ACT,0.033164,0.013,0.033164,1,0.020164
0.2,F4_max,0.033164,0.3727,ACT,0.033164,0.013,0.033164,1,0.020164
0.2,F4_max,0.033164,0.3737,ACT,0.033164,0.013,0.033164,1,0.020164
0.2,F4_max,0.033164,0.3747,ACT,0.033164,0.013,0.033164,1,0.020164
0.2,F4_max,0.033164,0.3758,ACT,0.033164,0.013,0.033164,1,0.020164
0.2,F4_max,0.033164,0.3768,ACT,0.033164,0.013,0.033164,1,0.020164
0.2,F4_max,0.033164,0.3778,ACT,0.033164,0.013,0.033164,1,0.020164
0.2,F4_max,0.033164,0.3788,ACT,0.033164,0.013,0.033164,1,0.020164
0.2,F4_max,0.033164,0.3798,ACT,0.033164,0.013,0.033164,1,0.020164
0.2,F4_max,0.033164,0.3808,ACT,0.033164,0.013,0.033164,1,0.020164
0.2,F4_max,0.033164,0.3818,ACT,0.033164,0.013,0.033164,1,0.020164
0.2,F4_max,0.033164,0.3828,ACT,0.033164,0.013,0.033164,1,0.020164
0.2,F4_max,0.033164,0.3838,ACT,0.033164,0.013,0.033164,1,0.020164
0.2,F4_max,0.033164,0.3848,ACT,0.033164,0.013,0.033164,1,0.020164
0.2,F4_max,0.033164,0.3858,ACT,0.033164,0.013,0.033164,1,0.020164
0.2,F4_max,0.033164,0.3868,ACT,0.033164,0.013,0.033164,1,0.020164
0.2,F4_max,0.033164,0.3878,ACT,0.033164,0.013,0.033164,1,0.020164
0.2,F4_max,0.033164,0.3888,ACT,0.033164,0.013,0.033164,1,0.020164
0.2,F4_max,0.033164,0.3898,ACT,0.033164,0.013,0.033164,1,0.020164
0.2,F4_max,0.033164,0.3908,ACT,0.033164,0.013,0.033164,1,0.020164
0.2,F4_max,0.033164,0.3918,ACT,0.033164,0.013,0.033164,1,0.020164
0.2,F4_max,0.033164,0.3928,ACT,0.033164,0.013,0.033164,1,0.020164
0.2,F4_max,0.033164,0.3938,ACT,0.033164,0.013,0.033164,1,0.020164
0.2,F4_max,0.033164,0.3948,ACT,0.033164,0.013,0.033164,1,0.020164
0.2,F4_max,0.033164,0.3958,ACT,0.033164,0.013,0.033164,1,0.020164
0.2,F4_max,0.033164,0.3968,ACT,0.033164,0.013,0.033164,1,0.020164
0.2,F4_max,0.033164,0.3978,ACT,0.033164,0.013,0.033164,1,0.020164
0.2,F4_max,0.033164,0.3988,ACT,0.033164,0.013,0.033164,1,0.020164
0.2,F4_max,0.033164,0.3998,ACT,0.033164,0.013,0.033164,1,0.020164
0.2,F4_max,0.033164,0.4008,ACT,0.033164,0.013,0.033164,1,0.020164
0.2,F4_max,0.033164,0.4018,ACT,0.033164,0.013,0.033164,1,0.020164
0.2,F4_max,0.033164,0.4028,ACT,0.033164,0.013,0.033164,1,0.020164
0.2,F4_max,0.033164,0.4038,ACT,0.033164,0.013,0.033164,1,0.020164
0.2,F4_max,0.033164,0.4048,ACT,0.033164,0.013,0.033164,1,0.020164
0.2,F4_max,0.033164,0.4058,ACT,0.033164,0.013,0.033164,1,0.020164
0.2,F4_max,0.033164,0.4068,ACT,0.033164,0.013,0.033164,1,0.020164
0.2,F4_max,0.033164,0.4078,ACT,0.033164,0.013,0.033164,1,0.020164
0.2,F4_max,0.033164,0.4088,ACT,0.033164,0.013,0.033164,1,0.020164
0.2,F4_max,0.033164,0.4098,ACT,0.033164,0.013,0.033164,1,0.020164
0.2,F4_max,0.033164,0.4108,ACT,0.033164,0.013,0.033164,1,0.020164
0.2,F4_max,0.033164,0.4118,ACT,0.033164,0.013,0.033164,1,0.020164
0.2,F4_max,0.033164,0.4128,ACT,0.033164,0.013,0.033164,1,0.020164
0.2,F4_max,0.033164,0.4138,ACT,0.033164,0.013,0.033164,1,0.020164
0.2,F4_max,0.033164,0.4148,ACT,0.033164,0.013,0.033164,1,0.020164
0.2,F4_max,0.033164,0.4158,ACT,0.033164,0.013,0.033164,1,0.020164
0.2,F4_max,0.033164,0.4168,ACT,0.033164,0.013,0.033164,1,0.020164
0.2,F4_max,0.033164,0.4178,ACT,0.033164,0.013,0.033164,1,0.020164
0.2,F4_max,0.033164,0.4188,ACT,0.033164,0.013,0.033164,1,0.020164
0.2,F4_max,0.033164,0.4198,ACT,0.033164,0.013,0.033164,1,0.020164
0.2,F4_max,0.033164,0.4208,ACT,0.033164,0.013,0.033164,1,0.020164
0.2,F4_max,0.033164,0.4218,ACT,0.033164,0.013,0.033164,1,0.020164
0.2,F4_max,0.033164,0.4228,ACT,0.033164,0.013,0.033164,1,0.020164
0.2,F4_max,0.033164,0.4238,ACT,0.033164,0.013,0.033164,1,0.020164
0.2,F4_max,0.033164,0.4248,ACT,0.033164,0.013,0.033164,1,0.020164
0.2,F4_max,0.033164,0.4259,ACT,0.033164,0.013,0.033164,1,0.020164
0.2,F4_max,0.033164,0.4269,ACT,0.033164,0.013,0.033164,1,0.020164
0.2,F4_max,0.033164,0.4279,ACT,0.033164,0.013,0.033164,1,0.020164
0.2,F4_max,0.033164,0.4289,ACT,0.033164,0.013,0.033164,1,0.020164
0.2,F4_max,0.033164,0.4299,ACT,0.033164,0.013,0.033164,1,0.020164
0.2,F4_max,0.033164,0.4309,ACT,0.033164,0.013,0.033164,1,0.020164
0.2,F4_max,0.033164,0.4319,ACT,0.033164,0.013,0.033164,1,0.020164
0.2,F4_max,0.033164,0.4329,ACT,0.033164,0.013,0.033164,1,0.020164
0.2,F4_max,0.033164,0.4339,ACT,0.033164,0.013,0.033164,1,0.020164
0.2,F4_max,0.033164,0.4349,ACT,0.033164,0.013,0.033164,1,0.020164
0.2,F4_max,0.033164,0.4359,ACT,0.033164,0.013,0.033164,1,0.020164
0.2,F4_max,0.033164,0.4369,ACT,0.033164,0.013,0.033164,1,0.020164
0.2,F4_max,0.033164,0.4379,ACT,0.033164,0.013,0.033164,1,0.020164
0.2,F4_max,0.033164,0.4389,ACT,0.033164,0.013,0.033164,1,0.020164
0.2,F4_max,0.033164,0.4399,ACT,0.033164,0.013,0.033164,1,0.020164
0.2,F4_max,0.033164,0.4409,ACT,0.033164,0.013,0.033164,1,0.020164
0.2,F4_max,0.033164,0.4419,ACT,0.033164,0.013,0.033164,1,0.020164
0.2,F4_max,0.033164,0.4429,ACT,0.033164,0.013,0.033164,1,0.020164
0.2,F4_max,0.033164,0.4439,ACT,0.033164,0.013,0.033164,1,0.020164
0.2,F4_max,0.033164,0.4449,ACT,0.033164,0.013,0.033164,1,0.020164
0.2,F4_max,0.033164,0.4459,ACT,0.033164,0.013,0.033164,1,0.020164
0.2,F4_max,0.033164,0.4469,ACT,0.033164,0.013,0.033164,1,0.020164
0.2,F4_max,0.033164,0.4479,ACT,0.033164,0.013,0.033164,1,0.020164
0.2,F4_max,0.033164,0.4489,ACT,0.033164,0.013,0.033164,1,0.020164
0.2,F4_max,0.033164,0.4499,ACT,0.033164,0.013,0.033164,1,0.020164
0.2,F4_max,0.033164,0.4509,ACT,0.033164,0.013,0.033164,1,0.020164
0.2,F4_max,0.033164,0.4519,ACT,0.033164,0.013,0.033164,1,0.020164
0.2,F4_max,0.033164,0.4529,ACT,0.033164,0.013,0.033164,1,0.020164
0.2,F4_max,0.033164,0.4539,ACT,0.033164,0.013,0.033164,1,0.020164
0.2,F4_max,0.033164,0.4549,ACT,0.033164,0.013,0.033164,1,0.020164
0.2,F4_max,0.033164,0.4559,ACT,0.033164,0.013,0.033164,1,0.020164
0.2,F4_max,0.033164,0.4569,ACT,0.033164,0.013,0.033164,1,0.020164
0.2,F4_max,0.033164,0.4579,ACT,0.033164,0.013,0.033164,1,0.020164
0.2,F4_max,0.033164,0.4589,ACT,0.033164,0.013,0.033164,1,0.020164
0.2,F4_max,0.033164,0.4599,ACT,0.033164,0.013,0.033164,1,0.020164
0.2,F4_max,0.033164,0.4609,ACT,0.033164,0.013,0.033164,1,0.020164
0.2,F4_max,0.033164,0.4619,ACT,0.033164,0.013,0.033164,1,0.020164
0.2,F4_max,0.033164,0.4629,ACT,0.033164,0.013,0.033164,1,0.020164
0.2,F4_max,0.033164,0.4639,ACT,0.033164,0.013,0.033164,1,0.020164
0.2,F4_max,0.033164,0.4649,ACT,0.033164,0.013,0.033164,1,0.020164
0.2,F4_max,0.033164,0.4659,ACT,0.033164,0.013,0.033164,1,0.020164
0.2,F4_max,0.033164,0.4669,ACT,0.033164,0.013,0.033164,1,0.020164
0.2,F4_max,0.033164,0.4679,ACT,0.033164,0.013,0.033164,1,0.020164
0.2,F4_max,0.033164,0.4689,ACT,0.033164,0.013,0.033164,1,0.020164
0.2,F4_max,0.033164,0.4699,ACT,0.033164,0.013,0.033164,1,0.020164
0.2,F4_max,0.033164,0.4709,ACT,0.033164,0.013,0.033164,1,0.020164
0.2,F4_max,0.033164,0.4719,ACT,0.033164,0.013,0.033164,1,0.020164
0.2,F4_max,0.033164,0.4729,ACT,0.033164,0.013,0.033164,1,0.020164
0.2,F4_max,0.033164,0.4739,ACT,0.033164,0.013,0.033164,1,0.020164
0.2,F4_max,0.033164,0.4749,ACT,0.033164,0.013,0.033164,1,0.020164
0.2,F4_max,0.033164,0.476,ACT,0.033164,0.013,0.033164,1,0.020164
0.2,F4_max,0.033164,0.477,ACT,0.033164,0.013,0.033164,1,0.020164
0.2,F4_max,0.033164,0.478,ACT,0.033164,0.013,0.033164,1,0.020164
0.2,F4_max,0.033164,0.479,ACT,0.033164,0.013,0.033164,1,0.020164
0.2,F4_max,0.033164,0.48,ACT,0.033164,0.013,0.033164,1,0.020164
0.2,F4_max,0.033164,0.481,ACT,0.033164,0.013,0.033164,1,0.020164
0.2,F4_max,0.033164,0.482,ACT,0.033164,0.013,0.033164,1,0.020164
0.2,F4_max,0.033164,0.483,ACT,0.033164,0.013,0.033164,1,0.020164
0.2,F4_max,0.033164,0.484,ACT,0.033164,0.013,0.033164,1,0.020164
0.2,F4_max,0.033164,0.485,ACT,0.033164,0.013,0.033164,1,0.020164
0.2,F4_max,0.033164,0.486,ACT,0.033164,0.013,0.033164,1,0.020164
0.2,F4_max,0.033164,0.487,ACT,0.033164,0.013,0.033164,1,0.020164
0.2,F4_max,0.033164,0.488,ACT,0.033164,0.013,0.033164,1,0.020164
0.2,F4_max,0.033164,0.489,ACT,0.033164,0.013,0.033164,1,0.020164
0.2,F4_max,0.033164,0.49,ACT,0.033164,0.013,0.033164,1,0.020164
0.2,F4_max,0.033164,0.491,ACT,0.033164,0.013,0.033164,1,0.020164
0.2,F4_max,0.033164,0.492,ACT,0.033164,0.013,0.033164,1,0.020164
0.2,F4_max,0.033164,0.493,ACT,0.033164,0.013,0.033164,1,0.020164
0.2,F4_max,0.033164,0.494,ACT,0.033164,0.013,0.033164,1,0.020164
0.2,F4_max,0.033164,0.495,ACT,0.033164,0.013,0.033164,1,0.020164
0.2,F4_max,0.033164,0.496,ACT,0.033164,0.013,0.033164,1,0.020164
0.2,F4_max,0.033164,0.497,ACT,0.033164,0.013,0.033164,1,0.020164
0.2,F4_max,0.033164,0.498,ACT,0.033164,0.013,0.033164,1,0.020164
0.2,F4_max,0.033164,0.499,ACT,0.033164,0.013,0.033164,1,0.020164
0.2,F4_max,0.033164,0.5,ACT,0.033164,0.013,0.033164,1,0.020164
0.3,F1_mean,0.024601,0.0,REFUSE,0.024601,0.024601,0.052878,1,0.028277
0.3,F1_mean,0.024601,0.001,REFUSE,0.024601,0.024601,0.052878,1,0.028277
0.3,F1_mean,0.024601,0.002,REFUSE,0.024601,0.024601,0.052878,1,0.028277
0.3,F1_mean,0.024601,0.003,REFUSE,0.024601,0.024601,0.052878,1,0.028277
0.3,F1_mean,0.024601,0.004,REFUSE,0.024601,0.024601,0.052878,1,0.028277
0.3,F1_mean,0.024601,0.005,REFUSE,0.024601,0.024601,0.052878,1,0.028277
0.3,F1_mean,0.024601,0.006,REFUSE,0.024601,0.024601,0.052878,1,0.028277
0.3,F1_mean,0.024601,0.007,REFUSE,0.024601,0.024601,0.052878,1,0.028277
0.3,F1_mean,0.024601,0.008,REFUSE,0.024601,0.024601,0.052878,1,0.028277
0.3,F1_mean,0.024601,0.009,REFUSE,0.024601,0.024601,0.052878,1,0.028277
0.3,F1_mean,0.024601,0.01,REFUSE,0.024601,0.024601,0.052878,1,0.028277
0.3,F1_mean,0.024601,0.011,REFUSE,0.024601,0.024601,0.052878,1,0.028277
0.3,F1_mean,0.024601,0.012,REFUSE,0.024601,0.024601,0.052878,1,0.028277
0.3,F1_mean,0.024601,0.013,REFUSE,0.024601,0.024601,0.052878,1,0.028277
0.3,F1_mean,0.024601,0.014,REFUSE,0.024601,0.024601,0.052878,1,0.028277
0.3,F1_mean,0.024601,0.015,REFUSE,0.024601,0.024601,0.052878,1,0.028277
0.3,F1_mean,0.024601,0.016,REFUSE,0.024601,0.024601,0.052878,1,0.028277
0.3,F1_mean,0.024601,0.017,REFUSE,0.024601,0.024601,0.052878,1,0.028277
0.3,F1_mean,0.024601,0.018,REFUSE,0.024601,0.024601,0.052878,1,0.028277
0.3,F1_mean,0.024601,0.019,REFUSE,0.024601,0.024601,0.052878,1,0.028277
0.3,F1_mean,0.024601,0.02,REFUSE,0.024601,0.024601,0.052878,1,0.028277
0.3,F1_mean,0.024601,0.021,REFUSE,0.024601,0.024601,0.052878,1,0.028277
0.3,F1_mean,0.024601,0.022,REFUSE,0.024601,0.024601,0.052878,1,0.028277
0.3,F1_mean,0.024601,0.023,REFUSE,0.024601,0.024601,0.052878,1,0.028277
0.3,F1_mean,0.024601,0.024,REFUSE,0.024601,0.024601,0.052878,1,0.028277
0.3,F1_mean,0.024601,0.0251,ACT,0.024601,0.024601,0.052878,1,0.028277
0.3,F1_mean,0.024601,0.0261,ACT,0.024601,0.024601,0.052878,1,0.028277
0.3,F1_mean,0.024601,0.0271,ACT,0.024601,0.024601,0.052878,1,0.028277
0.3,F1_mean,0.024601,0.0281,ACT,0.024601,0.024601,0.052878,1,0.028277
0.3,F1_mean,0.024601,0.0291,ACT,0.024601,0.024601,0.052878,1,0.028277
0.3,F1_mean,0.024601,0.0301,ACT,0.024601,0.024601,0.052878,1,0.028277
0.3,F1_mean,0.024601,0.0311,ACT,0.024601,0.024601,0.052878,1,0.028277
0.3,F1_mean,0.024601,0.0321,ACT,0.024601,0.024601,0.052878,1,0.028277
0.3,F1_mean,0.024601,0.0331,ACT,0.024601,0.024601,0.052878,1,0.028277
0.3,F1_mean,0.024601,0.0341,ACT,0.024601,0.024601,0.052878,1,0.028277
0.3,F1_mean,0.024601,0.0351,ACT,0.024601,0.024601,0.052878,1,0.028277
0.3,F1_mean,0.024601,0.0361,ACT,0.024601,0.024601,0.052878,1,0.028277
0.3,F1_mean,0.024601,0.0371,ACT,0.024601,0.024601,0.052878,1,0.028277
0.3,F1_mean,0.024601,0.0381,ACT,0.024601,0.024601,0.052878,1,0.028277
0.3,F1_mean,0.024601,0.0391,ACT,0.024601,0.024601,0.052878,1,0.028277
0.3,F1_mean,0.024601,0.0401,ACT,0.024601,0.024601,0.052878,1,0.028277
0.3,F1_mean,0.024601,0.0411,ACT,0.024601,0.024601,0.052878,1,0.028277
0.3,F1_mean,0.024601,0.0421,ACT,0.024601,0.024601,0.052878,1,0.028277
0.3,F1_mean,0.024601,0.0431,ACT,0.024601,0.024601,0.052878,1,0.028277
0.3,F1_mean,0.024601,0.0441,ACT,0.024601,0.024601,0.052878,1,0.028277
0.3,F1_mean,0.024601,0.0451,ACT,0.024601,0.024601,0.052878,1,0.028277
0.3,F1_mean,0.024601,0.0461,ACT,0.024601,0.024601,0.052878,1,0.028277
0.3,F1_mean,0.024601,0.0471,ACT,0.024601,0.024601,0.052878,1,0.028277
0.3,F1_mean,0.024601,0.0481,ACT,0.024601,0.024601,0.052878,1,0.028277
0.3,F1_mean,0.024601,0.0491,ACT,0.024601,0.024601,0.052878,1,0.028277
0.3,F1_mean,0.024601,0.0501,ACT,0.024601,0.024601,0.052878,1,0.028277
0.3,F1_mean,0.024601,0.0511,ACT,0.024601,0.024601,0.052878,1,0.028277
0.3,F1_mean,0.024601,0.0521,ACT,0.024601,0.024601,0.052878,1,0.028277
0.3,F1_mean,0.024601,0.0531,ACT,0.024601,0.024601,0.052878,1,0.028277
0.3,F1_mean,0.024601,0.0541,ACT,0.024601,0.024601,0.052878,1,0.028277
0.3,F1_mean,0.024601,0.0551,ACT,0.024601,0.024601,0.052878,1,0.028277
0.3,F1_mean,0.024601,0.0561,ACT,0.024601,0.024601,0.052878,1,0.028277
0.3,F1_mean,0.024601,0.0571,ACT,0.024601,0.024601,0.052878,1,0.028277
0.3,F1_mean,0.024601,0.0581,ACT,0.024601,0.024601,0.052878,1,0.028277
0.3,F1_mean,0.024601,0.0591,ACT,0.024601,0.024601,0.052878,1,0.028277
0.3,F1_mean,0.024601,0.0601,ACT,0.024601,0.024601,0.052878,1,0.028277
0.3,F1_mean,0.024601,0.0611,ACT,0.024601,0.024601,0.052878,1,0.028277
0.3,F1_mean,0.024601,0.0621,ACT,0.024601,0.024601,0.052878,1,0.028277
0.3,F1_mean,0.024601,0.0631,ACT,0.024601,0.024601,0.052878,1,0.028277
0.3,F1_mean,0.024601,0.0641,ACT,0.024601,0.024601,0.052878,1,0.028277
0.3,F1_mean,0.024601,0.0651,ACT,0.024601,0.024601,0.052878,1,0.028277
0.3,F1_mean,0.024601,0.0661,ACT,0.024601,0.024601,0.052878,1,0.028277
0.3,F1_mean,0.024601,0.0671,ACT,0.024601,0.024601,0.052878,1,0.028277
0.3,F1_mean,0.024601,0.0681,ACT,0.024601,0.024601,0.052878,1,0.028277
0.3,F1_mean,0.024601,0.0691,ACT,0.024601,0.024601,0.052878,1,0.028277
0.3,F1_mean,0.024601,0.0701,ACT,0.024601,0.024601,0.052878,1,0.028277
0.3,F1_mean,0.024601,0.0711,ACT,0.024601,0.024601,0.052878,1,0.028277
0.3,F1_mean,0.024601,0.0721,ACT,0.024601,0.024601,0.052878,1,0.028277
0.3,F1_mean,0.024601,0.0731,ACT,0.024601,0.024601,0.052878,1,0.028277
0.3,F1_mean,0.024601,0.0741,ACT,0.024601,0.024601,0.052878,1,0.028277
0.3,F1_mean,0.024601,0.0752,ACT,0.024601,0.024601,0.052878,1,0.028277
0.3,F1_mean,0.024601,0.0762,ACT,0.024601,0.024601,0.052878,1,0.028277
0.3,F1_mean,0.024601,0.0772,ACT,0.024601,0.024601,0.052878,1,0.028277
0.3,F1_mean,0.024601,0.0782,ACT,0.024601,0.024601,0.052878,1,0.028277
0.3,F1_mean,0.024601,0.0792,ACT,0.024601,0.024601,0.052878,1,0.028277
0.3,F1_mean,0.024601,0.0802,ACT,0.024601,0.024601,0.052878,1,0.028277
0.3,F1_mean,0.024601,0.0812,ACT,0.024601,0.024601,0.052878,1,0.028277
0.3,F1_mean,0.024601,0.0822,ACT,0.024601,0.024601,0.052878,1,0.028277
0.3,F1_mean,0.024601,0.0832,ACT,0.024601,0.024601,0.052878,1,0.028277
0.3,F1_mean,0.024601,0.0842,ACT,0.024601,0.024601,0.052878,1,0.028277
0.3,F1_mean,0.024601,0.0852,ACT,0.024601,0.024601,0.052878,1,0.028277
0.3,F1_mean,0.024601,0.0862,ACT,0.024601,0.024601,0.052878,1,0.028277
0.3,F1_mean,0.024601,0.0872,ACT,0.024601,0.024601,0.052878,1,0.028277
0.3,F1_mean,0.024601,0.0882,ACT,0.024601,0.024601,0.052878,1,0.028277
0.3,F1_mean,0.024601,0.0892,ACT,0.024601,0.024601,0.052878,1,0.028277
0.3,F1_mean,0.024601,0.0902,ACT,0.024601,0.024601,0.052878,1,0.028277
0.3,F1_mean,0.024601,0.0912,ACT,0.024601,0.024601,0.052878,1,0.028277
0.3,F1_mean,0.024601,0.0922,ACT,0.024601,0.024601,0.052878,1,0.028277
0.3,F1_mean,0.024601,0.0932,ACT,0.024601,0.024601,0.052878,1,0.028277
0.3,F1_mean,0.024601,0.0942,ACT,0.024601,0.024601,0.052878,1,0.028277
0.3,F1_mean,0.024601,0.0952,ACT,0.024601,0.024601,0.052878,1,0.028277
0.3,F1_mean,0.024601,0.0962,ACT,0.024601,0.024601,0.052878,1,0.028277
0.3,F1_mean,0.024601,0.0972,ACT,0.024601,0.024601,0.052878,1,0.028277
0.3,F1_mean,0.024601,0.0982,ACT,0.024601,0.024601,0.052878,1,0.028277
0.3,F1_mean,0.024601,0.0992,ACT,0.024601,0.024601,0.052878,1,0.028277
0.3,F1_mean,0.024601,0.1002,ACT,0.024601,0.024601,0.052878,1,0.028277
0.3,F1_mean,0.024601,0.1012,ACT,0.024601,0.024601,0.052878,1,0.028277
0.3,F1_mean,0.024601,0.1022,ACT,0.024601,0.024601,0.052878,1,0.028277
0.3,F1_mean,0.024601,0.1032,ACT,0.024601,0.024601,0.052878,1,0.028277
0.3,F1_mean,0.024601,0.1042,ACT,0.024601,0.024601,0.052878,1,0.028277
0.3,F1_mean,0.024601,0.1052,ACT,0.024601,0.024601,0.052878,1,0.028277
0.3,F1_mean,0.024601,0.1062,ACT,0.024601,0.024601,0.052878,1,0.028277
0.3,F1_mean,0.024601,0.1072,ACT,0.024601,0.024601,0.052878,1,0.028277
0.3,F1_mean,0.024601,0.1082,ACT,0.024601,0.024601,0.052878,1,0.028277
0.3,F1_mean,0.024601,0.1092,ACT,0.024601,0.024601,0.052878,1,0.028277
0.3,F1_mean,0.024601,0.1102,ACT,0.024601,0.024601,0.052878,1,0.028277
0.3,F1_mean,0.024601,0.1112,ACT,0.024601,0.024601,0.052878,1,0.028277
0.3,F1_mean,0.024601,0.1122,ACT,0.024601,0.024601,0.052878,1,0.028277
0.3,F1_mean,0.024601,0.1132,ACT,0.024601,0.024601,0.052878,1,0.028277
0.3,F1_mean,0.024601,0.1142,ACT,0.024601,0.024601,0.052878,1,0.028277
0.3,F1_mean,0.024601,0.1152,ACT,0.024601,0.024601,0.052878,1,0.028277
0.3,F1_mean,0.024601,0.1162,ACT,0.024601,0.024601,0.052878,1,0.028277
0.3,F1_mean,0.024601,0.1172,ACT,0.024601,0.024601,0.052878,1,0.028277
0.3,F1_mean,0.024601,0.1182,ACT,0.024601,0.024601,0.052878,1,0.028277
0.3,F1_mean,0.024601,0.1192,ACT,0.024601,0.024601,0.052878,1,0.028277
0.3,F1_mean,0.024601,0.1202,ACT,0.024601,0.024601,0.052878,1,0.028277
0.3,F1_mean,0.024601,0.1212,ACT,0.024601,0.024601,0.052878,1,0.028277
0.3,F1_mean,0.024601,0.1222,ACT,0.024601,0.024601,0.052878,1,0.028277
0.3,F1_mean,0.024601,0.1232,ACT,0.024601,0.024601,0.052878,1,0.028277
0.3,F1_mean,0.024601,0.1242,ACT,0.024601,0.024601,0.052878,1,0.028277
0.3,F1_mean,0.024601,0.1253,ACT,0.024601,0.024601,0.052878,1,0.028277
0.3,F1_mean,0.024601,0.1263,ACT,0.024601,0.024601,0.052878,1,0.028277
0.3,F1_mean,0.024601,0.1273,ACT,0.024601,0.024601,0.052878,1,0.028277
0.3,F1_mean,0.024601,0.1283,ACT,0.024601,0.024601,0.052878,1,0.028277
0.3,F1_mean,0.024601,0.1293,ACT,0.024601,0.024601,0.052878,1,0.028277
0.3,F1_mean,0.024601,0.1303,ACT,0.024601,0.024601,0.052878,1,0.028277
0.3,F1_mean,0.024601,0.1313,ACT,0.024601,0.024601,0.052878,1,0.028277
0.3,F1_mean,0.024601,0.1323,ACT,0.024601,0.024601,0.052878,1,0.028277
0.3,F1_mean,0.024601,0.1333,ACT,0.024601,0.024601,0.052878,1,0.028277
0.3,F1_mean,0.024601,0.1343,ACT,0.024601,0.024601,0.052878,1,0.028277
0.3,F1_mean,0.024601,0.1353,ACT,0.024601,0.024601,0.052878,1,0.028277
0.3,F1_mean,0.024601,0.1363,ACT,0.024601,0.024601,0.052878,1,0.028277
0.3,F1_mean,0.024601,0.1373,ACT,0.024601,0.024601,0.052878,1,0.028277
0.3,F1_mean,0.024601,0.1383,ACT,0.024601,0.024601,0.052878,1,0.028277
0.3,F1_mean,0.024601,0.1393,ACT,0.024601,0.024601,0.052878,1,0.028277
0.3,F1_mean,0.024601,0.1403,ACT,0.024601,0.024601,0.052878,1,0.028277
0.3,F1_mean,0.024601,0.1413,ACT,0.024601,0.024601,0.052878,1,0.028277
0.3,F1_mean,0.024601,0.1423,ACT,0.024601,0.024601,0.052878,1,0.028277
0.3,F1_mean,0.024601,0.1433,ACT,0.024601,0.024601,0.052878,1,0.028277
0.3,F1_mean,0.024601,0.1443,ACT,0.024601,0.024601,0.052878,1,0.028277
0.3,F1_mean,0.024601,0.1453,ACT,0.024601,0.024601,0.052878,1,0.028277
0.3,F1_mean,0.024601,0.1463,ACT,0.024601,0.024601,0.052878,1,0.028277
0.3,F1_mean,0.024601,0.1473,ACT,0.024601,0.024601,0.052878,1,0.028277
0.3,F1_mean,0.024601,0.1483,ACT,0.024601,0.024601,0.052878,1,0.028277
0.3,F1_mean,0.024601,0.1493,ACT,0.024601,0.024601,0.052878,1,0.028277
0.3,F1_mean,0.024601,0.1503,ACT,0.024601,0.024601,0.052878,1,0.028277
0.3,F1_mean,0.024601,0.1513,ACT,0.024601,0.024601,0.052878,1,0.028277
0.3,F1_mean,0.024601,0.1523,ACT,0.024601,0.024601,0.052878,1,0.028277
0.3,F1_mean,0.024601,0.1533,ACT,0.024601,0.024601,0.052878,1,0.028277
0.3,F1_mean,0.024601,0.1543,ACT,0.024601,0.024601,0.052878,1,0.028277
0.3,F1_mean,0.024601,0.1553,ACT,0.024601,0.024601,0.052878,1,0.028277
0.3,F1_mean,0.024601,0.1563,ACT,0.024601,0.024601,0.052878,1,0.028277
0.3,F1_mean,0.024601,0.1573,ACT,0.024601,0.024601,0.052878,1,0.028277
0.3,F1_mean,0.024601,0.1583,ACT,0.024601,0.024601,0.052878,1,0.028277
0.3,F1_mean,0.024601,0.1593,ACT,0.024601,0.024601,0.052878,1,0.028277
0.3,F1_mean,0.024601,0.1603,ACT,0.024601,0.024601,0.052878,1,0.028277
0.3,F1_mean,0.024601,0.1613,ACT,0.024601,0.024601,0.052878,1,0.028277
0.3,F1_mean,0.024601,0.1623,ACT,0.024601,0.024601,0.052878,1,0.028277
0.3,F1_mean,0.024601,0.1633,ACT,0.024601,0.024601,0.052878,1,0.028277
0.3,F1_mean,0.024601,0.1643,ACT,0.024601,0.024601,0.052878,1,0.028277
0.3,F1_mean,0.024601,0.1653,ACT,0.024601,0.024601,0.052878,1,0.028277
0.3,F1_mean,0.024601,0.1663,ACT,0.024601,0.024601,0.052878,1,0.028277
0.3,F1_mean,0.024601,0.1673,ACT,0.024601,0.024601,0.052878,1,0.028277
0.3,F1_mean,0.024601,0.1683,ACT,0.024601,0.024601,0.052878,1,0.028277
0.3,F1_mean,0.024601,0.1693,ACT,0.024601,0.024601,0.052878,1,0.028277
0.3,F1_mean,0.024601,0.1703,ACT,0.024601,0.024601,0.052878,1,0.028277
0.3,F1_mean,0.024601,0.1713,ACT,0.024601,0.024601,0.052878,1,0.028277
0.3,F1_mean,0.024601,0.1723,ACT,0.024601,0.024601,0.052878,1,0.028277
0.3,F1_mean,0.024601,0.1733,ACT,0.024601,0.024601,0.052878,1,0.028277
0.3,F1_mean,0.024601,0.1743,ACT,0.024601,0.024601,0.052878,1,0.028277
0.3,F1_mean,0.024601,0.1754,ACT,0.024601,0.024601,0.052878,1,0.028277
0.3,F1_mean,0.024601,0.1764,ACT,0.024601,0.024601,0.052878,1,0.028277
0.3,F1_mean,0.024601,0.1774,ACT,0.024601,0.024601,0.052878,1,0.028277
0.3,F1_mean,0.024601,0.1784,ACT,0.024601,0.024601,0.052878,1,0.028277
0.3,F1_mean,0.024601,0.1794,ACT,0.024601,0.024601,0.052878,1,0.028277
0.3,F1_mean,0.024601,0.1804,ACT,0.024601,0.024601,0.052878,1,0.028277
0.3,F1_mean,0.024601,0.1814,ACT,0.024601,0.024601,0.052878,1,0.028277
0.3,F1_mean,0.024601,0.1824,ACT,0.024601,0.024601,0.052878,1,0.028277
0.3,F1_mean,0.024601,0.1834,ACT,0.024601,0.024601,0.052878,1,0.028277
0.3,F1_mean,0.024601,0.1844,ACT,0.024601,0.024601,0.052878,1,0.028277
0.3,F1_mean,0.024601,0.1854,ACT,0.024601,0.024601,0.052878,1,0.028277
0.3,F1_mean,0.024601,0.1864,ACT,0.024601,0.024601,0.052878,1,0.028277
0.3,F1_mean,0.024601,0.1874,ACT,0.024601,0.024601,0.052878,1,0.028277
0.3,F1_mean,0.024601,0.1884,ACT,0.024601,0.024601,0.052878,1,0.028277
0.3,F1_mean,0.024601,0.1894,ACT,0.024601,0.024601,0.052878,1,0.028277
0.3,F1_mean,0.024601,0.1904,ACT,0.024601,0.024601,0.052878,1,0.028277
0.3,F1_mean,0.024601,0.1914,ACT,0.024601,0.024601,0.052878,1,0.028277
0.3,F1_mean,0.024601,0.1924,ACT,0.024601,0.024601,0.052878,1,0.028277
0.3,F1_mean,0.024601,0.1934,ACT,0.024601,0.024601,0.052878,1,0.028277
0.3,F1_mean,0.024601,0.1944,ACT,0.024601,0.024601,0.052878,1,0.028277
0.3,F1_mean,0.024601,0.1954,ACT,0.024601,0.024601,0.052878,1,0.028277
0.3,F1_mean,0.024601,0.1964,ACT,0.024601,0.024601,0.052878,1,0.028277
0.3,F1_mean,0.024601,0.1974,ACT,0.024601,0.024601,0.052878,1,0.028277
0.3,F1_mean,0.024601,0.1984,ACT,0.024601,0.024601,0.052878,1,0.028277
0.3,F1_mean,0.024601,0.1994,ACT,0.024601,0.024601,0.052878,1,0.028277
0.3,F1_mean,0.024601,0.2004,ACT,0.024601,0.024601,0.052878,1,0.028277
0.3,F1_mean,0.024601,0.2014,ACT,0.024601,0.024601,0.052878,1,0.028277
0.3,F1_mean,0.024601,0.2024,ACT,0.024601,0.024601,0.052878,1,0.028277
0.3,F1_mean,0.024601,0.2034,ACT,0.024601,0.024601,0.052878,1,0.028277
0.3,F1_mean,0.024601,0.2044,ACT,0.024601,0.024601,0.052878,1,0.028277
0.3,F1_mean,0.024601,0.2054,ACT,0.024601,0.024601,0.052878,1,0.028277
0.3,F1_mean,0.024601,0.2064,ACT,0.024601,0.024601,0.052878,1,0.028277
0.3,F1_mean,0.024601,0.2074,ACT,0.024601,0.024601,0.052878,1,0.028277
0.3,F1_mean,0.024601,0.2084,ACT,0.024601,0.024601,0.052878,1,0.028277
0.3,F1_mean,0.024601,0.2094,ACT,0.024601,0.024601,0.052878,1,0.028277
0.3,F1_mean,0.024601,0.2104,ACT,0.024601,0.024601,0.052878,1,0.028277
0.3,F1_mean,0.024601,0.2114,ACT,0.024601,0.024601,0.052878,1,0.028277
0.3,F1_mean,0.024601,0.2124,ACT,0.024601,0.024601,0.052878,1,0.028277
0.3,F1_mean,0.024601,0.2134,ACT,0.024601,0.024601,0.052878,1,0.028277
0.3,F1_mean,0.024601,0.2144,ACT,0.024601,0.024601,0.052878,1,0.028277
0.3,F1_mean,0.024601,0.2154,ACT,0.024601,0.024601,0.052878,1,0.028277
0.3,F1_mean,0.024601,0.2164,ACT,0.024601,0.024601,0.052878,1,0.028277
0.3,F1_mean,0.024601,0.2174,ACT,0.024601,0.024601,0.052878,1,0.028277
0.3,F1_mean,0.024601,0.2184,ACT,0.024601,0.024601,0.052878,1,0.028277
0.3,F1_mean,0.024601,0.2194,ACT,0.024601,0.024601,0.052878,1,0.028277
0.3,F1_mean,0.024601,0.2204,ACT,0.024601,0.024601,0.052878,1,0.028277
0.3,F1_mean,0.024601,0.2214,ACT,0.024601,0.024601,0.052878,1,0.028277
0.3,F1_mean,0.024601,0.2224,ACT,0.024601,0.024601,0.052878,1,0.028277
0.3,F1_mean,0.024601,0.2234,ACT,0.024601,0.024601,0.052878,1,0.028277
0.3,F1_mean,0.024601,0.2244,ACT,0.024601,0.024601,0.052878,1,0.028277
0.3,F1_mean,0.024601,0.2255,ACT,0.024601,0.024601,0.052878,1,0.028277
0.3,F1_mean,0.024601,0.2265,ACT,0.024601,0.024601,0.052878,1,0.028277
0.3,F1_mean,0.024601,0.2275,ACT,0.024601,0.024601,0.052878,1,0.028277
0.3,F1_mean,0.024601,0.2285,ACT,0.024601,0.024601,0.052878,1,0.028277
0.3,F1_mean,0.024601,0.2295,ACT,0.024601,0.024601,0.052878,1,0.028277
0.3,F1_mean,0.024601,0.2305,ACT,0.024601,0.024601,0.052878,1,0.028277
0.3,F1_mean,0.024601,0.2315,ACT,0.024601,0.024601,0.052878,1,0.028277
0.3,F1_mean,0.024601,0.2325,ACT,0.024601,0.024601,0.052878,1,0.028277
0.3,F1_mean,0.024601,0.2335,ACT,0.024601,0.024601,0.052878,1,0.028277
0.3,F1_mean,0.024601,0.2345,ACT,0.024601,0.024601,0.052878,1,0.028277
0.3,F1_mean,0.024601,0.2355,ACT,0.024601,0.024601,0.052878,1,0.028277
0.3,F1_mean,0.024601,0.2365,ACT,0.024601,0.024601,0.052878,1,0.028277
0.3,F1_mean,0.024601,0.2375,ACT,0.024601,0.024601,0.052878,1,0.028277
0.3,F1_mean,0.024601,0.2385,ACT,0.024601,0.024601,0.052878,1,0.028277
0.3,F1_mean,0.024601,0.2395,ACT,0.024601,0.024601,0.052878,1,0.028277
0.3,F1_mean,0.024601,0.2405,ACT,0.024601,0.024601,0.052878,1,0.028277
0.3,F1_mean,0.024601,0.2415,ACT,0.024601,0.024601,0.052878,1,0.028277
0.3,F1_mean,0.024601,0.2425,ACT,0.024601,0.024601,0.052878,1,0.028277
0.3,F1_mean,0.024601,0.2435,ACT,0.024601,0.024601,0.052878,1,0.028277
0.3,F1_mean,0.024601,0.2445,ACT,0.024601,0.024601,0.052878,1,0.028277
0.3,F1_mean,0.024601,0.2455,ACT,0.024601,0.024601,0.052878,1,0.028277
0.3,F1_mean,0.024601,0.2465,ACT,0.024601,0.024601,0.052878,1,0.028277
0.3,F1_mean,0.024601,0.2475,ACT,0.024601,0.024601,0.052878,1,0.028277
0.3,F1_mean,0.024601,0.2485,ACT,0.024601,0.024601,0.052878,1,0.028277
0.3,F1_mean,0.024601,0.2495,ACT,0.024601,0.024601,0.052878,1,0.028277
0.3,F1_mean,0.024601,0.2505,ACT,0.024601,0.024601,0.052878,1,0.028277
0.3,F1_mean,0.024601,0.2515,ACT,0.024601,0.024601,0.052878,1,0.028277
0.3,F1_mean,0.024601,0.2525,ACT,0.024601,0.024601,0.052878,1,0.028277
0.3,F1_mean,0.024601,0.2535,ACT,0.024601,0.024601,0.052878,1,0.028277
0.3,F1_mean,0.024601,0.2545,ACT,0.024601,0.024601,0.052878,1,0.028277
0.3,F1_mean,0.024601,0.2555,ACT,0.024601,0.024601,0.052878,1,0.028277
0.3,F1_mean,0.024601,0.2565,ACT,0.024601,0.024601,0.052878,1,0.028277
0.3,F1_mean,0.024601,0.2575,ACT,0.024601,0.024601,0.052878,1,0.028277
0.3,F1_mean,0.024601,0.2585,ACT,0.024601,0.024601,0.052878,1,0.028277
0.3,F1_mean,0.024601,0.2595,ACT,0.024601,0.024601,0.052878,1,0.028277
0.3,F1_mean,0.024601,0.2605,ACT,0.024601,0.024601,0.052878,1,0.028277
0.3,F1_mean,0.024601,0.2615,ACT,0.024601,0.024601,0.052878,1,0.028277
0.3,F1_mean,0.024601,0.2625,ACT,0.024601,0.024601,0.052878,1,0.028277
0.3,F1_mean,0.024601,0.2635,ACT,0.024601,0.024601,0.052878,1,0.028277
0.3,F1_mean,0.024601,0.2645,ACT,0.024601,0.024601,0.052878,1,0.028277
0.3,F1_mean,0.024601,0.2655,ACT,0.024601,0.024601,0.052878,1,0.028277
0.3,F1_mean,0.024601,0.2665,ACT,0.024601,0.024601,0.052878,1,0.028277
0.3,F1_mean,0.024601,0.2675,ACT,0.024601,0.024601,0.052878,1,0.028277
0.3,F1_mean,0.024601,0.2685,ACT,0.024601,0.024601,0.052878,1,0.028277
0.3,F1_mean,0.024601,0.2695,ACT,0.024601,0.024601,0.052878,1,0.028277
0.3,F1_mean,0.024601,0.2705,ACT,0.024601,0.024601,0.052878,1,0.028277
0.3,F1_mean,0.024601,0.2715,ACT,0.024601,0.024601,0.052878,1,0.028277
0.3,F1_mean,0.024601,0.2725,ACT,0.024601,0.024601,0.052878,1,0.028277
0.3,F1_mean,0.024601,0.2735,ACT,0.024601,0.024601,0.052878,1,0.028277
0.3,F1_mean,0.024601,0.2745,ACT,0.024601,0.024601,0.052878,1,0.028277
0.3,F1_mean,0.024601,0.2756,ACT,0.024601,0.024601,0.052878,1,0.028277
0.3,F1_mean,0.024601,0.2766,ACT,0.024601,0.024601,0.052878,1,0.028277
0.3,F1_mean,0.024601,0.2776,ACT,0.024601,0.024601,0.052878,1,0.028277
0.3,F1_mean,0.024601,0.2786,ACT,0.024601,0.024601,0.052878,1,0.028277
0.3,F1_mean,0.024601,0.2796,ACT,0.024601,0.024601,0.052878,1,0.028277
0.3,F1_mean,0.024601,0.2806,ACT,0.024601,0.024601,0.052878,1,0.028277
0.3,F1_mean,0.024601,0.2816,ACT,0.024601,0.024601,0.052878,1,0.028277
0.3,F1_mean,0.024601,0.2826,ACT,0.024601,0.024601,0.052878,1,0.028277
0.3,F1_mean,0.024601,0.2836,ACT,0.024601,0.024601,0.052878,1,0.028277
0.3,F1_mean,0.024601,0.2846,ACT,0.024601,0.024601,0.052878,1,0.028277
0.3,F1_mean,0.024601,0.2856,ACT,0.024601,0.024601,0.052878,1,0.028277
0.3,F1_mean,0.024601,0.2866,ACT,0.024601,0.024601,0.052878,1,0.028277
0.3,F1_mean,0.024601,0.2876,ACT,0.024601,0.024601,0.052878,1,0.028277
0.3,F1_mean,0.024601,0.2886,ACT,0.024601,0.024601,0.052878,1,0.028277
0.3,F1_mean,0.024601,0.2896,ACT,0.024601,0.024601,0.052878,1,0.028277
0.3,F1_mean,0.024601,0.2906,ACT,0.024601,0.024601,0.052878,1,0.028277
0.3,F1_mean,0.024601,0.2916,ACT,0.024601,0.024601,0.052878,1,0.028277
0.3,F1_mean,0.024601,0.2926,ACT,0.024601,0.024601,0.052878,1,0.028277
0.3,F1_mean,0.024601,0.2936,ACT,0.024601,0.024601,0.052878,1,0.028277
0.3,F1_mean,0.024601,0.2946,ACT,0.024601,0.024601,0.052878,1,0.028277
0.3,F1_mean,0.024601,0.2956,ACT,0.024601,0.024601,0.052878,1,0.028277
0.3,F1_mean,0.024601,0.2966,ACT,0.024601,0.024601,0.052878,1,0.028277
0.3,F1_mean,0.024601,0.2976,ACT,0.024601,0.024601,0.052878,1,0.028277
0.3,F1_mean,0.024601,0.2986,ACT,0.024601,0.024601,0.052878,1,0.028277
0.3,F1_mean,0.024601,0.2996,ACT,0.024601,0.024601,0.052878,1,0.028277
0.3,F1_mean,0.024601,0.3006,ACT,0.024601,0.024601,0.052878,1,0.028277
0.3,F1_mean,0.024601,0.3016,ACT,0.024601,0.024601,0.052878,1,0.028277
0.3,F1_mean,0.024601,0.3026,ACT,0.024601,0.024601,0.052878,1,0.028277
0.3,F1_mean,0.024601,0.3036,ACT,0.024601,0.024601,0.052878,1,0.028277
0.3,F1_mean,0.024601,0.3046,ACT,0.024601,0.024601,0.052878,1,0.028277
0.3,F1_mean,0.024601,0.3056,ACT,0.024601,0.024601,0.052878,1,0.028277
0.3,F1_mean,0.024601,0.3066,ACT,0.024601,0.024601,0.052878,1,0.028277
0.3,F1_mean,0.024601,0.3076,ACT,0.024601,0.024601,0.052878,1,0.028277
0.3,F1_mean,0.024601,0.3086,ACT,0.024601,0.024601,0.052878,1,0.028277
0.3,F1_mean,0.024601,0.3096,ACT,0.024601,0.024601,0.052878,1,0.028277
0.3,F1_mean,0.024601,0.3106,ACT,0.024601,0.024601,0.052878,1,0.028277
0.3,F1_mean,0.024601,0.3116,ACT,0.024601,0.024601,0.052878,1,0.028277
0.3,F1_mean,0.024601,0.3126,ACT,0.024601,0.024601,0.052878,1,0.028277
0.3,F1_mean,0.024601,0.3136,ACT,0.024601,0.024601,0.052878,1,0.028277
0.3,F1_mean,0.024601,0.3146,ACT,0.024601,0.024601,0.052878,1,0.028277
0.3,F1_mean,0.024601,0.3156,ACT,0.024601,0.024601,0.052878,1,0.028277
0.3,F1_mean,0.024601,0.3166,ACT,0.024601,0.024601,0.052878,1,0.028277
0.3,F1_mean,0.024601,0.3176,ACT,0.024601,0.024601,0.052878,1,0.028277
0.3,F1_mean,0.024601,0.3186,ACT,0.024601,0.024601,0.052878,1,0.028277
0.3,F1_mean,0.024601,0.3196,ACT,0.024601,0.024601,0.052878,1,0.028277
0.3,F1_mean,0.024601,0.3206,ACT,0.024601,0.024601,0.052878,1,0.028277
0.3,F1_mean,0.024601,0.3216,ACT,0.024601,0.024601,0.052878,1,0.028277
0.3,F1_mean,0.024601,0.3226,ACT,0.024601,0.024601,0.052878,1,0.028277
0.3,F1_mean,0.024601,0.3236,ACT,0.024601,0.024601,0.052878,1,0.028277
0.3,F1_mean,0.024601,0.3246,ACT,0.024601,0.024601,0.052878,1,0.028277
0.3,F1_mean,0.024601,0.3257,ACT,0.024601,0.024601,0.052878,1,0.028277
0.3,F1_mean,0.024601,0.3267,ACT,0.024601,0.024601,0.052878,1,0.028277
0.3,F1_mean,0.024601,0.3277,ACT,0.024601,0.024601,0.052878,1,0.028277
0.3,F1_mean,0.024601,0.3287,ACT,0.024601,0.024601,0.052878,1,0.028277
0.3,F1_mean,0.024601,0.3297,ACT,0.024601,0.024601,0.052878,1,0.028277
0.3,F1_mean,0.024601,0.3307,ACT,0.024601,0.024601,0.052878,1,0.028277
0.3,F1_mean,0.024601,0.3317,ACT,0.024601,0.024601,0.052878,1,0.028277
0.3,F1_mean,0.024601,0.3327,ACT,0.024601,0.024601,0.052878,1,0.028277
0.3,F1_mean,0.024601,0.3337,ACT,0.024601,0.024601,0.052878,1,0.028277
0.3,F1_mean,0.024601,0.3347,ACT,0.024601,0.024601,0.052878,1,0.028277
0.3,F1_mean,0.024601,0.3357,ACT,0.024601,0.024601,0.052878,1,0.028277
0.3,F1_mean,0.024601,0.3367,ACT,0.024601,0.024601,0.052878,1,0.028277
0.3,F1_mean,0.024601,0.3377,ACT,0.024601,0.024601,0.052878,1,0.028277
0.3,F1_mean,0.024601,0.3387,ACT,0.024601,0.024601,0.052878,1,0.028277
0.3,F1_mean,0.024601,0.3397,ACT,0.024601,0.024601,0.052878,1,0.028277
0.3,F1_mean,0.024601,0.3407,ACT,0.024601,0.024601,0.052878,1,0.028277
0.3,F1_mean,0.024601,0.3417,ACT,0.024601,0.024601,0.052878,1,0.028277
0.3,F1_mean,0.024601,0.3427,ACT,0.024601,0.024601,0.052878,1,0.028277
0.3,F1_mean,0.024601,0.3437,ACT,0.024601,0.024601,0.052878,1,0.028277
0.3,F1_mean,0.024601,0.3447,ACT,0.024601,0.024601,0.052878,1,0.028277
0.3,F1_mean,0.024601,0.3457,ACT,0.024601,0.024601,0.052878,1,0.028277
0.3,F1_mean,0.024601,0.3467,ACT,0.024601,0.024601,0.052878,1,0.028277
0.3,F1_mean,0.024601,0.3477,ACT,0.024601,0.024601,0.052878,1,0.028277
0.3,F1_mean,0.024601,0.3487,ACT,0.024601,0.024601,0.052878,1,0.028277
0.3,F1_mean,0.024601,0.3497,ACT,0.024601,0.024601,0.052878,1,0.028277
0.3,F1_mean,0.024601,0.3507,ACT,0.024601,0.024601,0.052878,1,0.028277
0.3,F1_mean,0.024601,0.3517,ACT,0.024601,0.024601,0.052878,1,0.028277
0.3,F1_mean,0.024601,0.3527,ACT,0.024601,0.024601,0.052878,1,0.028277
0.3,F1_mean,0.024601,0.3537,ACT,0.024601,0.024601,0.052878,1,0.028277
0.3,F1_mean,0.024601,0.3547,ACT,0.024601,0.024601,0.052878,1,0.028277
0.3,F1_mean,0.024601,0.3557,ACT,0.024601,0.024601,0.052878,1,0.028277
0.3,F1_mean,0.024601,0.3567,ACT,0.024601,0.024601,0.052878,1,0.028277
0.3,F1_mean,0.024601,0.3577,ACT,0.024601,0.024601,0.052878,1,0.028277
0.3,F1_mean,0.024601,0.3587,ACT,0.024601,0.024601,0.052878,1,0.028277
0.3,F1_mean,0.024601,0.3597,ACT,0.024601,0.024601,0.052878,1,0.028277
0.3,F1_mean,0.024601,0.3607,ACT,0.024601,0.024601,0.052878,1,0.028277
0.3,F1_mean,0.024601,0.3617,ACT,0.024601,0.024601,0.052878,1,0.028277
0.3,F1_mean,0.024601,0.3627,ACT,0.024601,0.024601,0.052878,1,0.028277
0.3,F1_mean,0.024601,0.3637,ACT,0.024601,0.024601,0.052878,1,0.028277
0.3,F1_mean,0.024601,0.3647,ACT,0.024601,0.024601,0.052878,1,0.028277
0.3,F1_mean,0.024601,0.3657,ACT,0.024601,0.024601,0.052878,1,0.028277
0.3,F1_mean,0.024601,0.3667,ACT,0.024601,0.024601,0.052878,1,0.028277
0.3,F1_mean,0.024601,0.3677,ACT,0.024601,0.024601,0.052878,1,0.028277
0.3,F1_mean,0.024601,0.3687,ACT,0.024601,0.024601,0.052878,1,0.028277
0.3,F1_mean,0.024601,0.3697,ACT,0.024601,0.024601,0.052878,1,0.028277
0.3,F1_mean,0.024601,0.3707,ACT,0.024601,0.024601,0.052878,1,0.028277
0.3,F1_mean,0.024601,0.3717,ACT,0.024601,0.024601,0.052878,1,0.028277
0.3,F1_mean,0.024601,0.3727,ACT,0.024601,0.024601,0.052878,1,0.028277
0.3,F1_mean,0.024601,0.3737,ACT,0.024601,0.024601,0.052878,1,0.028277
0.3,F1_mean,0.024601,0.3747,ACT,0.024601,0.024601,0.052878,1,0.028277
0.3,F1_mean,0.024601,0.3758,ACT,0.024601,0.024601,0.052878,1,0.028277
0.3,F1_mean,0.024601,0.3768,ACT,0.024601,0.024601,0.052878,1,0.028277
0.3,F1_mean,0.024601,0.3778,ACT,0.024601,0.024601,0.052878,1,0.028277
0.3,F1_mean,0.024601,0.3788,ACT,0.024601,0.024601,0.052878,1,0.028277
0.3,F1_mean,0.024601,0.3798,ACT,0.024601,0.024601,0.052878,1,0.028277
0.3,F1_mean,0.024601,0.3808,ACT,0.024601,0.024601,0.052878,1,0.028277
0.3,F1_mean,0.024601,0.3818,ACT,0.024601,0.024601,0.052878,1,0.028277
0.3,F1_mean,0.024601,0.3828,ACT,0.024601,0.024601,0.052878,1,0.028277
0.3,F1_mean,0.024601,0.3838,ACT,0.024601,0.024601,0.052878,1,0.028277
0.3,F1_mean,0.024601,0.3848,ACT,0.024601,0.024601,0.052878,1,0.028277
0.3,F1_mean,0.024601,0.3858,ACT,0.024601,0.024601,0.052878,1,0.028277
0.3,F1_mean,0.024601,0.3868,ACT,0.024601,0.024601,0.052878,1,0.028277
0.3,F1_mean,0.024601,0.3878,ACT,0.024601,0.024601,0.052878,1,0.028277
0.3,F1_mean,0.024601,0.3888,ACT,0.024601,0.024601,0.052878,1,0.028277
0.3,F1_mean,0.024601,0.3898,ACT,0.024601,0.024601,0.052878,1,0.028277
0.3,F1_mean,0.024601,0.3908,ACT,0.024601,0.024601,0.052878,1,0.028277
0.3,F1_mean,0.024601,0.3918,ACT,0.024601,0.024601,0.052878,1,0.028277
0.3,F1_mean,0.024601,0.3928,ACT,0.024601,0.024601,0.052878,1,0.028277
0.3,F1_mean,0.024601,0.3938,ACT,0.024601,0.024601,0.052878,1,0.028277
0.3,F1_mean,0.024601,0.3948,ACT,0.024601,0.024601,0.052878,1,0.028277
0.3,F1_mean,0.024601,0.3958,ACT,0.024601,0.024601,0.052878,1,0.028277
0.3,F1_mean,0.024601,0.3968,ACT,0.024601,0.024601,0.052878,1,0.028277
0.3,F1_mean,0.024601,0.3978,ACT,0.024601,0.024601,0.052878,1,0.028277
0.3,F1_mean,0.024601,0.3988,ACT,0.024601,0.024601,0.052878,1,0.028277
0.3,F1_mean,0.024601,0.3998,ACT,0.024601,0.024601,0.052878,1,0.028277
0.3,F1_mean,0.024601,0.4008,ACT,0.024601,0.024601,0.052878,1,0.028277
0.3,F1_mean,0.024601,0.4018,ACT,0.024601,0.024601,0.052878,1,0.028277
0.3,F1_mean,0.024601,0.4028,ACT,0.024601,0.024601,0.052878,1,0.028277
0.3,F1_mean,0.024601,0.4038,ACT,0.024601,0.024601,0.052878,1,0.028277
0.3,F1_mean,0.024601,0.4048,ACT,0.024601,0.024601,0.052878,1,0.028277
0.3,F1_mean,0.024601,0.4058,ACT,0.024601,0.024601,0.052878,1,0.028277
0.3,F1_mean,0.024601,0.4068,ACT,0.024601,0.024601,0.052878,1,0.028277
0.3,F1_mean,0.024601,0.4078,ACT,0.024601,0.024601,0.052878,1,0.028277
0.3,F1_mean,0.024601,0.4088,ACT,0.024601,0.024601,0.052878,1,0.028277
0.3,F1_mean,0.024601,0.4098,ACT,0.024601,0.024601,0.052878,1,0.028277
0.3,F1_mean,0.024601,0.4108,ACT,0.024601,0.024601,0.052878,1,0.028277
0.3,F1_mean,0.024601,0.4118,ACT,0.024601,0.024601,0.052878,1,0.028277
0.3,F1_mean,0.024601,0.4128,ACT,0.024601,0.024601,0.052878,1,0.028277
0.3,F1_mean,0.024601,0.4138,ACT,0.024601,0.024601,0.052878,1,0.028277
0.3,F1_mean,0.024601,0.4148,ACT,0.024601,0.024601,0.052878,1,0.028277
0.3,F1_mean,0.024601,0.4158,ACT,0.024601,0.024601,0.052878,1,0.028277
0.3,F1_mean,0.024601,0.4168,ACT,0.024601,0.024601,0.052878,1,0.028277
0.3,F1_mean,0.024601,0.4178,ACT,0.024601,0.024601,0.052878,1,0.028277
0.3,F1_mean,0.024601,0.4188,ACT,0.024601,0.024601,0.052878,1,0.028277
0.3,F1_mean,0.024601,0.4198,ACT,0.024601,0.024601,0.052878,1,0.028277
0.3,F1_mean,0.024601,0.4208,ACT,0.024601,0.024601,0.052878,1,0.028277
0.3,F1_mean,0.024601,0.4218,ACT,0.024601,0.024601,0.052878,1,0.028277
0.3,F1_mean,0.024601,0.4228,ACT,0.024601,0.024601,0.052878,1,0.028277
0.3,F1_mean,0.024601,0.4238,ACT,0.024601,0.024601,0.052878,1,0.028277
0.3,F1_mean,0.024601,0.4248,ACT,0.024601,0.024601,0.052878,1,0.028277
0.3,F1_mean,0.024601,0.4259,ACT,0.024601,0.024601,0.052878,1,0.028277
0.3,F1_mean,0.024601,0.4269,ACT,0.024601,0.024601,0.052878,1,0.028277
0.3,F1_mean,0.024601,0.4279,ACT,0.024601,0.024601,0.052878,1,0.028277
0.3,F1_mean,0.024601,0.4289,ACT,0.024601,0.024601,0.052878,1,0.028277
0.3,F1_mean,0.024601,0.4299,ACT,0.024601,0.024601,0.052878,1,0.028277
0.3,F1_mean,0.024601,0.4309,ACT,0.024601,0.024601,0.052878,1,0.028277
0.3,F1_mean,0.024601,0.4319,ACT,0.024601,0.024601,0.052878,1,0.028277
0.3,F1_mean,0.024601,0.4329,ACT,0.024601,0.024601,0.052878,1,0.028277
0.3,F1_mean,0.024601,0.4339,ACT,0.024601,0.024601,0.052878,1,0.028277
0.3,F1_mean,0.024601,0.4349,ACT,0.024601,0.024601,0.052878,1,0.028277
0.3,F1_mean,0.024601,0.4359,ACT,0.024601,0.024601,0.052878,1,0.028277
0.3,F1_mean,0.024601,0.4369,ACT,0.024601,0.024601,0.052878,1,0.028277
0.3,F1_mean,0.024601,0.4379,ACT,0.024601,0.024601,0.052878,1,0.028277
0.3,F1_mean,0.024601,0.4389,ACT,0.024601,0.024601,0.052878,1,0.028277
0.3,F1_mean,0.024601,0.4399,ACT,0.024601,0.024601,0.052878,1,0.028277
0.3,F1_mean,0.024601,0.4409,ACT,0.024601,0.024601,0.052878,1,0.028277
0.3,F1_mean,0.024601,0.4419,ACT,0.024601,0.024601,0.052878,1,0.028277
0.3,F1_mean,0.024601,0.4429,ACT,0.024601,0.024601,0.052878,1,0.028277
0.3,F1_mean,0.024601,0.4439,ACT,0.024601,0.024601,0.052878,1,0.028277
0.3,F1_mean,0.024601,0.4449,ACT,0.024601,0.024601,0.052878,1,0.028277
0.3,F1_mean,0.024601,0.4459,ACT,0.024601,0.024601,0.052878,1,0.028277
0.3,F1_mean,0.024601,0.4469,ACT,0.024601,0.024601,0.052878,1,0.028277
0.3,F1_mean,0.024601,0.4479,ACT,0.024601,0.024601,0.052878,1,0.028277
0.3,F1_mean,0.024601,0.4489,ACT,0.024601,0.024601,0.052878,1,0.028277
0.3,F1_mean,0.024601,0.4499,ACT,0.024601,0.024601,0.052878,1,0.028277
0.3,F1_mean,0.024601,0.4509,ACT,0.024601,0.024601,0.052878,1,0.028277
0.3,F1_mean,0.024601,0.4519,ACT,0.024601,0.024601,0.052878,1,0.028277
0.3,F1_mean,0.024601,0.4529,ACT,0.024601,0.024601,0.052878,1,0.028277
0.3,F1_mean,0.024601,0.4539,ACT,0.024601,0.024601,0.052878,1,0.028277
0.3,F1_mean,0.024601,0.4549,ACT,0.024601,0.024601,0.052878,1,0.028277
0.3,F1_mean,0.024601,0.4559,ACT,0.024601,0.024601,0.052878,1,0.028277
0.3,F1_mean,0.024601,0.4569,ACT,0.024601,0.024601,0.052878,1,0.028277
0.3,F1_mean,0.024601,0.4579,ACT,0.024601,0.024601,0.052878,1,0.028277
0.3,F1_mean,0.024601,0.4589,ACT,0.024601,0.024601,0.052878,1,0.028277
0.3,F1_mean,0.024601,0.4599,ACT,0.024601,0.024601,0.052878,1,0.028277
0.3,F1_mean,0.024601,0.4609,ACT,0.024601,0.024601,0.052878,1,0.028277
0.3,F1_mean,0.024601,0.4619,ACT,0.024601,0.024601,0.052878,1,0.028277
0.3,F1_mean,0.024601,0.4629,ACT,0.024601,0.024601,0.052878,1,0.028277
0.3,F1_mean,0.024601,0.4639,ACT,0.024601,0.024601,0.052878,1,0.028277
0.3,F1_mean,0.024601,0.4649,ACT,0.024601,0.024601,0.052878,1,0.028277
0.3,F1_mean,0.024601,0.4659,ACT,0.024601,0.024601,0.052878,1,0.028277
0.3,F1_mean,0.024601,0.4669,ACT,0.024601,0.024601,0.052878,1,0.028277
0.3,F1_mean,0.024601,0.4679,ACT,0.024601,0.024601,0.052878,1,0.028277
0.3,F1_mean,0.024601,0.4689,ACT,0.024601,0.024601,0.052878,1,0.028277
0.3,F1_mean,0.024601,0.4699,ACT,0.024601,0.024601,0.052878,1,0.028277
0.3,F1_mean,0.024601,0.4709,ACT,0.024601,0.024601,0.052878,1,0.028277
0.3,F1_mean,0.024601,0.4719,ACT,0.024601,0.024601,0.052878,1,0.028277
0.3,F1_mean,0.024601,0.4729,ACT,0.024601,0.024601,0.052878,1,0.028277
0.3,F1_mean,0.024601,0.4739,ACT,0.024601,0.024601,0.052878,1,0.028277
0.3,F1_mean,0.024601,0.4749,ACT,0.024601,0.024601,0.052878,1,0.028277
0.3,F1_mean,0.024601,0.476,ACT,0.024601,0.024601,0.052878,1,0.028277
0.3,F1_mean,0.024601,0.477,ACT,0.024601,0.024601,0.052878,1,0.028277
0.3,F1_mean,0.024601,0.478,ACT,0.024601,0.024601,0.052878,1,0.028277
0.3,F1_mean,0.024601,0.479,ACT,0.024601,0.024601,0.052878,1,0.028277
0.3,F1_mean,0.024601,0.48,ACT,0.024601,0.024601,0.052878,1,0.028277
0.3,F1_mean,0.024601,0.481,ACT,0.024601,0.024601,0.052878,1,0.028277
0.3,F1_mean,0.024601,0.482,ACT,0.024601,0.024601,0.052878,1,0.028277
0.3,F1_mean,0.024601,0.483,ACT,0.024601,0.024601,0.052878,1,0.028277
0.3,F1_mean,0.024601,0.484,ACT,0.024601,0.024601,0.052878,1,0.028277
0.3,F1_mean,0.024601,0.485,ACT,0.024601,0.024601,0.052878,1,0.028277
0.3,F1_mean,0.024601,0.486,ACT,0.024601,0.024601,0.052878,1,0.028277
0.3,F1_mean,0.024601,0.487,ACT,0.024601,0.024601,0.052878,1,0.028277
0.3,F1_mean,0.024601,0.488,ACT,0.024601,0.024601,0.052878,1,0.028277
0.3,F1_mean,0.024601,0.489,ACT,0.024601,0.024601,0.052878,1,0.028277
0.3,F1_mean,0.024601,0.49,ACT,0.024601,0.024601,0.052878,1,0.028277
0.3,F1_mean,0.024601,0.491,ACT,0.024601,0.024601,0.052878,1,0.028277
0.3,F1_mean,0.024601,0.492,ACT,0.024601,0.024601,0.052878,1,0.028277
0.3,F1_mean,0.024601,0.493,ACT,0.024601,0.024601,0.052878,1,0.028277
0.3,F1_mean,0.024601,0.494,ACT,0.024601,0.024601,0.052878,1,0.028277
0.3,F1_mean,0.024601,0.495,ACT,0.024601,0.024601,0.052878,1,0.028277
0.3,F1_mean,0.024601,0.496,ACT,0.024601,0.024601,0.052878,1,0.028277
0.3,F1_mean,0.024601,0.497,ACT,0.024601,0.024601,0.052878,1,0.028277
0.3,F1_mean,0.024601,0.498,ACT,0.024601,0.024601,0.052878,1,0.028277
0.3,F1_mean,0.024601,0.499,ACT,0.024601,0.024601,0.052878,1,0.028277
0.3,F1_mean,0.024601,0.5,ACT,0.024601,0.024601,0.052878,1,0.028277
0.3,F2_p50,0.025145,0.0,REFUSE,0.025145,0.024601,0.052878,1,0.028277
0.3,F2_p50,0.025145,0.001,REFUSE,0.025145,0.024601,0.052878,1,0.028277
0.3,F2_p50,0.025145,0.002,REFUSE,0.025145,0.024601,0.052878,1,0.028277
0.3,F2_p50,0.025145,0.003,REFUSE,0.025145,0.024601,0.052878,1,0.028277
0.3,F2_p50,0.025145,0.004,REFUSE,0.025145,0.024601,0.052878,1,0.028277
0.3,F2_p50,0.025145,0.005,REFUSE,0.025145,0.024601,0.052878,1,0.028277
0.3,F2_p50,0.025145,0.006,REFUSE,0.025145,0.024601,0.052878,1,0.028277
0.3,F2_p50,0.025145,0.007,REFUSE,0.025145,0.024601,0.052878,1,0.028277
0.3,F2_p50,0.025145,0.008,REFUSE,0.025145,0.024601,0.052878,1,0.028277
0.3,F2_p50,0.025145,0.009,REFUSE,0.025145,0.024601,0.052878,1,0.028277
0.3,F2_p50,0.025145,0.01,REFUSE,0.025145,0.024601,0.052878,1,0.028277
0.3,F2_p50,0.025145,0.011,REFUSE,0.025145,0.024601,0.052878,1,0.028277
0.3,F2_p50,0.025145,0.012,REFUSE,0.025145,0.024601,0.052878,1,0.028277
0.3,F2_p50,0.025145,0.013,REFUSE,0.025145,0.024601,0.052878,1,0.028277
0.3,F2_p50,0.025145,0.014,REFUSE,0.025145,0.024601,0.052878,1,0.028277
0.3,F2_p50,0.025145,0.015,REFUSE,0.025145,0.024601,0.052878,1,0.028277
0.3,F2_p50,0.025145,0.016,REFUSE,0.025145,0.024601,0.052878,1,0.028277
0.3,F2_p50,0.025145,0.017,REFUSE,0.025145,0.024601,0.052878,1,0.028277
0.3,F2_p50,0.025145,0.018,REFUSE,0.025145,0.024601,0.052878,1,0.028277
0.3,F2_p50,0.025145,0.019,REFUSE,0.025145,0.024601,0.052878,1,0.028277
0.3,F2_p50,0.025145,0.02,REFUSE,0.025145,0.024601,0.052878,1,0.028277
0.3,F2_p50,0.025145,0.021,REFUSE,0.025145,0.024601,0.052878,1,0.028277
0.3,F2_p50,0.025145,0.022,REFUSE,0.025145,0.024601,0.052878,1,0.028277
0.3,F2_p50,0.025145,0.023,REFUSE,0.025145,0.024601,0.052878,1,0.028277
0.3,F2_p50,0.025145,0.024,REFUSE,0.025145,0.024601,0.052878,1,0.028277
0.3,F2_p50,0.025145,0.0251,REFUSE,0.025145,0.024601,0.052878,1,0.028277
0.3,F2_p50,0.025145,0.0261,ACT,0.025145,0.024601,0.052878,1,0.028277
0.3,F2_p50,0.025145,0.0271,ACT,0.025145,0.024601,0.052878,1,0.028277
0.3,F2_p50,0.025145,0.0281,ACT,0.025145,0.024601,0.052878,1,0.028277
0.3,F2_p50,0.025145,0.0291,ACT,0.025145,0.024601,0.052878,1,0.028277
0.3,F2_p50,0.025145,0.0301,ACT,0.025145,0.024601,0.052878,1,0.028277
0.3,F2_p50,0.025145,0.0311,ACT,0.025145,0.024601,0.052878,1,0.028277
0.3,F2_p50,0.025145,0.0321,ACT,0.025145,0.024601,0.052878,1,0.028277
0.3,F2_p50,0.025145,0.0331,ACT,0.025145,0.024601,0.052878,1,0.028277
0.3,F2_p50,0.025145,0.0341,ACT,0.025145,0.024601,0.052878,1,0.028277
0.3,F2_p50,0.025145,0.0351,ACT,0.025145,0.024601,0.052878,1,0.028277
0.3,F2_p50,0.025145,0.0361,ACT,0.025145,0.024601,0.052878,1,0.028277
0.3,F2_p50,0.025145,0.0371,ACT,0.025145,0.024601,0.052878,1,0.028277
0.3,F2_p50,0.025145,0.0381,ACT,0.025145,0.024601,0.052878,1,0.028277
0.3,F2_p50,0.025145,0.0391,ACT,0.025145,0.024601,0.052878,1,0.028277
0.3,F2_p50,0.025145,0.0401,ACT,0.025145,0.024601,0.052878,1,0.028277
0.3,F2_p50,0.025145,0.0411,ACT,0.025145,0.024601,0.052878,1,0.028277
0.3,F2_p50,0.025145,0.0421,ACT,0.025145,0.024601,0.052878,1,0.028277
0.3,F2_p50,0.025145,0.0431,ACT,0.025145,0.024601,0.052878,1,0.028277
0.3,F2_p50,0.025145,0.0441,ACT,0.025145,0.024601,0.052878,1,0.028277
0.3,F2_p50,0.025145,0.0451,ACT,0.025145,0.024601,0.052878,1,0.028277
0.3,F2_p50,0.025145,0.0461,ACT,0.025145,0.024601,0.052878,1,0.028277
0.3,F2_p50,0.025145,0.0471,ACT,0.025145,0.024601,0.052878,1,0.028277
0.3,F2_p50,0.025145,0.0481,ACT,0.025145,0.024601,0.052878,1,0.028277
0.3,F2_p50,0.025145,0.0491,ACT,0.025145,0.024601,0.052878,1,0.028277
0.3,F2_p50,0.025145,0.0501,ACT,0.025145,0.024601,0.052878,1,0.028277
0.3,F2_p50,0.025145,0.0511,ACT,0.025145,0.024601,0.052878,1,0.028277
0.3,F2_p50,0.025145,0.0521,ACT,0.025145,0.024601,0.052878,1,0.028277
0.3,F2_p50,0.025145,0.0531,ACT,0.025145,0.024601,0.052878,1,0.028277
0.3,F2_p50,0.025145,0.0541,ACT,0.025145,0.024601,0.052878,1,0.028277
0.3,F2_p50,0.025145,0.0551,ACT,0.025145,0.024601,0.052878,1,0.028277
0.3,F2_p50,0.025145,0.0561,ACT,0.025145,0.024601,0.052878,1,0.028277
0.3,F2_p50,0.025145,0.0571,ACT,0.025145,0.024601,0.052878,1,0.028277
0.3,F2_p50,0.025145,0.0581,ACT,0.025145,0.024601,0.052878,1,0.028277
0.3,F2_p50,0.025145,0.0591,ACT,0.025145,0.024601,0.052878,1,0.028277
0.3,F2_p50,0.025145,0.0601,ACT,0.025145,0.024601,0.052878,1,0.028277
0.3,F2_p50,0.025145,0.0611,ACT,0.025145,0.024601,0.052878,1,0.028277
0.3,F2_p50,0.025145,0.0621,ACT,0.025145,0.024601,0.052878,1,0.028277
0.3,F2_p50,0.025145,0.0631,ACT,0.025145,0.024601,0.052878,1,0.028277
0.3,F2_p50,0.025145,0.0641,ACT,0.025145,0.024601,0.052878,1,0.028277
0.3,F2_p50,0.025145,0.0651,ACT,0.025145,0.024601,0.052878,1,0.028277
0.3,F2_p50,0.025145,0.0661,ACT,0.025145,0.024601,0.052878,1,0.028277
0.3,F2_p50,0.025145,0.0671,ACT,0.025145,0.024601,0.052878,1,0.028277
0.3,F2_p50,0.025145,0.0681,ACT,0.025145,0.024601,0.052878,1,0.028277
0.3,F2_p50,0.025145,0.0691,ACT,0.025145,0.024601,0.052878,1,0.028277
0.3,F2_p50,0.025145,0.0701,ACT,0.025145,0.024601,0.052878,1,0.028277
0.3,F2_p50,0.025145,0.0711,ACT,0.025145,0.024601,0.052878,1,0.028277
0.3,F2_p50,0.025145,0.0721,ACT,0.025145,0.024601,0.052878,1,0.028277
0.3,F2_p50,0.025145,0.0731,ACT,0.025145,0.024601,0.052878,1,0.028277
0.3,F2_p50,0.025145,0.0741,ACT,0.025145,0.024601,0.052878,1,0.028277
0.3,F2_p50,0.025145,0.0752,ACT,0.025145,0.024601,0.052878,1,0.028277
0.3,F2_p50,0.025145,0.0762,ACT,0.025145,0.024601,0.052878,1,0.028277
0.3,F2_p50,0.025145,0.0772,ACT,0.025145,0.024601,0.052878,1,0.028277
0.3,F2_p50,0.025145,0.0782,ACT,0.025145,0.024601,0.052878,1,0.028277
0.3,F2_p50,0.025145,0.0792,ACT,0.025145,0.024601,0.052878,1,0.028277
0.3,F2_p50,0.025145,0.0802,ACT,0.025145,0.024601,0.052878,1,0.028277
0.3,F2_p50,0.025145,0.0812,ACT,0.025145,0.024601,0.052878,1,0.028277
0.3,F2_p50,0.025145,0.0822,ACT,0.025145,0.024601,0.052878,1,0.028277
0.3,F2_p50,0.025145,0.0832,ACT,0.025145,0.024601,0.052878,1,0.028277
0.3,F2_p50,0.025145,0.0842,ACT,0.025145,0.024601,0.052878,1,0.028277
0.3,F2_p50,0.025145,0.0852,ACT,0.025145,0.024601,0.052878,1,0.028277
0.3,F2_p50,0.025145,0.0862,ACT,0.025145,0.024601,0.052878,1,0.028277
0.3,F2_p50,0.025145,0.0872,ACT,0.025145,0.024601,0.052878,1,0.028277
0.3,F2_p50,0.025145,0.0882,ACT,0.025145,0.024601,0.052878,1,0.028277
0.3,F2_p50,0.025145,0.0892,ACT,0.025145,0.024601,0.052878,1,0.028277
0.3,F2_p50,0.025145,0.0902,ACT,0.025145,0.024601,0.052878,1,0.028277
0.3,F2_p50,0.025145,0.0912,ACT,0.025145,0.024601,0.052878,1,0.028277
0.3,F2_p50,0.025145,0.0922,ACT,0.025145,0.024601,0.052878,1,0.028277
0.3,F2_p50,0.025145,0.0932,ACT,0.025145,0.024601,0.052878,1,0.028277
0.3,F2_p50,0.025145,0.0942,ACT,0.025145,0.024601,0.052878,1,0.028277
0.3,F2_p50,0.025145,0.0952,ACT,0.025145,0.024601,0.052878,1,0.028277
0.3,F2_p50,0.025145,0.0962,ACT,0.025145,0.024601,0.052878,1,0.028277
0.3,F2_p50,0.025145,0.0972,ACT,0.025145,0.024601,0.052878,1,0.028277
0.3,F2_p50,0.025145,0.0982,ACT,0.025145,0.024601,0.052878,1,0.028277
0.3,F2_p50,0.025145,0.0992,ACT,0.025145,0.024601,0.052878,1,0.028277
0.3,F2_p50,0.025145,0.1002,ACT,0.025145,0.024601,0.052878,1,0.028277
0.3,F2_p50,0.025145,0.1012,ACT,0.025145,0.024601,0.052878,1,0.028277
0.3,F2_p50,0.025145,0.1022,ACT,0.025145,0.024601,0.052878,1,0.028277
0.3,F2_p50,0.025145,0.1032,ACT,0.025145,0.024601,0.052878,1,0.028277
0.3,F2_p50,0.025145,0.1042,ACT,0.025145,0.024601,0.052878,1,0.028277
0.3,F2_p50,0.025145,0.1052,ACT,0.025145,0.024601,0.052878,1,0.028277
0.3,F2_p50,0.025145,0.1062,ACT,0.025145,0.024601,0.052878,1,0.028277
0.3,F2_p50,0.025145,0.1072,ACT,0.025145,0.024601,0.052878,1,0.028277
0.3,F2_p50,0.025145,0.1082,ACT,0.025145,0.024601,0.052878,1,0.028277
0.3,F2_p50,0.025145,0.1092,ACT,0.025145,0.024601,0.052878,1,0.028277
0.3,F2_p50,0.025145,0.1102,ACT,0.025145,0.024601,0.052878,1,0.028277
0.3,F2_p50,0.025145,0.1112,ACT,0.025145,0.024601,0.052878,1,0.028277
0.3,F2_p50,0.025145,0.1122,ACT,0.025145,0.024601,0.052878,1,0.028277
0.3,F2_p50,0.025145,0.1132,ACT,0.025145,0.024601,0.052878,1,0.028277
0.3,F2_p50,0.025145,0.1142,ACT,0.025145,0.024601,0.052878,1,0.028277
0.3,F2_p50,0.025145,0.1152,ACT,0.025145,0.024601,0.052878,1,0.028277
0.3,F2_p50,0.025145,0.1162,ACT,0.025145,0.024601,0.052878,1,0.028277
0.3,F2_p50,0.025145,0.1172,ACT,0.025145,0.024601,0.052878,1,0.028277
0.3,F2_p50,0.025145,0.1182,ACT,0.025145,0.024601,0.052878,1,0.028277
0.3,F2_p50,0.025145,0.1192,ACT,0.025145,0.024601,0.052878,1,0.028277
0.3,F2_p50,0.025145,0.1202,ACT,0.025145,0.024601,0.052878,1,0.028277
0.3,F2_p50,0.025145,0.1212,ACT,0.025145,0.024601,0.052878,1,0.028277
0.3,F2_p50,0.025145,0.1222,ACT,0.025145,0.024601,0.052878,1,0.028277
0.3,F2_p50,0.025145,0.1232,ACT,0.025145,0.024601,0.052878,1,0.028277
0.3,F2_p50,0.025145,0.1242,ACT,0.025145,0.024601,0.052878,1,0.028277
0.3,F2_p50,0.025145,0.1253,ACT,0.025145,0.024601,0.052878,1,0.028277
0.3,F2_p50,0.025145,0.1263,ACT,0.025145,0.024601,0.052878,1,0.028277
0.3,F2_p50,0.025145,0.1273,ACT,0.025145,0.024601,0.052878,1,0.028277
0.3,F2_p50,0.025145,0.1283,ACT,0.025145,0.024601,0.052878,1,0.028277
0.3,F2_p50,0.025145,0.1293,ACT,0.025145,0.024601,0.052878,1,0.028277
0.3,F2_p50,0.025145,0.1303,ACT,0.025145,0.024601,0.052878,1,0.028277
0.3,F2_p50,0.025145,0.1313,ACT,0.025145,0.024601,0.052878,1,0.028277
0.3,F2_p50,0.025145,0.1323,ACT,0.025145,0.024601,0.052878,1,0.028277
0.3,F2_p50,0.025145,0.1333,ACT,0.025145,0.024601,0.052878,1,0.028277
0.3,F2_p50,0.025145,0.1343,ACT,0.025145,0.024601,0.052878,1,0.028277
0.3,F2_p50,0.025145,0.1353,ACT,0.025145,0.024601,0.052878,1,0.028277
0.3,F2_p50,0.025145,0.1363,ACT,0.025145,0.024601,0.052878,1,0.028277
0.3,F2_p50,0.025145,0.1373,ACT,0.025145,0.024601,0.052878,1,0.028277
0.3,F2_p50,0.025145,0.1383,ACT,0.025145,0.024601,0.052878,1,0.028277
0.3,F2_p50,0.025145,0.1393,ACT,0.025145,0.024601,0.052878,1,0.028277
0.3,F2_p50,0.025145,0.1403,ACT,0.025145,0.024601,0.052878,1,0.028277
0.3,F2_p50,0.025145,0.1413,ACT,0.025145,0.024601,0.052878,1,0.028277
0.3,F2_p50,0.025145,0.1423,ACT,0.025145,0.024601,0.052878,1,0.028277
0.3,F2_p50,0.025145,0.1433,ACT,0.025145,0.024601,0.052878,1,0.028277
0.3,F2_p50,0.025145,0.1443,ACT,0.025145,0.024601,0.052878,1,0.028277
0.3,F2_p50,0.025145,0.1453,ACT,0.025145,0.024601,0.052878,1,0.028277
0.3,F2_p50,0.025145,0.1463,ACT,0.025145,0.024601,0.052878,1,0.028277
0.3,F2_p50,0.025145,0.1473,ACT,0.025145,0.024601,0.052878,1,0.028277
0.3,F2_p50,0.025145,0.1483,ACT,0.025145,0.024601,0.052878,1,0.028277
0.3,F2_p50,0.025145,0.1493,ACT,0.025145,0.024601,0.052878,1,0.028277
0.3,F2_p50,0.025145,0.1503,ACT,0.025145,0.024601,0.052878,1,0.028277
0.3,F2_p50,0.025145,0.1513,ACT,0.025145,0.024601,0.052878,1,0.028277
0.3,F2_p50,0.025145,0.1523,ACT,0.025145,0.024601,0.052878,1,0.028277
0.3,F2_p50,0.025145,0.1533,ACT,0.025145,0.024601,0.052878,1,0.028277
0.3,F2_p50,0.025145,0.1543,ACT,0.025145,0.024601,0.052878,1,0.028277
0.3,F2_p50,0.025145,0.1553,ACT,0.025145,0.024601,0.052878,1,0.028277
0.3,F2_p50,0.025145,0.1563,ACT,0.025145,0.024601,0.052878,1,0.028277
0.3,F2_p50,0.025145,0.1573,ACT,0.025145,0.024601,0.052878,1,0.028277
0.3,F2_p50,0.025145,0.1583,ACT,0.025145,0.024601,0.052878,1,0.028277
0.3,F2_p50,0.025145,0.1593,ACT,0.025145,0.024601,0.052878,1,0.028277
0.3,F2_p50,0.025145,0.1603,ACT,0.025145,0.024601,0.052878,1,0.028277
0.3,F2_p50,0.025145,0.1613,ACT,0.025145,0.024601,0.052878,1,0.028277
0.3,F2_p50,0.025145,0.1623,ACT,0.025145,0.024601,0.052878,1,0.028277
0.3,F2_p50,0.025145,0.1633,ACT,0.025145,0.024601,0.052878,1,0.028277
0.3,F2_p50,0.025145,0.1643,ACT,0.025145,0.024601,0.052878,1,0.028277
0.3,F2_p50,0.025145,0.1653,ACT,0.025145,0.024601,0.052878,1,0.028277
0.3,F2_p50,0.025145,0.1663,ACT,0.025145,0.024601,0.052878,1,0.028277
0.3,F2_p50,0.025145,0.1673,ACT,0.025145,0.024601,0.052878,1,0.028277
0.3,F2_p50,0.025145,0.1683,ACT,0.025145,0.024601,0.052878,1,0.028277
0.3,F2_p50,0.025145,0.1693,ACT,0.025145,0.024601,0.052878,1,0.028277
0.3,F2_p50,0.025145,0.1703,ACT,0.025145,0.024601,0.052878,1,0.028277
0.3,F2_p50,0.025145,0.1713,ACT,0.025145,0.024601,0.052878,1,0.028277
0.3,F2_p50,0.025145,0.1723,ACT,0.025145,0.024601,0.052878,1,0.028277
0.3,F2_p50,0.025145,0.1733,ACT,0.025145,0.024601,0.052878,1,0.028277
0.3,F2_p50,0.025145,0.1743,ACT,0.025145,0.024601,0.052878,1,0.028277
0.3,F2_p50,0.025145,0.1754,ACT,0.025145,0.024601,0.052878,1,0.028277
0.3,F2_p50,0.025145,0.1764,ACT,0.025145,0.024601,0.052878,1,0.028277
0.3,F2_p50,0.025145,0.1774,ACT,0.025145,0.024601,0.052878,1,0.028277
0.3,F2_p50,0.025145,0.1784,ACT,0.025145,0.024601,0.052878,1,0.028277
0.3,F2_p50,0.025145,0.1794,ACT,0.025145,0.024601,0.052878,1,0.028277
0.3,F2_p50,0.025145,0.1804,ACT,0.025145,0.024601,0.052878,1,0.028277
0.3,F2_p50,0.025145,0.1814,ACT,0.025145,0.024601,0.052878,1,0.028277
0.3,F2_p50,0.025145,0.1824,ACT,0.025145,0.024601,0.052878,1,0.028277
0.3,F2_p50,0.025145,0.1834,ACT,0.025145,0.024601,0.052878,1,0.028277
0.3,F2_p50,0.025145,0.1844,ACT,0.025145,0.024601,0.052878,1,0.028277
0.3,F2_p50,0.025145,0.1854,ACT,0.025145,0.024601,0.052878,1,0.028277
0.3,F2_p50,0.025145,0.1864,ACT,0.025145,0.024601,0.052878,1,0.028277
0.3,F2_p50,0.025145,0.1874,ACT,0.025145,0.024601,0.052878,1,0.028277
0.3,F2_p50,0.025145,0.1884,ACT,0.025145,0.024601,0.052878,1,0.028277
0.3,F2_p50,0.025145,0.1894,ACT,0.025145,0.024601,0.052878,1,0.028277
0.3,F2_p50,0.025145,0.1904,ACT,0.025145,0.024601,0.052878,1,0.028277
0.3,F2_p50,0.025145,0.1914,ACT,0.025145,0.024601,0.052878,1,0.028277
0.3,F2_p50,0.025145,0.1924,ACT,0.025145,0.024601,0.052878,1,0.028277
0.3,F2_p50,0.025145,0.1934,ACT,0.025145,0.024601,0.052878,1,0.028277
0.3,F2_p50,0.025145,0.1944,ACT,0.025145,0.024601,0.052878,1,0.028277
0.3,F2_p50,0.025145,0.1954,ACT,0.025145,0.024601,0.052878,1,0.028277
0.3,F2_p50,0.025145,0.1964,ACT,0.025145,0.024601,0.052878,1,0.028277
0.3,F2_p50,0.025145,0.1974,ACT,0.025145,0.024601,0.052878,1,0.028277
0.3,F2_p50,0.025145,0.1984,ACT,0.025145,0.024601,0.052878,1,0.028277
0.3,F2_p50,0.025145,0.1994,ACT,0.025145,0.024601,0.052878,1,0.028277
0.3,F2_p50,0.025145,0.2004,ACT,0.025145,0.024601,0.052878,1,0.028277
0.3,F2_p50,0.025145,0.2014,ACT,0.025145,0.024601,0.052878,1,0.028277
0.3,F2_p50,0.025145,0.2024,ACT,0.025145,0.024601,0.052878,1,0.028277
0.3,F2_p50,0.025145,0.2034,ACT,0.025145,0.024601,0.052878,1,0.028277
0.3,F2_p50,0.025145,0.2044,ACT,0.025145,0.024601,0.052878,1,0.028277
0.3,F2_p50,0.025145,0.2054,ACT,0.025145,0.024601,0.052878,1,0.028277
0.3,F2_p50,0.025145,0.2064,ACT,0.025145,0.024601,0.052878,1,0.028277
0.3,F2_p50,0.025145,0.2074,ACT,0.025145,0.024601,0.052878,1,0.028277
0.3,F2_p50,0.025145,0.2084,ACT,0.025145,0.024601,0.052878,1,0.028277
0.3,F2_p50,0.025145,0.2094,ACT,0.025145,0.024601,0.052878,1,0.028277
0.3,F2_p50,0.025145,0.2104,ACT,0.025145,0.024601,0.052878,1,0.028277
0.3,F2_p50,0.025145,0.2114,ACT,0.025145,0.024601,0.052878,1,0.028277
0.3,F2_p50,0.025145,0.2124,ACT,0.025145,0.024601,0.052878,1,0.028277
0.3,F2_p50,0.025145,0.2134,ACT,0.025145,0.024601,0.052878,1,0.028277
0.3,F2_p50,0.025145,0.2144,ACT,0.025145,0.024601,0.052878,1,0.028277
0.3,F2_p50,0.025145,0.2154,ACT,0.025145,0.024601,0.052878,1,0.028277
0.3,F2_p50,0.025145,0.2164,ACT,0.025145,0.024601,0.052878,1,0.028277
0.3,F2_p50,0.025145,0.2174,ACT,0.025145,0.024601,0.052878,1,0.028277
0.3,F2_p50,0.025145,0.2184,ACT,0.025145,0.024601,0.052878,1,0.028277
0.3,F2_p50,0.025145,0.2194,ACT,0.025145,0.024601,0.052878,1,0.028277
0.3,F2_p50,0.025145,0.2204,ACT,0.025145,0.024601,0.052878,1,0.028277
0.3,F2_p50,0.025145,0.2214,ACT,0.025145,0.024601,0.052878,1,0.028277
0.3,F2_p50,0.025145,0.2224,ACT,0.025145,0.024601,0.052878,1,0.028277
0.3,F2_p50,0.025145,0.2234,ACT,0.025145,0.024601,0.052878,1,0.028277
0.3,F2_p50,0.025145,0.2244,ACT,0.025145,0.024601,0.052878,1,0.028277
0.3,F2_p50,0.025145,0.2255,ACT,0.025145,0.024601,0.052878,1,0.028277
0.3,F2_p50,0.025145,0.2265,ACT,0.025145,0.024601,0.052878,1,0.028277
0.3,F2_p50,0.025145,0.2275,ACT,0.025145,0.024601,0.052878,1,0.028277
0.3,F2_p50,0.025145,0.2285,ACT,0.025145,0.024601,0.052878,1,0.028277
0.3,F2_p50,0.025145,0.2295,ACT,0.025145,0.024601,0.052878,1,0.028277
0.3,F2_p50,0.025145,0.2305,ACT,0.025145,0.024601,0.052878,1,0.028277
0.3,F2_p50,0.025145,0.2315,ACT,0.025145,0.024601,0.052878,1,0.028277
0.3,F2_p50,0.025145,0.2325,ACT,0.025145,0.024601,0.052878,1,0.028277
0.3,F2_p50,0.025145,0.2335,ACT,0.025145,0.024601,0.052878,1,0.028277
0.3,F2_p50,0.025145,0.2345,ACT,0.025145,0.024601,0.052878,1,0.028277
0.3,F2_p50,0.025145,0.2355,ACT,0.025145,0.024601,0.052878,1,0.028277
0.3,F2_p50,0.025145,0.2365,ACT,0.025145,0.024601,0.052878,1,0.028277
0.3,F2_p50,0.025145,0.2375,ACT,0.025145,0.024601,0.052878,1,0.028277
0.3,F2_p50,0.025145,0.2385,ACT,0.025145,0.024601,0.052878,1,0.028277
0.3,F2_p50,0.025145,0.2395,ACT,0.025145,0.024601,0.052878,1,0.028277
0.3,F2_p50,0.025145,0.2405,ACT,0.025145,0.024601,0.052878,1,0.028277
0.3,F2_p50,0.025145,0.2415,ACT,0.025145,0.024601,0.052878,1,0.028277
0.3,F2_p50,0.025145,0.2425,ACT,0.025145,0.024601,0.052878,1,0.028277
0.3,F2_p50,0.025145,0.2435,ACT,0.025145,0.024601,0.052878,1,0.028277
0.3,F2_p50,0.025145,0.2445,ACT,0.025145,0.024601,0.052878,1,0.028277
0.3,F2_p50,0.025145,0.2455,ACT,0.025145,0.024601,0.052878,1,0.028277
0.3,F2_p50,0.025145,0.2465,ACT,0.025145,0.024601,0.052878,1,0.028277
0.3,F2_p50,0.025145,0.2475,ACT,0.025145,0.024601,0.052878,1,0.028277
0.3,F2_p50,0.025145,0.2485,ACT,0.025145,0.024601,0.052878,1,0.028277
0.3,F2_p50,0.025145,0.2495,ACT,0.025145,0.024601,0.052878,1,0.028277
0.3,F2_p50,0.025145,0.2505,ACT,0.025145,0.024601,0.052878,1,0.028277
0.3,F2_p50,0.025145,0.2515,ACT,0.025145,0.024601,0.052878,1,0.028277
0.3,F2_p50,0.025145,0.2525,ACT,0.025145,0.024601,0.052878,1,0.028277
0.3,F2_p50,0.025145,0.2535,ACT,0.025145,0.024601,0.052878,1,0.028277
0.3,F2_p50,0.025145,0.2545,ACT,0.025145,0.024601,0.052878,1,0.028277
0.3,F2_p50,0.025145,0.2555,ACT,0.025145,0.024601,0.052878,1,0.028277
0.3,F2_p50,0.025145,0.2565,ACT,0.025145,0.024601,0.052878,1,0.028277
0.3,F2_p50,0.025145,0.2575,ACT,0.025145,0.024601,0.052878,1,0.028277
0.3,F2_p50,0.025145,0.2585,ACT,0.025145,0.024601,0.052878,1,0.028277
0.3,F2_p50,0.025145,0.2595,ACT,0.025145,0.024601,0.052878,1,0.028277
0.3,F2_p50,0.025145,0.2605,ACT,0.025145,0.024601,0.052878,1,0.028277
0.3,F2_p50,0.025145,0.2615,ACT,0.025145,0.024601,0.052878,1,0.028277
0.3,F2_p50,0.025145,0.2625,ACT,0.025145,0.024601,0.052878,1,0.028277
0.3,F2_p50,0.025145,0.2635,ACT,0.025145,0.024601,0.052878,1,0.028277
0.3,F2_p50,0.025145,0.2645,ACT,0.025145,0.024601,0.052878,1,0.028277
0.3,F2_p50,0.025145,0.2655,ACT,0.025145,0.024601,0.052878,1,0.028277
0.3,F2_p50,0.025145,0.2665,ACT,0.025145,0.024601,0.052878,1,0.028277
0.3,F2_p50,0.025145,0.2675,ACT,0.025145,0.024601,0.052878,1,0.028277
0.3,F2_p50,0.025145,0.2685,ACT,0.025145,0.024601,0.052878,1,0.028277
0.3,F2_p50,0.025145,0.2695,ACT,0.025145,0.024601,0.052878,1,0.028277
0.3,F2_p50,0.025145,0.2705,ACT,0.025145,0.024601,0.052878,1,0.028277
0.3,F2_p50,0.025145,0.2715,ACT,0.025145,0.024601,0.052878,1,0.028277
0.3,F2_p50,0.025145,0.2725,ACT,0.025145,0.024601,0.052878,1,0.028277
0.3,F2_p50,0.025145,0.2735,ACT,0.025145,0.024601,0.052878,1,0.028277
0.3,F2_p50,0.025145,0.2745,ACT,0.025145,0.024601,0.052878,1,0.028277
0.3,F2_p50,0.025145,0.2756,ACT,0.025145,0.024601,0.052878,1,0.028277
0.3,F2_p50,0.025145,0.2766,ACT,0.025145,0.024601,0.052878,1,0.028277
0.3,F2_p50,0.025145,0.2776,ACT,0.025145,0.024601,0.052878,1,0.028277
0.3,F2_p50,0.025145,0.2786,ACT,0.025145,0.024601,0.052878,1,0.028277
0.3,F2_p50,0.025145,0.2796,ACT,0.025145,0.024601,0.052878,1,0.028277
0.3,F2_p50,0.025145,0.2806,ACT,0.025145,0.024601,0.052878,1,0.028277
0.3,F2_p50,0.025145,0.2816,ACT,0.025145,0.024601,0.052878,1,0.028277
0.3,F2_p50,0.025145,0.2826,ACT,0.025145,0.024601,0.052878,1,0.028277
0.3,F2_p50,0.025145,0.2836,ACT,0.025145,0.024601,0.052878,1,0.028277
0.3,F2_p50,0.025145,0.2846,ACT,0.025145,0.024601,0.052878,1,0.028277
0.3,F2_p50,0.025145,0.2856,ACT,0.025145,0.024601,0.052878,1,0.028277
0.3,F2_p50,0.025145,0.2866,ACT,0.025145,0.024601,0.052878,1,0.028277
0.3,F2_p50,0.025145,0.2876,ACT,0.025145,0.024601,0.052878,1,0.028277
0.3,F2_p50,0.025145,0.2886,ACT,0.025145,0.024601,0.052878,1,0.028277
0.3,F2_p50,0.025145,0.2896,ACT,0.025145,0.024601,0.052878,1,0.028277
0.3,F2_p50,0.025145,0.2906,ACT,0.025145,0.024601,0.052878,1,0.028277
0.3,F2_p50,0.025145,0.2916,ACT,0.025145,0.024601,0.052878,1,0.028277
0.3,F2_p50,0.025145,0.2926,ACT,0.025145,0.024601,0.052878,1,0.028277
0.3,F2_p50,0.025145,0.2936,ACT,0.025145,0.024601,0.052878,1,0.028277
0.3,F2_p50,0.025145,0.2946,ACT,0.025145,0.024601,0.052878,1,0.028277
0.3,F2_p50,0.025145,0.2956,ACT,0.025145,0.024601,0.052878,1,0.028277
0.3,F2_p50,0.025145,0.2966,ACT,0.025145,0.024601,0.052878,1,0.028277
0.3,F2_p50,0.025145,0.2976,ACT,0.025145,0.024601,0.052878,1,0.028277
0.3,F2_p50,0.025145,0.2986,ACT,0.025145,0.024601,0.052878,1,0.028277
0.3,F2_p50,0.025145,0.2996,ACT,0.025145,0.024601,0.052878,1,0.028277
0.3,F2_p50,0.025145,0.3006,ACT,0.025145,0.024601,0.052878,1,0.028277
0.3,F2_p50,0.025145,0.3016,ACT,0.025145,0.024601,0.052878,1,0.028277
0.3,F2_p50,0.025145,0.3026,ACT,0.025145,0.024601,0.052878,1,0.028277
0.3,F2_p50,0.025145,0.3036,ACT,0.025145,0.024601,0.052878,1,0.028277
0.3,F2_p50,0.025145,0.3046,ACT,0.025145,0.024601,0.052878,1,0.028277
0.3,F2_p50,0.025145,0.3056,ACT,0.025145,0.024601,0.052878,1,0.028277
0.3,F2_p50,0.025145,0.3066,ACT,0.025145,0.024601,0.052878,1,0.028277
0.3,F2_p50,0.025145,0.3076,ACT,0.025145,0.024601,0.052878,1,0.028277
0.3,F2_p50,0.025145,0.3086,ACT,0.025145,0.024601,0.052878,1,0.028277
0.3,F2_p50,0.025145,0.3096,ACT,0.025145,0.024601,0.052878,1,0.028277
0.3,F2_p50,0.025145,0.3106,ACT,0.025145,0.024601,0.052878,1,0.028277
0.3,F2_p50,0.025145,0.3116,ACT,0.025145,0.024601,0.052878,1,0.028277
0.3,F2_p50,0.025145,0.3126,ACT,0.025145,0.024601,0.052878,1,0.028277
0.3,F2_p50,0.025145,0.3136,ACT,0.025145,0.024601,0.052878,1,0.028277
0.3,F2_p50,0.025145,0.3146,ACT,0.025145,0.024601,0.052878,1,0.028277
0.3,F2_p50,0.025145,0.3156,ACT,0.025145,0.024601,0.052878,1,0.028277
0.3,F2_p50,0.025145,0.3166,ACT,0.025145,0.024601,0.052878,1,0.028277
0.3,F2_p50,0.025145,0.3176,ACT,0.025145,0.024601,0.052878,1,0.028277
0.3,F2_p50,0.025145,0.3186,ACT,0.025145,0.024601,0.052878,1,0.028277
0.3,F2_p50,0.025145,0.3196,ACT,0.025145,0.024601,0.052878,1,0.028277
0.3,F2_p50,0.025145,0.3206,ACT,0.025145,0.024601,0.052878,1,0.028277
0.3,F2_p50,0.025145,0.3216,ACT,0.025145,0.024601,0.052878,1,0.028277
0.3,F2_p50,0.025145,0.3226,ACT,0.025145,0.024601,0.052878,1,0.028277
0.3,F2_p50,0.025145,0.3236,ACT,0.025145,0.024601,0.052878,1,0.028277
0.3,F2_p50,0.025145,0.3246,ACT,0.025145,0.024601,0.052878,1,0.028277
0.3,F2_p50,0.025145,0.3257,ACT,0.025145,0.024601,0.052878,1,0.028277
0.3,F2_p50,0.025145,0.3267,ACT,0.025145,0.024601,0.052878,1,0.028277
0.3,F2_p50,0.025145,0.3277,ACT,0.025145,0.024601,0.052878,1,0.028277
0.3,F2_p50,0.025145,0.3287,ACT,0.025145,0.024601,0.052878,1,0.028277
0.3,F2_p50,0.025145,0.3297,ACT,0.025145,0.024601,0.052878,1,0.028277
0.3,F2_p50,0.025145,0.3307,ACT,0.025145,0.024601,0.052878,1,0.028277
0.3,F2_p50,0.025145,0.3317,ACT,0.025145,0.024601,0.052878,1,0.028277
0.3,F2_p50,0.025145,0.3327,ACT,0.025145,0.024601,0.052878,1,0.028277
0.3,F2_p50,0.025145,0.3337,ACT,0.025145,0.024601,0.052878,1,0.028277
0.3,F2_p50,0.025145,0.3347,ACT,0.025145,0.024601,0.052878,1,0.028277
0.3,F2_p50,0.025145,0.3357,ACT,0.025145,0.024601,0.052878,1,0.028277
0.3,F2_p50,0.025145,0.3367,ACT,0.025145,0.024601,0.052878,1,0.028277
0.3,F2_p50,0.025145,0.3377,ACT,0.025145,0.024601,0.052878,1,0.028277
0.3,F2_p50,0.025145,0.3387,ACT,0.025145,0.024601,0.052878,1,0.028277
0.3,F2_p50,0.025145,0.3397,ACT,0.025145,0.024601,0.052878,1,0.028277
0.3,F2_p50,0.025145,0.3407,ACT,0.025145,0.024601,0.052878,1,0.028277
0.3,F2_p50,0.025145,0.3417,ACT,0.025145,0.024601,0.052878,1,0.028277
0.3,F2_p50,0.025145,0.3427,ACT,0.025145,0.024601,0.052878,1,0.028277
0.3,F2_p50,0.025145,0.3437,ACT,0.025145,0.024601,0.052878,1,0.028277
0.3,F2_p50,0.025145,0.3447,ACT,0.025145,0.024601,0.052878,1,0.028277
0.3,F2_p50,0.025145,0.3457,ACT,0.025145,0.024601,0.052878,1,0.028277
0.3,F2_p50,0.025145,0.3467,ACT,0.025145,0.024601,0.052878,1,0.028277
0.3,F2_p50,0.025145,0.3477,ACT,0.025145,0.024601,0.052878,1,0.028277
0.3,F2_p50,0.025145,0.3487,ACT,0.025145,0.024601,0.052878,1,0.028277
0.3,F2_p50,0.025145,0.3497,ACT,0.025145,0.024601,0.052878,1,0.028277
0.3,F2_p50,0.025145,0.3507,ACT,0.025145,0.024601,0.052878,1,0.028277
0.3,F2_p50,0.025145,0.3517,ACT,0.025145,0.024601,0.052878,1,0.028277
0.3,F2_p50,0.025145,0.3527,ACT,0.025145,0.024601,0.052878,1,0.028277
0.3,F2_p50,0.025145,0.3537,ACT,0.025145,0.024601,0.052878,1,0.028277
0.3,F2_p50,0.025145,0.3547,ACT,0.025145,0.024601,0.052878,1,0.028277
0.3,F2_p50,0.025145,0.3557,ACT,0.025145,0.024601,0.052878,1,0.028277
0.3,F2_p50,0.025145,0.3567,ACT,0.025145,0.024601,0.052878,1,0.028277
0.3,F2_p50,0.025145,0.3577,ACT,0.025145,0.024601,0.052878,1,0.028277
0.3,F2_p50,0.025145,0.3587,ACT,0.025145,0.024601,0.052878,1,0.028277
0.3,F2_p50,0.025145,0.3597,ACT,0.025145,0.024601,0.052878,1,0.028277
0.3,F2_p50,0.025145,0.3607,ACT,0.025145,0.024601,0.052878,1,0.028277
0.3,F2_p50,0.025145,0.3617,ACT,0.025145,0.024601,0.052878,1,0.028277
0.3,F2_p50,0.025145,0.3627,ACT,0.025145,0.024601,0.052878,1,0.028277
0.3,F2_p50,0.025145,0.3637,ACT,0.025145,0.024601,0.052878,1,0.028277
0.3,F2_p50,0.025145,0.3647,ACT,0.025145,0.024601,0.052878,1,0.028277
0.3,F2_p50,0.025145,0.3657,ACT,0.025145,0.024601,0.052878,1,0.028277
0.3,F2_p50,0.025145,0.3667,ACT,0.025145,0.024601,0.052878,1,0.028277
0.3,F2_p50,0.025145,0.3677,ACT,0.025145,0.024601,0.052878,1,0.028277
0.3,F2_p50,0.025145,0.3687,ACT,0.025145,0.024601,0.052878,1,0.028277
0.3,F2_p50,0.025145,0.3697,ACT,0.025145,0.024601,0.052878,1,0.028277
0.3,F2_p50,0.025145,0.3707,ACT,0.025145,0.024601,0.052878,1,0.028277
0.3,F2_p50,0.025145,0.3717,ACT,0.025145,0.024601,0.052878,1,0.028277
0.3,F2_p50,0.025145,0.3727,ACT,0.025145,0.024601,0.052878,1,0.028277
0.3,F2_p50,0.025145,0.3737,ACT,0.025145,0.024601,0.052878,1,0.028277
0.3,F2_p50,0.025145,0.3747,ACT,0.025145,0.024601,0.052878,1,0.028277
0.3,F2_p50,0.025145,0.3758,ACT,0.025145,0.024601,0.052878,1,0.028277
0.3,F2_p50,0.025145,0.3768,ACT,0.025145,0.024601,0.052878,1,0.028277
0.3,F2_p50,0.025145,0.3778,ACT,0.025145,0.024601,0.052878,1,0.028277
0.3,F2_p50,0.025145,0.3788,ACT,0.025145,0.024601,0.052878,1,0.028277
0.3,F2_p50,0.025145,0.3798,ACT,0.025145,0.024601,0.052878,1,0.028277
0.3,F2_p50,0.025145,0.3808,ACT,0.025145,0.024601,0.052878,1,0.028277
0.3,F2_p50,0.025145,0.3818,ACT,0.025145,0.024601,0.052878,1,0.028277
0.3,F2_p50,0.025145,0.3828,ACT,0.025145,0.024601,0.052878,1,0.028277
0.3,F2_p50,0.025145,0.3838,ACT,0.025145,0.024601,0.052878,1,0.028277
0.3,F2_p50,0.025145,0.3848,ACT,0.025145,0.024601,0.052878,1,0.028277
0.3,F2_p50,0.025145,0.3858,ACT,0.025145,0.024601,0.052878,1,0.028277
0.3,F2_p50,0.025145,0.3868,ACT,0.025145,0.024601,0.052878,1,0.028277
0.3,F2_p50,0.025145,0.3878,ACT,0.025145,0.024601,0.052878,1,0.028277
0.3,F2_p50,0.025145,0.3888,ACT,0.025145,0.024601,0.052878,1,0.028277
0.3,F2_p50,0.025145,0.3898,ACT,0.025145,0.024601,0.052878,1,0.028277
0.3,F2_p50,0.025145,0.3908,ACT,0.025145,0.024601,0.052878,1,0.028277
0.3,F2_p50,0.025145,0.3918,ACT,0.025145,0.024601,0.052878,1,0.028277
0.3,F2_p50,0.025145,0.3928,ACT,0.025145,0.024601,0.052878,1,0.028277
0.3,F2_p50,0.025145,0.3938,ACT,0.025145,0.024601,0.052878,1,0.028277
0.3,F2_p50,0.025145,0.3948,ACT,0.025145,0.024601,0.052878,1,0.028277
0.3,F2_p50,0.025145,0.3958,ACT,0.025145,0.024601,0.052878,1,0.028277
0.3,F2_p50,0.025145,0.3968,ACT,0.025145,0.024601,0.052878,1,0.028277
0.3,F2_p50,0.025145,0.3978,ACT,0.025145,0.024601,0.052878,1,0.028277
0.3,F2_p50,0.025145,0.3988,ACT,0.025145,0.024601,0.052878,1,0.028277
0.3,F2_p50,0.025145,0.3998,ACT,0.025145,0.024601,0.052878,1,0.028277
0.3,F2_p50,0.025145,0.4008,ACT,0.025145,0.024601,0.052878,1,0.028277
0.3,F2_p50,0.025145,0.4018,ACT,0.025145,0.024601,0.052878,1,0.028277
0.3,F2_p50,0.025145,0.4028,ACT,0.025145,0.024601,0.052878,1,0.028277
0.3,F2_p50,0.025145,0.4038,ACT,0.025145,0.024601,0.052878,1,0.028277
0.3,F2_p50,0.025145,0.4048,ACT,0.025145,0.024601,0.052878,1,0.028277
0.3,F2_p50,0.025145,0.4058,ACT,0.025145,0.024601,0.052878,1,0.028277
0.3,F2_p50,0.025145,0.4068,ACT,0.025145,0.024601,0.052878,1,0.028277
0.3,F2_p50,0.025145,0.4078,ACT,0.025145,0.024601,0.052878,1,0.028277
0.3,F2_p50,0.025145,0.4088,ACT,0.025145,0.024601,0.052878,1,0.028277
0.3,F2_p50,0.025145,0.4098,ACT,0.025145,0.024601,0.052878,1,0.028277
0.3,F2_p50,0.025145,0.4108,ACT,0.025145,0.024601,0.052878,1,0.028277
0.3,F2_p50,0.025145,0.4118,ACT,0.025145,0.024601,0.052878,1,0.028277
0.3,F2_p50,0.025145,0.4128,ACT,0.025145,0.024601,0.052878,1,0.028277
0.3,F2_p50,0.025145,0.4138,ACT,0.025145,0.024601,0.052878,1,0.028277
0.3,F2_p50,0.025145,0.4148,ACT,0.025145,0.024601,0.052878,1,0.028277
0.3,F2_p50,0.025145,0.4158,ACT,0.025145,0.024601,0.052878,1,0.028277
0.3,F2_p50,0.025145,0.4168,ACT,0.025145,0.024601,0.052878,1,0.028277
0.3,F2_p50,0.025145,0.4178,ACT,0.025145,0.024601,0.052878,1,0.028277
0.3,F2_p50,0.025145,0.4188,ACT,0.025145,0.024601,0.052878,1,0.028277
0.3,F2_p50,0.025145,0.4198,ACT,0.025145,0.024601,0.052878,1,0.028277
0.3,F2_p50,0.025145,0.4208,ACT,0.025145,0.024601,0.052878,1,0.028277
0.3,F2_p50,0.025145,0.4218,ACT,0.025145,0.024601,0.052878,1,0.028277
0.3,F2_p50,0.025145,0.4228,ACT,0.025145,0.024601,0.052878,1,0.028277
0.3,F2_p50,0.025145,0.4238,ACT,0.025145,0.024601,0.052878,1,0.028277
0.3,F2_p50,0.025145,0.4248,ACT,0.025145,0.024601,0.052878,1,0.028277
0.3,F2_p50,0.025145,0.4259,ACT,0.025145,0.024601,0.052878,1,0.028277
0.3,F2_p50,0.025145,0.4269,ACT,0.025145,0.024601,0.052878,1,0.028277
0.3,F2_p50,0.025145,0.4279,ACT,0.025145,0.024601,0.052878,1,0.028277
0.3,F2_p50,0.025145,0.4289,ACT,0.025145,0.024601,0.052878,1,0.028277
0.3,F2_p50,0.025145,0.4299,ACT,0.025145,0.024601,0.052878,1,0.028277
0.3,F2_p50,0.025145,0.4309,ACT,0.025145,0.024601,0.052878,1,0.028277
0.3,F2_p50,0.025145,0.4319,ACT,0.025145,0.024601,0.052878,1,0.028277
0.3,F2_p50,0.025145,0.4329,ACT,0.025145,0.024601,0.052878,1,0.028277
0.3,F2_p50,0.025145,0.4339,ACT,0.025145,0.024601,0.052878,1,0.028277
0.3,F2_p50,0.025145,0.4349,ACT,0.025145,0.024601,0.052878,1,0.028277
0.3,F2_p50,0.025145,0.4359,ACT,0.025145,0.024601,0.052878,1,0.028277
0.3,F2_p50,0.025145,0.4369,ACT,0.025145,0.024601,0.052878,1,0.028277
0.3,F2_p50,0.025145,0.4379,ACT,0.025145,0.024601,0.052878,1,0.028277
0.3,F2_p50,0.025145,0.4389,ACT,0.025145,0.024601,0.052878,1,0.028277
0.3,F2_p50,0.025145,0.4399,ACT,0.025145,0.024601,0.052878,1,0.028277
0.3,F2_p50,0.025145,0.4409,ACT,0.025145,0.024601,0.052878,1,0.028277
0.3,F2_p50,0.025145,0.4419,ACT,0.025145,0.024601,0.052878,1,0.028277
0.3,F2_p50,0.025145,0.4429,ACT,0.025145,0.024601,0.052878,1,0.028277
0.3,F2_p50,0.025145,0.4439,ACT,0.025145,0.024601,0.052878,1,0.028277
0.3,F2_p50,0.025145,0.4449,ACT,0.025145,0.024601,0.052878,1,0.028277
0.3,F2_p50,0.025145,0.4459,ACT,0.025145,0.024601,0.052878,1,0.028277
0.3,F2_p50,0.025145,0.4469,ACT,0.025145,0.024601,0.052878,1,0.028277
0.3,F2_p50,0.025145,0.4479,ACT,0.025145,0.024601,0.052878,1,0.028277
0.3,F2_p50,0.025145,0.4489,ACT,0.025145,0.024601,0.052878,1,0.028277
0.3,F2_p50,0.025145,0.4499,ACT,0.025145,0.024601,0.052878,1,0.028277
0.3,F2_p50,0.025145,0.4509,ACT,0.025145,0.024601,0.052878,1,0.028277
0.3,F2_p50,0.025145,0.4519,ACT,0.025145,0.024601,0.052878,1,0.028277
0.3,F2_p50,0.025145,0.4529,ACT,0.025145,0.024601,0.052878,1,0.028277
0.3,F2_p50,0.025145,0.4539,ACT,0.025145,0.024601,0.052878,1,0.028277
0.3,F2_p50,0.025145,0.4549,ACT,0.025145,0.024601,0.052878,1,0.028277
0.3,F2_p50,0.025145,0.4559,ACT,0.025145,0.024601,0.052878,1,0.028277
0.3,F2_p50,0.025145,0.4569,ACT,0.025145,0.024601,0.052878,1,0.028277
0.3,F2_p50,0.025145,0.4579,ACT,0.025145,0.024601,0.052878,1,0.028277
0.3,F2_p50,0.025145,0.4589,ACT,0.025145,0.024601,0.052878,1,0.028277
0.3,F2_p50,0.025145,0.4599,ACT,0.025145,0.024601,0.052878,1,0.028277
0.3,F2_p50,0.025145,0.4609,ACT,0.025145,0.024601,0.052878,1,0.028277
0.3,F2_p50,0.025145,0.4619,ACT,0.025145,0.024601,0.052878,1,0.028277
0.3,F2_p50,0.025145,0.4629,ACT,0.025145,0.024601,0.052878,1,0.028277
0.3,F2_p50,0.025145,0.4639,ACT,0.025145,0.024601,0.052878,1,0.028277
0.3,F2_p50,0.025145,0.4649,ACT,0.025145,0.024601,0.052878,1,0.028277
0.3,F2_p50,0.025145,0.4659,ACT,0.025145,0.024601,0.052878,1,0.028277
0.3,F2_p50,0.025145,0.4669,ACT,0.025145,0.024601,0.052878,1,0.028277
0.3,F2_p50,0.025145,0.4679,ACT,0.025145,0.024601,0.052878,1,0.028277
0.3,F2_p50,0.025145,0.4689,ACT,0.025145,0.024601,0.052878,1,0.028277
0.3,F2_p50,0.025145,0.4699,ACT,0.025145,0.024601,0.052878,1,0.028277
0.3,F2_p50,0.025145,0.4709,ACT,0.025145,0.024601,0.052878,1,0.028277
0.3,F2_p50,0.025145,0.4719,ACT,0.025145,0.024601,0.052878,1,0.028277
0.3,F2_p50,0.025145,0.4729,ACT,0.025145,0.024601,0.052878,1,0.028277
0.3,F2_p50,0.025145,0.4739,ACT,0.025145,0.024601,0.052878,1,0.028277
0.3,F2_p50,0.025145,0.4749,ACT,0.025145,0.024601,0.052878,1,0.028277
0.3,F2_p50,0.025145,0.476,ACT,0.025145,0.024601,0.052878,1,0.028277
0.3,F2_p50,0.025145,0.477,ACT,0.025145,0.024601,0.052878,1,0.028277
0.3,F2_p50,0.025145,0.478,ACT,0.025145,0.024601,0.052878,1,0.028277
0.3,F2_p50,0.025145,0.479,ACT,0.025145,0.024601,0.052878,1,0.028277
0.3,F2_p50,0.025145,0.48,ACT,0.025145,0.024601,0.052878,1,0.028277
0.3,F2_p50,0.025145,0.481,ACT,0.025145,0.024601,0.052878,1,0.028277
0.3,F2_p50,0.025145,0.482,ACT,0.025145,0.024601,0.052878,1,0.028277
0.3,F2_p50,0.025145,0.483,ACT,0.025145,0.024601,0.052878,1,0.028277
0.3,F2_p50,0.025145,0.484,ACT,0.025145,0.024601,0.052878,1,0.028277
0.3,F2_p50,0.025145,0.485,ACT,0.025145,0.024601,0.052878,1,0.028277
0.3,F2_p50,0.025145,0.486,ACT,0.025145,0.024601,0.052878,1,0.028277
0.3,F2_p50,0.025145,0.487,ACT,0.025145,0.024601,0.052878,1,0.028277
0.3,F2_p50,0.025145,0.488,ACT,0.025145,0.024601,0.052878,1,0.028277
0.3,F2_p50,0.025145,0.489,ACT,0.025145,0.024601,0.052878,1,0.028277
0.3,F2_p50,0.025145,0.49,ACT,0.025145,0.024601,0.052878,1,0.028277
0.3,F2_p50,0.025145,0.491,ACT,0.025145,0.024601,0.052878,1,0.028277
0.3,F2_p50,0.025145,0.492,ACT,0.025145,0.024601,0.052878,1,0.028277
0.3,F2_p50,0.025145,0.493,ACT,0.025145,0.024601,0.052878,1,0.028277
0.3,F2_p50,0.025145,0.494,ACT,0.025145,0.024601,0.052878,1,0.028277
0.3,F2_p50,0.025145,0.495,ACT,0.025145,0.024601,0.052878,1,0.028277
0.3,F2_p50,0.025145,0.496,ACT,0.025145,0.024601,0.052878,1,0.028277
0.3,F2_p50,0.025145,0.497,ACT,0.025145,0.024601,0.052878,1,0.028277
0.3,F2_p50,0.025145,0.498,ACT,0.025145,0.024601,0.052878,1,0.028277
0.3,F2_p50,0.025145,0.499,ACT,0.025145,0.024601,0.052878,1,0.028277
0.3,F2_p50,0.025145,0.5,ACT,0.025145,0.024601,0.052878,1,0.028277
0.3,F3_p75,0.033301,0.0,REFUSE,0.033301,0.024601,0.052878,1,0.028277
0.3,F3_p75,0.033301,0.001,REFUSE,0.033301,0.024601,0.052878,1,0.028277
0.3,F3_p75,0.033301,0.002,REFUSE,0.033301,0.024601,0.052878,1,0.028277
0.3,F3_p75,0.033301,0.003,REFUSE,0.033301,0.024601,0.052878,1,0.028277
0.3,F3_p75,0.033301,0.004,REFUSE,0.033301,0.024601,0.052878,1,0.028277
0.3,F3_p75,0.033301,0.005,REFUSE,0.033301,0.024601,0.052878,1,0.028277
0.3,F3_p75,0.033301,0.006,REFUSE,0.033301,0.024601,0.052878,1,0.028277
0.3,F3_p75,0.033301,0.007,REFUSE,0.033301,0.024601,0.052878,1,0.028277
0.3,F3_p75,0.033301,0.008,REFUSE,0.033301,0.024601,0.052878,1,0.028277
0.3,F3_p75,0.033301,0.009,REFUSE,0.033301,0.024601,0.052878,1,0.028277
0.3,F3_p75,0.033301,0.01,REFUSE,0.033301,0.024601,0.052878,1,0.028277
0.3,F3_p75,0.033301,0.011,REFUSE,0.033301,0.024601,0.052878,1,0.028277
0.3,F3_p75,0.033301,0.012,REFUSE,0.033301,0.024601,0.052878,1,0.028277
0.3,F3_p75,0.033301,0.013,REFUSE,0.033301,0.024601,0.052878,1,0.028277
0.3,F3_p75,0.033301,0.014,REFUSE,0.033301,0.024601,0.052878,1,0.028277
0.3,F3_p75,0.033301,0.015,REFUSE,0.033301,0.024601,0.052878,1,0.028277
0.3,F3_p75,0.033301,0.016,REFUSE,0.033301,0.024601,0.052878,1,0.028277
0.3,F3_p75,0.033301,0.017,REFUSE,0.033301,0.024601,0.052878,1,0.028277
0.3,F3_p75,0.033301,0.018,REFUSE,0.033301,0.024601,0.052878,1,0.028277
0.3,F3_p75,0.033301,0.019,REFUSE,0.033301,0.024601,0.052878,1,0.028277
0.3,F3_p75,0.033301,0.02,REFUSE,0.033301,0.024601,0.052878,1,0.028277
0.3,F3_p75,0.033301,0.021,REFUSE,0.033301,0.024601,0.052878,1,0.028277
0.3,F3_p75,0.033301,0.022,REFUSE,0.033301,0.024601,0.052878,1,0.028277
0.3,F3_p75,0.033301,0.023,REFUSE,0.033301,0.024601,0.052878,1,0.028277
0.3,F3_p75,0.033301,0.024,REFUSE,0.033301,0.024601,0.052878,1,0.028277
0.3,F3_p75,0.033301,0.0251,REFUSE,0.033301,0.024601,0.052878,1,0.028277
0.3,F3_p75,0.033301,0.0261,REFUSE,0.033301,0.024601,0.052878,1,0.028277
0.3,F3_p75,0.033301,0.0271,REFUSE,0.033301,0.024601,0.052878,1,0.028277
0.3,F3_p75,0.033301,0.0281,REFUSE,0.033301,0.024601,0.052878,1,0.028277
0.3,F3_p75,0.033301,0.0291,REFUSE,0.033301,0.024601,0.052878,1,0.028277
0.3,F3_p75,0.033301,0.0301,REFUSE,0.033301,0.024601,0.052878,1,0.028277
0.3,F3_p75,0.033301,0.0311,REFUSE,0.033301,0.024601,0.052878,1,0.028277
0.3,F3_p75,0.033301,0.0321,REFUSE,0.033301,0.024601,0.052878,1,0.028277
0.3,F3_p75,0.033301,0.0331,REFUSE,0.033301,0.024601,0.052878,1,0.028277
0.3,F3_p75,0.033301,0.0341,ACT,0.033301,0.024601,0.052878,1,0.028277
0.3,F3_p75,0.033301,0.0351,ACT,0.033301,0.024601,0.052878,1,0.028277
0.3,F3_p75,0.033301,0.0361,ACT,0.033301,0.024601,0.052878,1,0.028277
0.3,F3_p75,0.033301,0.0371,ACT,0.033301,0.024601,0.052878,1,0.028277
0.3,F3_p75,0.033301,0.0381,ACT,0.033301,0.024601,0.052878,1,0.028277
0.3,F3_p75,0.033301,0.0391,ACT,0.033301,0.024601,0.052878,1,0.028277
0.3,F3_p75,0.033301,0.0401,ACT,0.033301,0.024601,0.052878,1,0.028277
0.3,F3_p75,0.033301,0.0411,ACT,0.033301,0.024601,0.052878,1,0.028277
0.3,F3_p75,0.033301,0.0421,ACT,0.033301,0.024601,0.052878,1,0.028277
0.3,F3_p75,0.033301,0.0431,ACT,0.033301,0.024601,0.052878,1,0.028277
0.3,F3_p75,0.033301,0.0441,ACT,0.033301,0.024601,0.052878,1,0.028277
0.3,F3_p75,0.033301,0.0451,ACT,0.033301,0.024601,0.052878,1,0.028277
0.3,F3_p75,0.033301,0.0461,ACT,0.033301,0.024601,0.052878,1,0.028277
0.3,F3_p75,0.033301,0.0471,ACT,0.033301,0.024601,0.052878,1,0.028277
0.3,F3_p75,0.033301,0.0481,ACT,0.033301,0.024601,0.052878,1,0.028277
0.3,F3_p75,0.033301,0.0491,ACT,0.033301,0.024601,0.052878,1,0.028277
0.3,F3_p75,0.033301,0.0501,ACT,0.033301,0.024601,0.052878,1,0.028277
0.3,F3_p75,0.033301,0.0511,ACT,0.033301,0.024601,0.052878,1,0.028277
0.3,F3_p75,0.033301,0.0521,ACT,0.033301,0.024601,0.052878,1,0.028277
0.3,F3_p75,0.033301,0.0531,ACT,0.033301,0.024601,0.052878,1,0.028277
0.3,F3_p75,0.033301,0.0541,ACT,0.033301,0.024601,0.052878,1,0.028277
0.3,F3_p75,0.033301,0.0551,ACT,0.033301,0.024601,0.052878,1,0.028277
0.3,F3_p75,0.033301,0.0561,ACT,0.033301,0.024601,0.052878,1,0.028277
0.3,F3_p75,0.033301,0.0571,ACT,0.033301,0.024601,0.052878,1,0.028277
0.3,F3_p75,0.033301,0.0581,ACT,0.033301,0.024601,0.052878,1,0.028277
0.3,F3_p75,0.033301,0.0591,ACT,0.033301,0.024601,0.052878,1,0.028277
0.3,F3_p75,0.033301,0.0601,ACT,0.033301,0.024601,0.052878,1,0.028277
0.3,F3_p75,0.033301,0.0611,ACT,0.033301,0.024601,0.052878,1,0.028277
0.3,F3_p75,0.033301,0.0621,ACT,0.033301,0.024601,0.052878,1,0.028277
0.3,F3_p75,0.033301,0.0631,ACT,0.033301,0.024601,0.052878,1,0.028277
0.3,F3_p75,0.033301,0.0641,ACT,0.033301,0.024601,0.052878,1,0.028277
0.3,F3_p75,0.033301,0.0651,ACT,0.033301,0.024601,0.052878,1,0.028277
0.3,F3_p75,0.033301,0.0661,ACT,0.033301,0.024601,0.052878,1,0.028277
0.3,F3_p75,0.033301,0.0671,ACT,0.033301,0.024601,0.052878,1,0.028277
0.3,F3_p75,0.033301,0.0681,ACT,0.033301,0.024601,0.052878,1,0.028277
0.3,F3_p75,0.033301,0.0691,ACT,0.033301,0.024601,0.052878,1,0.028277
0.3,F3_p75,0.033301,0.0701,ACT,0.033301,0.024601,0.052878,1,0.028277
0.3,F3_p75,0.033301,0.0711,ACT,0.033301,0.024601,0.052878,1,0.028277
0.3,F3_p75,0.033301,0.0721,ACT,0.033301,0.024601,0.052878,1,0.028277
0.3,F3_p75,0.033301,0.0731,ACT,0.033301,0.024601,0.052878,1,0.028277
0.3,F3_p75,0.033301,0.0741,ACT,0.033301,0.024601,0.052878,1,0.028277
0.3,F3_p75,0.033301,0.0752,ACT,0.033301,0.024601,0.052878,1,0.028277
0.3,F3_p75,0.033301,0.0762,ACT,0.033301,0.024601,0.052878,1,0.028277
0.3,F3_p75,0.033301,0.0772,ACT,0.033301,0.024601,0.052878,1,0.028277
0.3,F3_p75,0.033301,0.0782,ACT,0.033301,0.024601,0.052878,1,0.028277
0.3,F3_p75,0.033301,0.0792,ACT,0.033301,0.024601,0.052878,1,0.028277
0.3,F3_p75,0.033301,0.0802,ACT,0.033301,0.024601,0.052878,1,0.028277
0.3,F3_p75,0.033301,0.0812,ACT,0.033301,0.024601,0.052878,1,0.028277
0.3,F3_p75,0.033301,0.0822,ACT,0.033301,0.024601,0.052878,1,0.028277
0.3,F3_p75,0.033301,0.0832,ACT,0.033301,0.024601,0.052878,1,0.028277
0.3,F3_p75,0.033301,0.0842,ACT,0.033301,0.024601,0.052878,1,0.028277
0.3,F3_p75,0.033301,0.0852,ACT,0.033301,0.024601,0.052878,1,0.028277
0.3,F3_p75,0.033301,0.0862,ACT,0.033301,0.024601,0.052878,1,0.028277
0.3,F3_p75,0.033301,0.0872,ACT,0.033301,0.024601,0.052878,1,0.028277
0.3,F3_p75,0.033301,0.0882,ACT,0.033301,0.024601,0.052878,1,0.028277
0.3,F3_p75,0.033301,0.0892,ACT,0.033301,0.024601,0.052878,1,0.028277
0.3,F3_p75,0.033301,0.0902,ACT,0.033301,0.024601,0.052878,1,0.028277
0.3,F3_p75,0.033301,0.0912,ACT,0.033301,0.024601,0.052878,1,0.028277
0.3,F3_p75,0.033301,0.0922,ACT,0.033301,0.024601,0.052878,1,0.028277
0.3,F3_p75,0.033301,0.0932,ACT,0.033301,0.024601,0.052878,1,0.028277
0.3,F3_p75,0.033301,0.0942,ACT,0.033301,0.024601,0.052878,1,0.028277
0.3,F3_p75,0.033301,0.0952,ACT,0.033301,0.024601,0.052878,1,0.028277
0.3,F3_p75,0.033301,0.0962,ACT,0.033301,0.024601,0.052878,1,0.028277
0.3,F3_p75,0.033301,0.0972,ACT,0.033301,0.024601,0.052878,1,0.028277
0.3,F3_p75,0.033301,0.0982,ACT,0.033301,0.024601,0.052878,1,0.028277
0.3,F3_p75,0.033301,0.0992,ACT,0.033301,0.024601,0.052878,1,0.028277
0.3,F3_p75,0.033301,0.1002,ACT,0.033301,0.024601,0.052878,1,0.028277
0.3,F3_p75,0.033301,0.1012,ACT,0.033301,0.024601,0.052878,1,0.028277
0.3,F3_p75,0.033301,0.1022,ACT,0.033301,0.024601,0.052878,1,0.028277
0.3,F3_p75,0.033301,0.1032,ACT,0.033301,0.024601,0.052878,1,0.028277
0.3,F3_p75,0.033301,0.1042,ACT,0.033301,0.024601,0.052878,1,0.028277
0.3,F3_p75,0.033301,0.1052,ACT,0.033301,0.024601,0.052878,1,0.028277
0.3,F3_p75,0.033301,0.1062,ACT,0.033301,0.024601,0.052878,1,0.028277
0.3,F3_p75,0.033301,0.1072,ACT,0.033301,0.024601,0.052878,1,0.028277
0.3,F3_p75,0.033301,0.1082,ACT,0.033301,0.024601,0.052878,1,0.028277
0.3,F3_p75,0.033301,0.1092,ACT,0.033301,0.024601,0.052878,1,0.028277
0.3,F3_p75,0.033301,0.1102,ACT,0.033301,0.024601,0.052878,1,0.028277
0.3,F3_p75,0.033301,0.1112,ACT,0.033301,0.024601,0.052878,1,0.028277
0.3,F3_p75,0.033301,0.1122,ACT,0.033301,0.024601,0.052878,1,0.028277
0.3,F3_p75,0.033301,0.1132,ACT,0.033301,0.024601,0.052878,1,0.028277
0.3,F3_p75,0.033301,0.1142,ACT,0.033301,0.024601,0.052878,1,0.028277
0.3,F3_p75,0.033301,0.1152,ACT,0.033301,0.024601,0.052878,1,0.028277
0.3,F3_p75,0.033301,0.1162,ACT,0.033301,0.024601,0.052878,1,0.028277
0.3,F3_p75,0.033301,0.1172,ACT,0.033301,0.024601,0.052878,1,0.028277
0.3,F3_p75,0.033301,0.1182,ACT,0.033301,0.024601,0.052878,1,0.028277
0.3,F3_p75,0.033301,0.1192,ACT,0.033301,0.024601,0.052878,1,0.028277
0.3,F3_p75,0.033301,0.1202,ACT,0.033301,0.024601,0.052878,1,0.028277
0.3,F3_p75,0.033301,0.1212,ACT,0.033301,0.024601,0.052878,1,0.028277
0.3,F3_p75,0.033301,0.1222,ACT,0.033301,0.024601,0.052878,1,0.028277
0.3,F3_p75,0.033301,0.1232,ACT,0.033301,0.024601,0.052878,1,0.028277
0.3,F3_p75,0.033301,0.1242,ACT,0.033301,0.024601,0.052878,1,0.028277
0.3,F3_p75,0.033301,0.1253,ACT,0.033301,0.024601,0.052878,1,0.028277
0.3,F3_p75,0.033301,0.1263,ACT,0.033301,0.024601,0.052878,1,0.028277
0.3,F3_p75,0.033301,0.1273,ACT,0.033301,0.024601,0.052878,1,0.028277
0.3,F3_p75,0.033301,0.1283,ACT,0.033301,0.024601,0.052878,1,0.028277
0.3,F3_p75,0.033301,0.1293,ACT,0.033301,0.024601,0.052878,1,0.028277
0.3,F3_p75,0.033301,0.1303,ACT,0.033301,0.024601,0.052878,1,0.028277
0.3,F3_p75,0.033301,0.1313,ACT,0.033301,0.024601,0.052878,1,0.028277
0.3,F3_p75,0.033301,0.1323,ACT,0.033301,0.024601,0.052878,1,0.028277
0.3,F3_p75,0.033301,0.1333,ACT,0.033301,0.024601,0.052878,1,0.028277
0.3,F3_p75,0.033301,0.1343,ACT,0.033301,0.024601,0.052878,1,0.028277
0.3,F3_p75,0.033301,0.1353,ACT,0.033301,0.024601,0.052878,1,0.028277
0.3,F3_p75,0.033301,0.1363,ACT,0.033301,0.024601,0.052878,1,0.028277
0.3,F3_p75,0.033301,0.1373,ACT,0.033301,0.024601,0.052878,1,0.028277
0.3,F3_p75,0.033301,0.1383,ACT,0.033301,0.024601,0.052878,1,0.028277
0.3,F3_p75,0.033301,0.1393,ACT,0.033301,0.024601,0.052878,1,0.028277
0.3,F3_p75,0.033301,0.1403,ACT,0.033301,0.024601,0.052878,1,0.028277
0.3,F3_p75,0.033301,0.1413,ACT,0.033301,0.024601,0.052878,1,0.028277
0.3,F3_p75,0.033301,0.1423,ACT,0.033301,0.024601,0.052878,1,0.028277
0.3,F3_p75,0.033301,0.1433,ACT,0.033301,0.024601,0.052878,1,0.028277
0.3,F3_p75,0.033301,0.1443,ACT,0.033301,0.024601,0.052878,1,0.028277
0.3,F3_p75,0.033301,0.1453,ACT,0.033301,0.024601,0.052878,1,0.028277
0.3,F3_p75,0.033301,0.1463,ACT,0.033301,0.024601,0.052878,1,0.028277
0.3,F3_p75,0.033301,0.1473,ACT,0.033301,0.024601,0.052878,1,0.028277
0.3,F3_p75,0.033301,0.1483,ACT,0.033301,0.024601,0.052878,1,0.028277
0.3,F3_p75,0.033301,0.1493,ACT,0.033301,0.024601,0.052878,1,0.028277
0.3,F3_p75,0.033301,0.1503,ACT,0.033301,0.024601,0.052878,1,0.028277
0.3,F3_p75,0.033301,0.1513,ACT,0.033301,0.024601,0.052878,1,0.028277
0.3,F3_p75,0.033301,0.1523,ACT,0.033301,0.024601,0.052878,1,0.028277
0.3,F3_p75,0.033301,0.1533,ACT,0.033301,0.024601,0.052878,1,0.028277
0.3,F3_p75,0.033301,0.1543,ACT,0.033301,0.024601,0.052878,1,0.028277
0.3,F3_p75,0.033301,0.1553,ACT,0.033301,0.024601,0.052878,1,0.028277
0.3,F3_p75,0.033301,0.1563,ACT,0.033301,0.024601,0.052878,1,0.028277
0.3,F3_p75,0.033301,0.1573,ACT,0.033301,0.024601,0.052878,1,0.028277
0.3,F3_p75,0.033301,0.1583,ACT,0.033301,0.024601,0.052878,1,0.028277
0.3,F3_p75,0.033301,0.1593,ACT,0.033301,0.024601,0.052878,1,0.028277
0.3,F3_p75,0.033301,0.1603,ACT,0.033301,0.024601,0.052878,1,0.028277
0.3,F3_p75,0.033301,0.1613,ACT,0.033301,0.024601,0.052878,1,0.028277
0.3,F3_p75,0.033301,0.1623,ACT,0.033301,0.024601,0.052878,1,0.028277
0.3,F3_p75,0.033301,0.1633,ACT,0.033301,0.024601,0.052878,1,0.028277
0.3,F3_p75,0.033301,0.1643,ACT,0.033301,0.024601,0.052878,1,0.028277
0.3,F3_p75,0.033301,0.1653,ACT,0.033301,0.024601,0.052878,1,0.028277
0.3,F3_p75,0.033301,0.1663,ACT,0.033301,0.024601,0.052878,1,0.028277
0.3,F3_p75,0.033301,0.1673,ACT,0.033301,0.024601,0.052878,1,0.028277
0.3,F3_p75,0.033301,0.1683,ACT,0.033301,0.024601,0.052878,1,0.028277
0.3,F3_p75,0.033301,0.1693,ACT,0.033301,0.024601,0.052878,1,0.028277
0.3,F3_p75,0.033301,0.1703,ACT,0.033301,0.024601,0.052878,1,0.028277
0.3,F3_p75,0.033301,0.1713,ACT,0.033301,0.024601,0.052878,1,0.028277
0.3,F3_p75,0.033301,0.1723,ACT,0.033301,0.024601,0.052878,1,0.028277
0.3,F3_p75,0.033301,0.1733,ACT,0.033301,0.024601,0.052878,1,0.028277
0.3,F3_p75,0.033301,0.1743,ACT,0.033301,0.024601,0.052878,1,0.028277
0.3,F3_p75,0.033301,0.1754,ACT,0.033301,0.024601,0.052878,1,0.028277
0.3,F3_p75,0.033301,0.1764,ACT,0.033301,0.024601,0.052878,1,0.028277
0.3,F3_p75,0.033301,0.1774,ACT,0.033301,0.024601,0.052878,1,0.028277
0.3,F3_p75,0.033301,0.1784,ACT,0.033301,0.024601,0.052878,1,0.028277
0.3,F3_p75,0.033301,0.1794,ACT,0.033301,0.024601,0.052878,1,0.028277
0.3,F3_p75,0.033301,0.1804,ACT,0.033301,0.024601,0.052878,1,0.028277
0.3,F3_p75,0.033301,0.1814,ACT,0.033301,0.024601,0.052878,1,0.028277
0.3,F3_p75,0.033301,0.1824,ACT,0.033301,0.024601,0.052878,1,0.028277
0.3,F3_p75,0.033301,0.1834,ACT,0.033301,0.024601,0.052878,1,0.028277
0.3,F3_p75,0.033301,0.1844,ACT,0.033301,0.024601,0.052878,1,0.028277
0.3,F3_p75,0.033301,0.1854,ACT,0.033301,0.024601,0.052878,1,0.028277
0.3,F3_p75,0.033301,0.1864,ACT,0.033301,0.024601,0.052878,1,0.028277
0.3,F3_p75,0.033301,0.1874,ACT,0.033301,0.024601,0.052878,1,0.028277
0.3,F3_p75,0.033301,0.1884,ACT,0.033301,0.024601,0.052878,1,0.028277
0.3,F3_p75,0.033301,0.1894,ACT,0.033301,0.024601,0.052878,1,0.028277
0.3,F3_p75,0.033301,0.1904,ACT,0.033301,0.024601,0.052878,1,0.028277
0.3,F3_p75,0.033301,0.1914,ACT,0.033301,0.024601,0.052878,1,0.028277
0.3,F3_p75,0.033301,0.1924,ACT,0.033301,0.024601,0.052878,1,0.028277
0.3,F3_p75,0.033301,0.1934,ACT,0.033301,0.024601,0.052878,1,0.028277
0.3,F3_p75,0.033301,0.1944,ACT,0.033301,0.024601,0.052878,1,0.028277
0.3,F3_p75,0.033301,0.1954,ACT,0.033301,0.024601,0.052878,1,0.028277
0.3,F3_p75,0.033301,0.1964,ACT,0.033301,0.024601,0.052878,1,0.028277
0.3,F3_p75,0.033301,0.1974,ACT,0.033301,0.024601,0.052878,1,0.028277
0.3,F3_p75,0.033301,0.1984,ACT,0.033301,0.024601,0.052878,1,0.028277
0.3,F3_p75,0.033301,0.1994,ACT,0.033301,0.024601,0.052878,1,0.028277
0.3,F3_p75,0.033301,0.2004,ACT,0.033301,0.024601,0.052878,1,0.028277
0.3,F3_p75,0.033301,0.2014,ACT,0.033301,0.024601,0.052878,1,0.028277
0.3,F3_p75,0.033301,0.2024,ACT,0.033301,0.024601,0.052878,1,0.028277
0.3,F3_p75,0.033301,0.2034,ACT,0.033301,0.024601,0.052878,1,0.028277
0.3,F3_p75,0.033301,0.2044,ACT,0.033301,0.024601,0.052878,1,0.028277
0.3,F3_p75,0.033301,0.2054,ACT,0.033301,0.024601,0.052878,1,0.028277
0.3,F3_p75,0.033301,0.2064,ACT,0.033301,0.024601,0.052878,1,0.028277
0.3,F3_p75,0.033301,0.2074,ACT,0.033301,0.024601,0.052878,1,0.028277
0.3,F3_p75,0.033301,0.2084,ACT,0.033301,0.024601,0.052878,1,0.028277
0.3,F3_p75,0.033301,0.2094,ACT,0.033301,0.024601,0.052878,1,0.028277
0.3,F3_p75,0.033301,0.2104,ACT,0.033301,0.024601,0.052878,1,0.028277
0.3,F3_p75,0.033301,0.2114,ACT,0.033301,0.024601,0.052878,1,0.028277
0.3,F3_p75,0.033301,0.2124,ACT,0.033301,0.024601,0.052878,1,0.028277
0.3,F3_p75,0.033301,0.2134,ACT,0.033301,0.024601,0.052878,1,0.028277
0.3,F3_p75,0.033301,0.2144,ACT,0.033301,0.024601,0.052878,1,0.028277
0.3,F3_p75,0.033301,0.2154,ACT,0.033301,0.024601,0.052878,1,0.028277
0.3,F3_p75,0.033301,0.2164,ACT,0.033301,0.024601,0.052878,1,0.028277
0.3,F3_p75,0.033301,0.2174,ACT,0.033301,0.024601,0.052878,1,0.028277
0.3,F3_p75,0.033301,0.2184,ACT,0.033301,0.024601,0.052878,1,0.028277
0.3,F3_p75,0.033301,0.2194,ACT,0.033301,0.024601,0.052878,1,0.028277
0.3,F3_p75,0.033301,0.2204,ACT,0.033301,0.024601,0.052878,1,0.028277
0.3,F3_p75,0.033301,0.2214,ACT,0.033301,0.024601,0.052878,1,0.028277
0.3,F3_p75,0.033301,0.2224,ACT,0.033301,0.024601,0.052878,1,0.028277
0.3,F3_p75,0.033301,0.2234,ACT,0.033301,0.024601,0.052878,1,0.028277
0.3,F3_p75,0.033301,0.2244,ACT,0.033301,0.024601,0.052878,1,0.028277
0.3,F3_p75,0.033301,0.2255,ACT,0.033301,0.024601,0.052878,1,0.028277
0.3,F3_p75,0.033301,0.2265,ACT,0.033301,0.024601,0.052878,1,0.028277
0.3,F3_p75,0.033301,0.2275,ACT,0.033301,0.024601,0.052878,1,0.028277
0.3,F3_p75,0.033301,0.2285,ACT,0.033301,0.024601,0.052878,1,0.028277
0.3,F3_p75,0.033301,0.2295,ACT,0.033301,0.024601,0.052878,1,0.028277
0.3,F3_p75,0.033301,0.2305,ACT,0.033301,0.024601,0.052878,1,0.028277
0.3,F3_p75,0.033301,0.2315,ACT,0.033301,0.024601,0.052878,1,0.028277
0.3,F3_p75,0.033301,0.2325,ACT,0.033301,0.024601,0.052878,1,0.028277
0.3,F3_p75,0.033301,0.2335,ACT,0.033301,0.024601,0.052878,1,0.028277
0.3,F3_p75,0.033301,0.2345,ACT,0.033301,0.024601,0.052878,1,0.028277
0.3,F3_p75,0.033301,0.2355,ACT,0.033301,0.024601,0.052878,1,0.028277
0.3,F3_p75,0.033301,0.2365,ACT,0.033301,0.024601,0.052878,1,0.028277
0.3,F3_p75,0.033301,0.2375,ACT,0.033301,0.024601,0.052878,1,0.028277
0.3,F3_p75,0.033301,0.2385,ACT,0.033301,0.024601,0.052878,1,0.028277
0.3,F3_p75,0.033301,0.2395,ACT,0.033301,0.024601,0.052878,1,0.028277
0.3,F3_p75,0.033301,0.2405,ACT,0.033301,0.024601,0.052878,1,0.028277
0.3,F3_p75,0.033301,0.2415,ACT,0.033301,0.024601,0.052878,1,0.028277
0.3,F3_p75,0.033301,0.2425,ACT,0.033301,0.024601,0.052878,1,0.028277
0.3,F3_p75,0.033301,0.2435,ACT,0.033301,0.024601,0.052878,1,0.028277
0.3,F3_p75,0.033301,0.2445,ACT,0.033301,0.024601,0.052878,1,0.028277
0.3,F3_p75,0.033301,0.2455,ACT,0.033301,0.024601,0.052878,1,0.028277
0.3,F3_p75,0.033301,0.2465,ACT,0.033301,0.024601,0.052878,1,0.028277
0.3,F3_p75,0.033301,0.2475,ACT,0.033301,0.024601,0.052878,1,0.028277
0.3,F3_p75,0.033301,0.2485,ACT,0.033301,0.024601,0.052878,1,0.028277
0.3,F3_p75,0.033301,0.2495,ACT,0.033301,0.024601,0.052878,1,0.028277
0.3,F3_p75,0.033301,0.2505,ACT,0.033301,0.024601,0.052878,1,0.028277
0.3,F3_p75,0.033301,0.2515,ACT,0.033301,0.024601,0.052878,1,0.028277
0.3,F3_p75,0.033301,0.2525,ACT,0.033301,0.024601,0.052878,1,0.028277
0.3,F3_p75,0.033301,0.2535,ACT,0.033301,0.024601,0.052878,1,0.028277
0.3,F3_p75,0.033301,0.2545,ACT,0.033301,0.024601,0.052878,1,0.028277
0.3,F3_p75,0.033301,0.2555,ACT,0.033301,0.024601,0.052878,1,0.028277
0.3,F3_p75,0.033301,0.2565,ACT,0.033301,0.024601,0.052878,1,0.028277
0.3,F3_p75,0.033301,0.2575,ACT,0.033301,0.024601,0.052878,1,0.028277
0.3,F3_p75,0.033301,0.2585,ACT,0.033301,0.024601,0.052878,1,0.028277
0.3,F3_p75,0.033301,0.2595,ACT,0.033301,0.024601,0.052878,1,0.028277
0.3,F3_p75,0.033301,0.2605,ACT,0.033301,0.024601,0.052878,1,0.028277
0.3,F3_p75,0.033301,0.2615,ACT,0.033301,0.024601,0.052878,1,0.028277
0.3,F3_p75,0.033301,0.2625,ACT,0.033301,0.024601,0.052878,1,0.028277
0.3,F3_p75,0.033301,0.2635,ACT,0.033301,0.024601,0.052878,1,0.028277
0.3,F3_p75,0.033301,0.2645,ACT,0.033301,0.024601,0.052878,1,0.028277
0.3,F3_p75,0.033301,0.2655,ACT,0.033301,0.024601,0.052878,1,0.028277
0.3,F3_p75,0.033301,0.2665,ACT,0.033301,0.024601,0.052878,1,0.028277
0.3,F3_p75,0.033301,0.2675,ACT,0.033301,0.024601,0.052878,1,0.028277
0.3,F3_p75,0.033301,0.2685,ACT,0.033301,0.024601,0.052878,1,0.028277
0.3,F3_p75,0.033301,0.2695,ACT,0.033301,0.024601,0.052878,1,0.028277
0.3,F3_p75,0.033301,0.2705,ACT,0.033301,0.024601,0.052878,1,0.028277
0.3,F3_p75,0.033301,0.2715,ACT,0.033301,0.024601,0.052878,1,0.028277
0.3,F3_p75,0.033301,0.2725,ACT,0.033301,0.024601,0.052878,1,0.028277
0.3,F3_p75,0.033301,0.2735,ACT,0.033301,0.024601,0.052878,1,0.028277
0.3,F3_p75,0.033301,0.2745,ACT,0.033301,0.024601,0.052878,1,0.028277
0.3,F3_p75,0.033301,0.2756,ACT,0.033301,0.024601,0.052878,1,0.028277
0.3,F3_p75,0.033301,0.2766,ACT,0.033301,0.024601,0.052878,1,0.028277
0.3,F3_p75,0.033301,0.2776,ACT,0.033301,0.024601,0.052878,1,0.028277
0.3,F3_p75,0.033301,0.2786,ACT,0.033301,0.024601,0.052878,1,0.028277
0.3,F3_p75,0.033301,0.2796,ACT,0.033301,0.024601,0.052878,1,0.028277
0.3,F3_p75,0.033301,0.2806,ACT,0.033301,0.024601,0.052878,1,0.028277
0.3,F3_p75,0.033301,0.2816,ACT,0.033301,0.024601,0.052878,1,0.028277
0.3,F3_p75,0.033301,0.2826,ACT,0.033301,0.024601,0.052878,1,0.028277
0.3,F3_p75,0.033301,0.2836,ACT,0.033301,0.024601,0.052878,1,0.028277
0.3,F3_p75,0.033301,0.2846,ACT,0.033301,0.024601,0.052878,1,0.028277
0.3,F3_p75,0.033301,0.2856,ACT,0.033301,0.024601,0.052878,1,0.028277
0.3,F3_p75,0.033301,0.2866,ACT,0.033301,0.024601,0.052878,1,0.028277
0.3,F3_p75,0.033301,0.2876,ACT,0.033301,0.024601,0.052878,1,0.028277
0.3,F3_p75,0.033301,0.2886,ACT,0.033301,0.024601,0.052878,1,0.028277
0.3,F3_p75,0.033301,0.2896,ACT,0.033301,0.024601,0.052878,1,0.028277
0.3,F3_p75,0.033301,0.2906,ACT,0.033301,0.024601,0.052878,1,0.028277
0.3,F3_p75,0.033301,0.2916,ACT,0.033301,0.024601,0.052878,1,0.028277
0.3,F3_p75,0.033301,0.2926,ACT,0.033301,0.024601,0.052878,1,0.028277
0.3,F3_p75,0.033301,0.2936,ACT,0.033301,0.024601,0.052878,1,0.028277
0.3,F3_p75,0.033301,0.2946,ACT,0.033301,0.024601,0.052878,1,0.028277
0.3,F3_p75,0.033301,0.2956,ACT,0.033301,0.024601,0.052878,1,0.028277
0.3,F3_p75,0.033301,0.2966,ACT,0.033301,0.024601,0.052878,1,0.028277
0.3,F3_p75,0.033301,0.2976,ACT,0.033301,0.024601,0.052878,1,0.028277
0.3,F3_p75,0.033301,0.2986,ACT,0.033301,0.024601,0.052878,1,0.028277
0.3,F3_p75,0.033301,0.2996,ACT,0.033301,0.024601,0.052878,1,0.028277
0.3,F3_p75,0.033301,0.3006,ACT,0.033301,0.024601,0.052878,1,0.028277
0.3,F3_p75,0.033301,0.3016,ACT,0.033301,0.024601,0.052878,1,0.028277
0.3,F3_p75,0.033301,0.3026,ACT,0.033301,0.024601,0.052878,1,0.028277
0.3,F3_p75,0.033301,0.3036,ACT,0.033301,0.024601,0.052878,1,0.028277
0.3,F3_p75,0.033301,0.3046,ACT,0.033301,0.024601,0.052878,1,0.028277
0.3,F3_p75,0.033301,0.3056,ACT,0.033301,0.024601,0.052878,1,0.028277
0.3,F3_p75,0.033301,0.3066,ACT,0.033301,0.024601,0.052878,1,0.028277
0.3,F3_p75,0.033301,0.3076,ACT,0.033301,0.024601,0.052878,1,0.028277
0.3,F3_p75,0.033301,0.3086,ACT,0.033301,0.024601,0.052878,1,0.028277
0.3,F3_p75,0.033301,0.3096,ACT,0.033301,0.024601,0.052878,1,0.028277
0.3,F3_p75,0.033301,0.3106,ACT,0.033301,0.024601,0.052878,1,0.028277
0.3,F3_p75,0.033301,0.3116,ACT,0.033301,0.024601,0.052878,1,0.028277
0.3,F3_p75,0.033301,0.3126,ACT,0.033301,0.024601,0.052878,1,0.028277
0.3,F3_p75,0.033301,0.3136,ACT,0.033301,0.024601,0.052878,1,0.028277
0.3,F3_p75,0.033301,0.3146,ACT,0.033301,0.024601,0.052878,1,0.028277
0.3,F3_p75,0.033301,0.3156,ACT,0.033301,0.024601,0.052878,1,0.028277
0.3,F3_p75,0.033301,0.3166,ACT,0.033301,0.024601,0.052878,1,0.028277
0.3,F3_p75,0.033301,0.3176,ACT,0.033301,0.024601,0.052878,1,0.028277
0.3,F3_p75,0.033301,0.3186,ACT,0.033301,0.024601,0.052878,1,0.028277
0.3,F3_p75,0.033301,0.3196,ACT,0.033301,0.024601,0.052878,1,0.028277
0.3,F3_p75,0.033301,0.3206,ACT,0.033301,0.024601,0.052878,1,0.028277
0.3,F3_p75,0.033301,0.3216,ACT,0.033301,0.024601,0.052878,1,0.028277
0.3,F3_p75,0.033301,0.3226,ACT,0.033301,0.024601,0.052878,1,0.028277
0.3,F3_p75,0.033301,0.3236,ACT,0.033301,0.024601,0.052878,1,0.028277
0.3,F3_p75,0.033301,0.3246,ACT,0.033301,0.024601,0.052878,1,0.028277
0.3,F3_p75,0.033301,0.3257,ACT,0.033301,0.024601,0.052878,1,0.028277
0.3,F3_p75,0.033301,0.3267,ACT,0.033301,0.024601,0.052878,1,0.028277
0.3,F3_p75,0.033301,0.3277,ACT,0.033301,0.024601,0.052878,1,0.028277
0.3,F3_p75,0.033301,0.3287,ACT,0.033301,0.024601,0.052878,1,0.028277
0.3,F3_p75,0.033301,0.3297,ACT,0.033301,0.024601,0.052878,1,0.028277
0.3,F3_p75,0.033301,0.3307,ACT,0.033301,0.024601,0.052878,1,0.028277
0.3,F3_p75,0.033301,0.3317,ACT,0.033301,0.024601,0.052878,1,0.028277
0.3,F3_p75,0.033301,0.3327,ACT,0.033301,0.024601,0.052878,1,0.028277
0.3,F3_p75,0.033301,0.3337,ACT,0.033301,0.024601,0.052878,1,0.028277
0.3,F3_p75,0.033301,0.3347,ACT,0.033301,0.024601,0.052878,1,0.028277
0.3,F3_p75,0.033301,0.3357,ACT,0.033301,0.024601,0.052878,1,0.028277
0.3,F3_p75,0.033301,0.3367,ACT,0.033301,0.024601,0.052878,1,0.028277
0.3,F3_p75,0.033301,0.3377,ACT,0.033301,0.024601,0.052878,1,0.028277
0.3,F3_p75,0.033301,0.3387,ACT,0.033301,0.024601,0.052878,1,0.028277
0.3,F3_p75,0.033301,0.3397,ACT,0.033301,0.024601,0.052878,1,0.028277
0.3,F3_p75,0.033301,0.3407,ACT,0.033301,0.024601,0.052878,1,0.028277
0.3,F3_p75,0.033301,0.3417,ACT,0.033301,0.024601,0.052878,1,0.028277
0.3,F3_p75,0.033301,0.3427,ACT,0.033301,0.024601,0.052878,1,0.028277
0.3,F3_p75,0.033301,0.3437,ACT,0.033301,0.024601,0.052878,1,0.028277
0.3,F3_p75,0.033301,0.3447,ACT,0.033301,0.024601,0.052878,1,0.028277
0.3,F3_p75,0.033301,0.3457,ACT,0.033301,0.024601,0.052878,1,0.028277
0.3,F3_p75,0.033301,0.3467,ACT,0.033301,0.024601,0.052878,1,0.028277
0.3,F3_p75,0.033301,0.3477,ACT,0.033301,0.024601,0.052878,1,0.028277
0.3,F3_p75,0.033301,0.3487,ACT,0.033301,0.024601,0.052878,1,0.028277
0.3,F3_p75,0.033301,0.3497,ACT,0.033301,0.024601,0.052878,1,0.028277
0.3,F3_p75,0.033301,0.3507,ACT,0.033301,0.024601,0.052878,1,0.028277
0.3,F3_p75,0.033301,0.3517,ACT,0.033301,0.024601,0.052878,1,0.028277
0.3,F3_p75,0.033301,0.3527,ACT,0.033301,0.024601,0.052878,1,0.028277
0.3,F3_p75,0.033301,0.3537,ACT,0.033301,0.024601,0.052878,1,0.028277
0.3,F3_p75,0.033301,0.3547,ACT,0.033301,0.024601,0.052878,1,0.028277
0.3,F3_p75,0.033301,0.3557,ACT,0.033301,0.024601,0.052878,1,0.028277
0.3,F3_p75,0.033301,0.3567,ACT,0.033301,0.024601,0.052878,1,0.028277
0.3,F3_p75,0.033301,0.3577,ACT,0.033301,0.024601,0.052878,1,0.028277
0.3,F3_p75,0.033301,0.3587,ACT,0.033301,0.024601,0.052878,1,0.028277
0.3,F3_p75,0.033301,0.3597,ACT,0.033301,0.024601,0.052878,1,0.028277
0.3,F3_p75,0.033301,0.3607,ACT,0.033301,0.024601,0.052878,1,0.028277
0.3,F3_p75,0.033301,0.3617,ACT,0.033301,0.024601,0.052878,1,0.028277
0.3,F3_p75,0.033301,0.3627,ACT,0.033301,0.024601,0.052878,1,0.028277
0.3,F3_p75,0.033301,0.3637,ACT,0.033301,0.024601,0.052878,1,0.028277
0.3,F3_p75,0.033301,0.3647,ACT,0.033301,0.024601,0.052878,1,0.028277
0.3,F3_p75,0.033301,0.3657,ACT,0.033301,0.024601,0.052878,1,0.028277
0.3,F3_p75,0.033301,0.3667,ACT,0.033301,0.024601,0.052878,1,0.028277
0.3,F3_p75,0.033301,0.3677,ACT,0.033301,0.024601,0.052878,1,0.028277
0.3,F3_p75,0.033301,0.3687,ACT,0.033301,0.024601,0.052878,1,0.028277
0.3,F3_p75,0.033301,0.3697,ACT,0.033301,0.024601,0.052878,1,0.028277
0.3,F3_p75,0.033301,0.3707,ACT,0.033301,0.024601,0.052878,1,0.028277
0.3,F3_p75,0.033301,0.3717,ACT,0.033301,0.024601,0.052878,1,0.028277
0.3,F3_p75,0.033301,0.3727,ACT,0.033301,0.024601,0.052878,1,0.028277
0.3,F3_p75,0.033301,0.3737,ACT,0.033301,0.024601,0.052878,1,0.028277
0.3,F3_p75,0.033301,0.3747,ACT,0.033301,0.024601,0.052878,1,0.028277
0.3,F3_p75,0.033301,0.3758,ACT,0.033301,0.024601,0.052878,1,0.028277
0.3,F3_p75,0.033301,0.3768,ACT,0.033301,0.024601,0.052878,1,0.028277
0.3,F3_p75,0.033301,0.3778,ACT,0.033301,0.024601,0.052878,1,0.028277
0.3,F3_p75,0.033301,0.3788,ACT,0.033301,0.024601,0.052878,1,0.028277
0.3,F3_p75,0.033301,0.3798,ACT,0.033301,0.024601,0.052878,1,0.028277
0.3,F3_p75,0.033301,0.3808,ACT,0.033301,0.024601,0.052878,1,0.028277
0.3,F3_p75,0.033301,0.3818,ACT,0.033301,0.024601,0.052878,1,0.028277
0.3,F3_p75,0.033301,0.3828,ACT,0.033301,0.024601,0.052878,1,0.028277
0.3,F3_p75,0.033301,0.3838,ACT,0.033301,0.024601,0.052878,1,0.028277
0.3,F3_p75,0.033301,0.3848,ACT,0.033301,0.024601,0.052878,1,0.028277
0.3,F3_p75,0.033301,0.3858,ACT,0.033301,0.024601,0.052878,1,0.028277
0.3,F3_p75,0.033301,0.3868,ACT,0.033301,0.024601,0.052878,1,0.028277
0.3,F3_p75,0.033301,0.3878,ACT,0.033301,0.024601,0.052878,1,0.028277
0.3,F3_p75,0.033301,0.3888,ACT,0.033301,0.024601,0.052878,1,0.028277
0.3,F3_p75,0.033301,0.3898,ACT,0.033301,0.024601,0.052878,1,0.028277
0.3,F3_p75,0.033301,0.3908,ACT,0.033301,0.024601,0.052878,1,0.028277
0.3,F3_p75,0.033301,0.3918,ACT,0.033301,0.024601,0.052878,1,0.028277
0.3,F3_p75,0.033301,0.3928,ACT,0.033301,0.024601,0.052878,1,0.028277
0.3,F3_p75,0.033301,0.3938,ACT,0.033301,0.024601,0.052878,1,0.028277
0.3,F3_p75,0.033301,0.3948,ACT,0.033301,0.024601,0.052878,1,0.028277
0.3,F3_p75,0.033301,0.3958,ACT,0.033301,0.024601,0.052878,1,0.028277
0.3,F3_p75,0.033301,0.3968,ACT,0.033301,0.024601,0.052878,1,0.028277
0.3,F3_p75,0.033301,0.3978,ACT,0.033301,0.024601,0.052878,1,0.028277
0.3,F3_p75,0.033301,0.3988,ACT,0.033301,0.024601,0.052878,1,0.028277
0.3,F3_p75,0.033301,0.3998,ACT,0.033301,0.024601,0.052878,1,0.028277
0.3,F3_p75,0.033301,0.4008,ACT,0.033301,0.024601,0.052878,1,0.028277
0.3,F3_p75,0.033301,0.4018,ACT,0.033301,0.024601,0.052878,1,0.028277
0.3,F3_p75,0.033301,0.4028,ACT,0.033301,0.024601,0.052878,1,0.028277
0.3,F3_p75,0.033301,0.4038,ACT,0.033301,0.024601,0.052878,1,0.028277
0.3,F3_p75,0.033301,0.4048,ACT,0.033301,0.024601,0.052878,1,0.028277
0.3,F3_p75,0.033301,0.4058,ACT,0.033301,0.024601,0.052878,1,0.028277
0.3,F3_p75,0.033301,0.4068,ACT,0.033301,0.024601,0.052878,1,0.028277
0.3,F3_p75,0.033301,0.4078,ACT,0.033301,0.024601,0.052878,1,0.028277
0.3,F3_p75,0.033301,0.4088,ACT,0.033301,0.024601,0.052878,1,0.028277
0.3,F3_p75,0.033301,0.4098,ACT,0.033301,0.024601,0.052878,1,0.028277
0.3,F3_p75,0.033301,0.4108,ACT,0.033301,0.024601,0.052878,1,0.028277
0.3,F3_p75,0.033301,0.4118,ACT,0.033301,0.024601,0.052878,1,0.028277
0.3,F3_p75,0.033301,0.4128,ACT,0.033301,0.024601,0.052878,1,0.028277
0.3,F3_p75,0.033301,0.4138,ACT,0.033301,0.024601,0.052878,1,0.028277
0.3,F3_p75,0.033301,0.4148,ACT,0.033301,0.024601,0.052878,1,0.028277
0.3,F3_p75,0.033301,0.4158,ACT,0.033301,0.024601,0.052878,1,0.028277
0.3,F3_p75,0.033301,0.4168,ACT,0.033301,0.024601,0.052878,1,0.028277
0.3,F3_p75,0.033301,0.4178,ACT,0.033301,0.024601,0.052878,1,0.028277
0.3,F3_p75,0.033301,0.4188,ACT,0.033301,0.024601,0.052878,1,0.028277
0.3,F3_p75,0.033301,0.4198,ACT,0.033301,0.024601,0.052878,1,0.028277
0.3,F3_p75,0.033301,0.4208,ACT,0.033301,0.024601,0.052878,1,0.028277
0.3,F3_p75,0.033301,0.4218,ACT,0.033301,0.024601,0.052878,1,0.028277
0.3,F3_p75,0.033301,0.4228,ACT,0.033301,0.024601,0.052878,1,0.028277
0.3,F3_p75,0.033301,0.4238,ACT,0.033301,0.024601,0.052878,1,0.028277
0.3,F3_p75,0.033301,0.4248,ACT,0.033301,0.024601,0.052878,1,0.028277
0.3,F3_p75,0.033301,0.4259,ACT,0.033301,0.024601,0.052878,1,0.028277
0.3,F3_p75,0.033301,0.4269,ACT,0.033301,0.024601,0.052878,1,0.028277
0.3,F3_p75,0.033301,0.4279,ACT,0.033301,0.024601,0.052878,1,0.028277
0.3,F3_p75,0.033301,0.4289,ACT,0.033301,0.024601,0.052878,1,0.028277
0.3,F3_p75,0.033301,0.4299,ACT,0.033301,0.024601,0.052878,1,0.028277
0.3,F3_p75,0.033301,0.4309,ACT,0.033301,0.024601,0.052878,1,0.028277
0.3,F3_p75,0.033301,0.4319,ACT,0.033301,0.024601,0.052878,1,0.028277
0.3,F3_p75,0.033301,0.4329,ACT,0.033301,0.024601,0.052878,1,0.028277
0.3,F3_p75,0.033301,0.4339,ACT,0.033301,0.024601,0.052878,1,0.028277
0.3,F3_p75,0.033301,0.4349,ACT,0.033301,0.024601,0.052878,1,0.028277
0.3,F3_p75,0.033301,0.4359,ACT,0.033301,0.024601,0.052878,1,0.028277
0.3,F3_p75,0.033301,0.4369,ACT,0.033301,0.024601,0.052878,1,0.028277
0.3,F3_p75,0.033301,0.4379,ACT,0.033301,0.024601,0.052878,1,0.028277
0.3,F3_p75,0.033301,0.4389,ACT,0.033301,0.024601,0.052878,1,0.028277
0.3,F3_p75,0.033301,0.4399,ACT,0.033301,0.024601,0.052878,1,0.028277
0.3,F3_p75,0.033301,0.4409,ACT,0.033301,0.024601,0.052878,1,0.028277
0.3,F3_p75,0.033301,0.4419,ACT,0.033301,0.024601,0.052878,1,0.028277
0.3,F3_p75,0.033301,0.4429,ACT,0.033301,0.024601,0.052878,1,0.028277
0.3,F3_p75,0.033301,0.4439,ACT,0.033301,0.024601,0.052878,1,0.028277
0.3,F3_p75,0.033301,0.4449,ACT,0.033301,0.024601,0.052878,1,0.028277
0.3,F3_p75,0.033301,0.4459,ACT,0.033301,0.024601,0.052878,1,0.028277
0.3,F3_p75,0.033301,0.4469,ACT,0.033301,0.024601,0.052878,1,0.028277
0.3,F3_p75,0.033301,0.4479,ACT,0.033301,0.024601,0.052878,1,0.028277
0.3,F3_p75,0.033301,0.4489,ACT,0.033301,0.024601,0.052878,1,0.028277
0.3,F3_p75,0.033301,0.4499,ACT,0.033301,0.024601,0.052878,1,0.028277
0.3,F3_p75,0.033301,0.4509,ACT,0.033301,0.024601,0.052878,1,0.028277
0.3,F3_p75,0.033301,0.4519,ACT,0.033301,0.024601,0.052878,1,0.028277
0.3,F3_p75,0.033301,0.4529,ACT,0.033301,0.024601,0.052878,1,0.028277
0.3,F3_p75,0.033301,0.4539,ACT,0.033301,0.024601,0.052878,1,0.028277
0.3,F3_p75,0.033301,0.4549,ACT,0.033301,0.024601,0.052878,1,0.028277
0.3,F3_p75,0.033301,0.4559,ACT,0.033301,0.024601,0.052878,1,0.028277
0.3,F3_p75,0.033301,0.4569,ACT,0.033301,0.024601,0.052878,1,0.028277
0.3,F3_p75,0.033301,0.4579,ACT,0.033301,0.024601,0.052878,1,0.028277
0.3,F3_p75,0.033301,0.4589,ACT,0.033301,0.024601,0.052878,1,0.028277
0.3,F3_p75,0.033301,0.4599,ACT,0.033301,0.024601,0.052878,1,0.028277
0.3,F3_p75,0.033301,0.4609,ACT,0.033301,0.024601,0.052878,1,0.028277
0.3,F3_p75,0.033301,0.4619,ACT,0.033301,0.024601,0.052878,1,0.028277
0.3,F3_p75,0.033301,0.4629,ACT,0.033301,0.024601,0.052878,1,0.028277
0.3,F3_p75,0.033301,0.4639,ACT,0.033301,0.024601,0.052878,1,0.028277
0.3,F3_p75,0.033301,0.4649,ACT,0.033301,0.024601,0.052878,1,0.028277
0.3,F3_p75,0.033301,0.4659,ACT,0.033301,0.024601,0.052878,1,0.028277
0.3,F3_p75,0.033301,0.4669,ACT,0.033301,0.024601,0.052878,1,0.028277
0.3,F3_p75,0.033301,0.4679,ACT,0.033301,0.024601,0.052878,1,0.028277
0.3,F3_p75,0.033301,0.4689,ACT,0.033301,0.024601,0.052878,1,0.028277
0.3,F3_p75,0.033301,0.4699,ACT,0.033301,0.024601,0.052878,1,0.028277
0.3,F3_p75,0.033301,0.4709,ACT,0.033301,0.024601,0.052878,1,0.028277
0.3,F3_p75,0.033301,0.4719,ACT,0.033301,0.024601,0.052878,1,0.028277
0.3,F3_p75,0.033301,0.4729,ACT,0.033301,0.024601,0.052878,1,0.028277
0.3,F3_p75,0.033301,0.4739,ACT,0.033301,0.024601,0.052878,1,0.028277
0.3,F3_p75,0.033301,0.4749,ACT,0.033301,0.024601,0.052878,1,0.028277
0.3,F3_p75,0.033301,0.476,ACT,0.033301,0.024601,0.052878,1,0.028277
0.3,F3_p75,0.033301,0.477,ACT,0.033301,0.024601,0.052878,1,0.028277
0.3,F3_p75,0.033301,0.478,ACT,0.033301,0.024601,0.052878,1,0.028277
0.3,F3_p75,0.033301,0.479,ACT,0.033301,0.024601,0.052878,1,0.028277
0.3,F3_p75,0.033301,0.48,ACT,0.033301,0.024601,0.052878,1,0.028277
0.3,F3_p75,0.033301,0.481,ACT,0.033301,0.024601,0.052878,1,0.028277
0.3,F3_p75,0.033301,0.482,ACT,0.033301,0.024601,0.052878,1,0.028277
0.3,F3_p75,0.033301,0.483,ACT,0.033301,0.024601,0.052878,1,0.028277
0.3,F3_p75,0.033301,0.484,ACT,0.033301,0.024601,0.052878,1,0.028277
0.3,F3_p75,0.033301,0.485,ACT,0.033301,0.024601,0.052878,1,0.028277
0.3,F3_p75,0.033301,0.486,ACT,0.033301,0.024601,0.052878,1,0.028277
0.3,F3_p75,0.033301,0.487,ACT,0.033301,0.024601,0.052878,1,0.028277
0.3,F3_p75,0.033301,0.488,ACT,0.033301,0.024601,0.052878,1,0.028277
0.3,F3_p75,0.033301,0.489,ACT,0.033301,0.024601,0.052878,1,0.028277
0.3,F3_p75,0.033301,0.49,ACT,0.033301,0.024601,0.052878,1,0.028277
0.3,F3_p75,0.033301,0.491,ACT,0.033301,0.024601,0.052878,1,0.028277
0.3,F3_p75,0.033301,0.492,ACT,0.033301,0.024601,0.052878,1,0.028277
0.3,F3_p75,0.033301,0.493,ACT,0.033301,0.024601,0.052878,1,0.028277
0.3,F3_p75,0.033301,0.494,ACT,0.033301,0.024601,0.052878,1,0.028277
0.3,F3_p75,0.033301,0.495,ACT,0.033301,0.024601,0.052878,1,0.028277
0.3,F3_p75,0.033301,0.496,ACT,0.033301,0.024601,0.052878,1,0.028277
0.3,F3_p75,0.033301,0.497,ACT,0.033301,0.024601,0.052878,1,0.028277
0.3,F3_p75,0.033301,0.498,ACT,0.033301,0.024601,0.052878,1,0.028277
0.3,F3_p75,0.033301,0.499,ACT,0.033301,0.024601,0.052878,1,0.028277
0.3,F3_p75,0.033301,0.5,ACT,0.033301,0.024601,0.052878,1,0.028277
0.3,F4_max,0.052878,0.0,REFUSE,0.052878,0.024601,0.052878,1,0.028277
0.3,F4_max,0.052878,0.001,REFUSE,0.052878,0.024601,0.052878,1,0.028277
0.3,F4_max,0.052878,0.002,REFUSE,0.052878,0.024601,0.052878,1,0.028277
0.3,F4_max,0.052878,0.003,REFUSE,0.052878,0.024601,0.052878,1,0.028277
0.3,F4_max,0.052878,0.004,REFUSE,0.052878,0.024601,0.052878,1,0.028277
0.3,F4_max,0.052878,0.005,REFUSE,0.052878,0.024601,0.052878,1,0.028277
0.3,F4_max,0.052878,0.006,REFUSE,0.052878,0.024601,0.052878,1,0.028277
0.3,F4_max,0.052878,0.007,REFUSE,0.052878,0.024601,0.052878,1,0.028277
0.3,F4_max,0.052878,0.008,REFUSE,0.052878,0.024601,0.052878,1,0.028277
0.3,F4_max,0.052878,0.009,REFUSE,0.052878,0.024601,0.052878,1,0.028277
0.3,F4_max,0.052878,0.01,REFUSE,0.052878,0.024601,0.052878,1,0.028277
0.3,F4_max,0.052878,0.011,REFUSE,0.052878,0.024601,0.052878,1,0.028277
0.3,F4_max,0.052878,0.012,REFUSE,0.052878,0.024601,0.052878,1,0.028277
0.3,F4_max,0.052878,0.013,REFUSE,0.052878,0.024601,0.052878,1,0.028277
0.3,F4_max,0.052878,0.014,REFUSE,0.052878,0.024601,0.052878,1,0.028277
0.3,F4_max,0.052878,0.015,REFUSE,0.052878,0.024601,0.052878,1,0.028277
0.3,F4_max,0.052878,0.016,REFUSE,0.052878,0.024601,0.052878,1,0.028277
0.3,F4_max,0.052878,0.017,REFUSE,0.052878,0.024601,0.052878,1,0.028277
0.3,F4_max,0.052878,0.018,REFUSE,0.052878,0.024601,0.052878,1,0.028277
0.3,F4_max,0.052878,0.019,REFUSE,0.052878,0.024601,0.052878,1,0.028277
0.3,F4_max,0.052878,0.02,REFUSE,0.052878,0.024601,0.052878,1,0.028277
0.3,F4_max,0.052878,0.021,REFUSE,0.052878,0.024601,0.052878,1,0.028277
0.3,F4_max,0.052878,0.022,REFUSE,0.052878,0.024601,0.052878,1,0.028277
0.3,F4_max,0.052878,0.023,REFUSE,0.052878,0.024601,0.052878,1,0.028277
0.3,F4_max,0.052878,0.024,REFUSE,0.052878,0.024601,0.052878,1,0.028277
0.3,F4_max,0.052878,0.0251,REFUSE,0.052878,0.024601,0.052878,1,0.028277
0.3,F4_max,0.052878,0.0261,REFUSE,0.052878,0.024601,0.052878,1,0.028277
0.3,F4_max,0.052878,0.0271,REFUSE,0.052878,0.024601,0.052878,1,0.028277
0.3,F4_max,0.052878,0.0281,REFUSE,0.052878,0.024601,0.052878,1,0.028277
0.3,F4_max,0.052878,0.0291,REFUSE,0.052878,0.024601,0.052878,1,0.028277
0.3,F4_max,0.052878,0.0301,REFUSE,0.052878,0.024601,0.052878,1,0.028277
0.3,F4_max,0.052878,0.0311,REFUSE,0.052878,0.024601,0.052878,1,0.028277
0.3,F4_max,0.052878,0.0321,REFUSE,0.052878,0.024601,0.052878,1,0.028277
0.3,F4_max,0.052878,0.0331,REFUSE,0.052878,0.024601,0.052878,1,0.028277
0.3,F4_max,0.052878,0.0341,REFUSE,0.052878,0.024601,0.052878,1,0.028277
0.3,F4_max,0.052878,0.0351,REFUSE,0.052878,0.024601,0.052878,1,0.028277
0.3,F4_max,0.052878,0.0361,REFUSE,0.052878,0.024601,0.052878,1,0.028277
0.3,F4_max,0.052878,0.0371,REFUSE,0.052878,0.024601,0.052878,1,0.028277
0.3,F4_max,0.052878,0.0381,REFUSE,0.052878,0.024601,0.052878,1,0.028277
0.3,F4_max,0.052878,0.0391,REFUSE,0.052878,0.024601,0.052878,1,0.028277
0.3,F4_max,0.052878,0.0401,REFUSE,0.052878,0.024601,0.052878,1,0.028277
0.3,F4_max,0.052878,0.0411,REFUSE,0.052878,0.024601,0.052878,1,0.028277
0.3,F4_max,0.052878,0.0421,REFUSE,0.052878,0.024601,0.052878,1,0.028277
0.3,F4_max,0.052878,0.0431,REFUSE,0.052878,0.024601,0.052878,1,0.028277
0.3,F4_max,0.052878,0.0441,REFUSE,0.052878,0.024601,0.052878,1,0.028277
0.3,F4_max,0.052878,0.0451,REFUSE,0.052878,0.024601,0.052878,1,0.028277
0.3,F4_max,0.052878,0.0461,REFUSE,0.052878,0.024601,0.052878,1,0.028277
0.3,F4_max,0.052878,0.0471,REFUSE,0.052878,0.024601,0.052878,1,0.028277
0.3,F4_max,0.052878,0.0481,REFUSE,0.052878,0.024601,0.052878,1,0.028277
0.3,F4_max,0.052878,0.0491,REFUSE,0.052878,0.024601,0.052878,1,0.028277
0.3,F4_max,0.052878,0.0501,REFUSE,0.052878,0.024601,0.052878,1,0.028277
0.3,F4_max,0.052878,0.0511,REFUSE,0.052878,0.024601,0.052878,1,0.028277
0.3,F4_max,0.052878,0.0521,REFUSE,0.052878,0.024601,0.052878,1,0.028277
0.3,F4_max,0.052878,0.0531,ACT,0.052878,0.024601,0.052878,1,0.028277
0.3,F4_max,0.052878,0.0541,ACT,0.052878,0.024601,0.052878,1,0.028277
0.3,F4_max,0.052878,0.0551,ACT,0.052878,0.024601,0.052878,1,0.028277
0.3,F4_max,0.052878,0.0561,ACT,0.052878,0.024601,0.052878,1,0.028277
0.3,F4_max,0.052878,0.0571,ACT,0.052878,0.024601,0.052878,1,0.028277
0.3,F4_max,0.052878,0.0581,ACT,0.052878,0.024601,0.052878,1,0.028277
0.3,F4_max,0.052878,0.0591,ACT,0.052878,0.024601,0.052878,1,0.028277
0.3,F4_max,0.052878,0.0601,ACT,0.052878,0.024601,0.052878,1,0.028277
0.3,F4_max,0.052878,0.0611,ACT,0.052878,0.024601,0.052878,1,0.028277
0.3,F4_max,0.052878,0.0621,ACT,0.052878,0.024601,0.052878,1,0.028277
0.3,F4_max,0.052878,0.0631,ACT,0.052878,0.024601,0.052878,1,0.028277
0.3,F4_max,0.052878,0.0641,ACT,0.052878,0.024601,0.052878,1,0.028277
0.3,F4_max,0.052878,0.0651,ACT,0.052878,0.024601,0.052878,1,0.028277
0.3,F4_max,0.052878,0.0661,ACT,0.052878,0.024601,0.052878,1,0.028277
0.3,F4_max,0.052878,0.0671,ACT,0.052878,0.024601,0.052878,1,0.028277
0.3,F4_max,0.052878,0.0681,ACT,0.052878,0.024601,0.052878,1,0.028277
0.3,F4_max,0.052878,0.0691,ACT,0.052878,0.024601,0.052878,1,0.028277
0.3,F4_max,0.052878,0.0701,ACT,0.052878,0.024601,0.052878,1,0.028277
0.3,F4_max,0.052878,0.0711,ACT,0.052878,0.024601,0.052878,1,0.028277
0.3,F4_max,0.052878,0.0721,ACT,0.052878,0.024601,0.052878,1,0.028277
0.3,F4_max,0.052878,0.0731,ACT,0.052878,0.024601,0.052878,1,0.028277
0.3,F4_max,0.052878,0.0741,ACT,0.052878,0.024601,0.052878,1,0.028277
0.3,F4_max,0.052878,0.0752,ACT,0.052878,0.024601,0.052878,1,0.028277
0.3,F4_max,0.052878,0.0762,ACT,0.052878,0.024601,0.052878,1,0.028277
0.3,F4_max,0.052878,0.0772,ACT,0.052878,0.024601,0.052878,1,0.028277
0.3,F4_max,0.052878,0.0782,ACT,0.052878,0.024601,0.052878,1,0.028277
0.3,F4_max,0.052878,0.0792,ACT,0.052878,0.024601,0.052878,1,0.028277
0.3,F4_max,0.052878,0.0802,ACT,0.052878,0.024601,0.052878,1,0.028277
0.3,F4_max,0.052878,0.0812,ACT,0.052878,0.024601,0.052878,1,0.028277
0.3,F4_max,0.052878,0.0822,ACT,0.052878,0.024601,0.052878,1,0.028277
0.3,F4_max,0.052878,0.0832,ACT,0.052878,0.024601,0.052878,1,0.028277
0.3,F4_max,0.052878,0.0842,ACT,0.052878,0.024601,0.052878,1,0.028277
0.3,F4_max,0.052878,0.0852,ACT,0.052878,0.024601,0.052878,1,0.028277
0.3,F4_max,0.052878,0.0862,ACT,0.052878,0.024601,0.052878,1,0.028277
0.3,F4_max,0.052878,0.0872,ACT,0.052878,0.024601,0.052878,1,0.028277
0.3,F4_max,0.052878,0.0882,ACT,0.052878,0.024601,0.052878,1,0.028277
0.3,F4_max,0.052878,0.0892,ACT,0.052878,0.024601,0.052878,1,0.028277
0.3,F4_max,0.052878,0.0902,ACT,0.052878,0.024601,0.052878,1,0.028277
0.3,F4_max,0.052878,0.0912,ACT,0.052878,0.024601,0.052878,1,0.028277
0.3,F4_max,0.052878,0.0922,ACT,0.052878,0.024601,0.052878,1,0.028277
0.3,F4_max,0.052878,0.0932,ACT,0.052878,0.024601,0.052878,1,0.028277
0.3,F4_max,0.052878,0.0942,ACT,0.052878,0.024601,0.052878,1,0.028277
0.3,F4_max,0.052878,0.0952,ACT,0.052878,0.024601,0.052878,1,0.028277
0.3,F4_max,0.052878,0.0962,ACT,0.052878,0.024601,0.052878,1,0.028277
0.3,F4_max,0.052878,0.0972,ACT,0.052878,0.024601,0.052878,1,0.028277
0.3,F4_max,0.052878,0.0982,ACT,0.052878,0.024601,0.052878,1,0.028277
0.3,F4_max,0.052878,0.0992,ACT,0.052878,0.024601,0.052878,1,0.028277
0.3,F4_max,0.052878,0.1002,ACT,0.052878,0.024601,0.052878,1,0.028277
0.3,F4_max,0.052878,0.1012,ACT,0.052878,0.024601,0.052878,1,0.028277
0.3,F4_max,0.052878,0.1022,ACT,0.052878,0.024601,0.052878,1,0.028277
0.3,F4_max,0.052878,0.1032,ACT,0.052878,0.024601,0.052878,1,0.028277
0.3,F4_max,0.052878,0.1042,ACT,0.052878,0.024601,0.052878,1,0.028277
0.3,F4_max,0.052878,0.1052,ACT,0.052878,0.024601,0.052878,1,0.028277
0.3,F4_max,0.052878,0.1062,ACT,0.052878,0.024601,0.052878,1,0.028277
0.3,F4_max,0.052878,0.1072,ACT,0.052878,0.024601,0.052878,1,0.028277
0.3,F4_max,0.052878,0.1082,ACT,0.052878,0.024601,0.052878,1,0.028277
0.3,F4_max,0.052878,0.1092,ACT,0.052878,0.024601,0.052878,1,0.028277
0.3,F4_max,0.052878,0.1102,ACT,0.052878,0.024601,0.052878,1,0.028277
0.3,F4_max,0.052878,0.1112,ACT,0.052878,0.024601,0.052878,1,0.028277
0.3,F4_max,0.052878,0.1122,ACT,0.052878,0.024601,0.052878,1,0.028277
0.3,F4_max,0.052878,0.1132,ACT,0.052878,0.024601,0.052878,1,0.028277
0.3,F4_max,0.052878,0.1142,ACT,0.052878,0.024601,0.052878,1,0.028277
0.3,F4_max,0.052878,0.1152,ACT,0.052878,0.024601,0.052878,1,0.028277
0.3,F4_max,0.052878,0.1162,ACT,0.052878,0.024601,0.052878,1,0.028277
0.3,F4_max,0.052878,0.1172,ACT,0.052878,0.024601,0.052878,1,0.028277
0.3,F4_max,0.052878,0.1182,ACT,0.052878,0.024601,0.052878,1,0.028277
0.3,F4_max,0.052878,0.1192,ACT,0.052878,0.024601,0.052878,1,0.028277
0.3,F4_max,0.052878,0.1202,ACT,0.052878,0.024601,0.052878,1,0.028277
0.3,F4_max,0.052878,0.1212,ACT,0.052878,0.024601,0.052878,1,0.028277
0.3,F4_max,0.052878,0.1222,ACT,0.052878,0.024601,0.052878,1,0.028277
0.3,F4_max,0.052878,0.1232,ACT,0.052878,0.024601,0.052878,1,0.028277
0.3,F4_max,0.052878,0.1242,ACT,0.052878,0.024601,0.052878,1,0.028277
0.3,F4_max,0.052878,0.1253,ACT,0.052878,0.024601,0.052878,1,0.028277
0.3,F4_max,0.052878,0.1263,ACT,0.052878,0.024601,0.052878,1,0.028277
0.3,F4_max,0.052878,0.1273,ACT,0.052878,0.024601,0.052878,1,0.028277
0.3,F4_max,0.052878,0.1283,ACT,0.052878,0.024601,0.052878,1,0.028277
0.3,F4_max,0.052878,0.1293,ACT,0.052878,0.024601,0.052878,1,0.028277
0.3,F4_max,0.052878,0.1303,ACT,0.052878,0.024601,0.052878,1,0.028277
0.3,F4_max,0.052878,0.1313,ACT,0.052878,0.024601,0.052878,1,0.028277
0.3,F4_max,0.052878,0.1323,ACT,0.052878,0.024601,0.052878,1,0.028277
0.3,F4_max,0.052878,0.1333,ACT,0.052878,0.024601,0.052878,1,0.028277
0.3,F4_max,0.052878,0.1343,ACT,0.052878,0.024601,0.052878,1,0.028277
0.3,F4_max,0.052878,0.1353,ACT,0.052878,0.024601,0.052878,1,0.028277
0.3,F4_max,0.052878,0.1363,ACT,0.052878,0.024601,0.052878,1,0.028277
0.3,F4_max,0.052878,0.1373,ACT,0.052878,0.024601,0.052878,1,0.028277
0.3,F4_max,0.052878,0.1383,ACT,0.052878,0.024601,0.052878,1,0.028277
0.3,F4_max,0.052878,0.1393,ACT,0.052878,0.024601,0.052878,1,0.028277
0.3,F4_max,0.052878,0.1403,ACT,0.052878,0.024601,0.052878,1,0.028277
0.3,F4_max,0.052878,0.1413,ACT,0.052878,0.024601,0.052878,1,0.028277
0.3,F4_max,0.052878,0.1423,ACT,0.052878,0.024601,0.052878,1,0.028277
0.3,F4_max,0.052878,0.1433,ACT,0.052878,0.024601,0.052878,1,0.028277
0.3,F4_max,0.052878,0.1443,ACT,0.052878,0.024601,0.052878,1,0.028277
0.3,F4_max,0.052878,0.1453,ACT,0.052878,0.024601,0.052878,1,0.028277
0.3,F4_max,0.052878,0.1463,ACT,0.052878,0.024601,0.052878,1,0.028277
0.3,F4_max,0.052878,0.1473,ACT,0.052878,0.024601,0.052878,1,0.028277
0.3,F4_max,0.052878,0.1483,ACT,0.052878,0.024601,0.052878,1,0.028277
0.3,F4_max,0.052878,0.1493,ACT,0.052878,0.024601,0.052878,1,0.028277
0.3,F4_max,0.052878,0.1503,ACT,0.052878,0.024601,0.052878,1,0.028277
0.3,F4_max,0.052878,0.1513,ACT,0.052878,0.024601,0.052878,1,0.028277
0.3,F4_max,0.052878,0.1523,ACT,0.052878,0.024601,0.052878,1,0.028277
0.3,F4_max,0.052878,0.1533,ACT,0.052878,0.024601,0.052878,1,0.028277
0.3,F4_max,0.052878,0.1543,ACT,0.052878,0.024601,0.052878,1,0.028277
0.3,F4_max,0.052878,0.1553,ACT,0.052878,0.024601,0.052878,1,0.028277
0.3,F4_max,0.052878,0.1563,ACT,0.052878,0.024601,0.052878,1,0.028277
0.3,F4_max,0.052878,0.1573,ACT,0.052878,0.024601,0.052878,1,0.028277
0.3,F4_max,0.052878,0.1583,ACT,0.052878,0.024601,0.052878,1,0.028277
0.3,F4_max,0.052878,0.1593,ACT,0.052878,0.024601,0.052878,1,0.028277
0.3,F4_max,0.052878,0.1603,ACT,0.052878,0.024601,0.052878,1,0.028277
0.3,F4_max,0.052878,0.1613,ACT,0.052878,0.024601,0.052878,1,0.028277
0.3,F4_max,0.052878,0.1623,ACT,0.052878,0.024601,0.052878,1,0.028277
0.3,F4_max,0.052878,0.1633,ACT,0.052878,0.024601,0.052878,1,0.028277
0.3,F4_max,0.052878,0.1643,ACT,0.052878,0.024601,0.052878,1,0.028277
0.3,F4_max,0.052878,0.1653,ACT,0.052878,0.024601,0.052878,1,0.028277
0.3,F4_max,0.052878,0.1663,ACT,0.052878,0.024601,0.052878,1,0.028277
0.3,F4_max,0.052878,0.1673,ACT,0.052878,0.024601,0.052878,1,0.028277
0.3,F4_max,0.052878,0.1683,ACT,0.052878,0.024601,0.052878,1,0.028277
0.3,F4_max,0.052878,0.1693,ACT,0.052878,0.024601,0.052878,1,0.028277
0.3,F4_max,0.052878,0.1703,ACT,0.052878,0.024601,0.052878,1,0.028277
0.3,F4_max,0.052878,0.1713,ACT,0.052878,0.024601,0.052878,1,0.028277
0.3,F4_max,0.052878,0.1723,ACT,0.052878,0.024601,0.052878,1,0.028277
0.3,F4_max,0.052878,0.1733,ACT,0.052878,0.024601,0.052878,1,0.028277
0.3,F4_max,0.052878,0.1743,ACT,0.052878,0.024601,0.052878,1,0.028277
0.3,F4_max,0.052878,0.1754,ACT,0.052878,0.024601,0.052878,1,0.028277
0.3,F4_max,0.052878,0.1764,ACT,0.052878,0.024601,0.052878,1,0.028277
0.3,F4_max,0.052878,0.1774,ACT,0.052878,0.024601,0.052878,1,0.028277
0.3,F4_max,0.052878,0.1784,ACT,0.052878,0.024601,0.052878,1,0.028277
0.3,F4_max,0.052878,0.1794,ACT,0.052878,0.024601,0.052878,1,0.028277
0.3,F4_max,0.052878,0.1804,ACT,0.052878,0.024601,0.052878,1,0.028277
0.3,F4_max,0.052878,0.1814,ACT,0.052878,0.024601,0.052878,1,0.028277
0.3,F4_max,0.052878,0.1824,ACT,0.052878,0.024601,0.052878,1,0.028277
0.3,F4_max,0.052878,0.1834,ACT,0.052878,0.024601,0.052878,1,0.028277
0.3,F4_max,0.052878,0.1844,ACT,0.052878,0.024601,0.052878,1,0.028277
0.3,F4_max,0.052878,0.1854,ACT,0.052878,0.024601,0.052878,1,0.028277
0.3,F4_max,0.052878,0.1864,ACT,0.052878,0.024601,0.052878,1,0.028277
0.3,F4_max,0.052878,0.1874,ACT,0.052878,0.024601,0.052878,1,0.028277
0.3,F4_max,0.052878,0.1884,ACT,0.052878,0.024601,0.052878,1,0.028277
0.3,F4_max,0.052878,0.1894,ACT,0.052878,0.024601,0.052878,1,0.028277
0.3,F4_max,0.052878,0.1904,ACT,0.052878,0.024601,0.052878,1,0.028277
0.3,F4_max,0.052878,0.1914,ACT,0.052878,0.024601,0.052878,1,0.028277
0.3,F4_max,0.052878,0.1924,ACT,0.052878,0.024601,0.052878,1,0.028277
0.3,F4_max,0.052878,0.1934,ACT,0.052878,0.024601,0.052878,1,0.028277
0.3,F4_max,0.052878,0.1944,ACT,0.052878,0.024601,0.052878,1,0.028277
0.3,F4_max,0.052878,0.1954,ACT,0.052878,0.024601,0.052878,1,0.028277
0.3,F4_max,0.052878,0.1964,ACT,0.052878,0.024601,0.052878,1,0.028277
0.3,F4_max,0.052878,0.1974,ACT,0.052878,0.024601,0.052878,1,0.028277
0.3,F4_max,0.052878,0.1984,ACT,0.052878,0.024601,0.052878,1,0.028277
0.3,F4_max,0.052878,0.1994,ACT,0.052878,0.024601,0.052878,1,0.028277
0.3,F4_max,0.052878,0.2004,ACT,0.052878,0.024601,0.052878,1,0.028277
0.3,F4_max,0.052878,0.2014,ACT,0.052878,0.024601,0.052878,1,0.028277
0.3,F4_max,0.052878,0.2024,ACT,0.052878,0.024601,0.052878,1,0.028277
0.3,F4_max,0.052878,0.2034,ACT,0.052878,0.024601,0.052878,1,0.028277
0.3,F4_max,0.052878,0.2044,ACT,0.052878,0.024601,0.052878,1,0.028277
0.3,F4_max,0.052878,0.2054,ACT,0.052878,0.024601,0.052878,1,0.028277
0.3,F4_max,0.052878,0.2064,ACT,0.052878,0.024601,0.052878,1,0.028277
0.3,F4_max,0.052878,0.2074,ACT,0.052878,0.024601,0.052878,1,0.028277
0.3,F4_max,0.052878,0.2084,ACT,0.052878,0.024601,0.052878,1,0.028277
0.3,F4_max,0.052878,0.2094,ACT,0.052878,0.024601,0.052878,1,0.028277
0.3,F4_max,0.052878,0.2104,ACT,0.052878,0.024601,0.052878,1,0.028277
0.3,F4_max,0.052878,0.2114,ACT,0.052878,0.024601,0.052878,1,0.028277
0.3,F4_max,0.052878,0.2124,ACT,0.052878,0.024601,0.052878,1,0.028277
0.3,F4_max,0.052878,0.2134,ACT,0.052878,0.024601,0.052878,1,0.028277
0.3,F4_max,0.052878,0.2144,ACT,0.052878,0.024601,0.052878,1,0.028277
0.3,F4_max,0.052878,0.2154,ACT,0.052878,0.024601,0.052878,1,0.028277
0.3,F4_max,0.052878,0.2164,ACT,0.052878,0.024601,0.052878,1,0.028277
0.3,F4_max,0.052878,0.2174,ACT,0.052878,0.024601,0.052878,1,0.028277
0.3,F4_max,0.052878,0.2184,ACT,0.052878,0.024601,0.052878,1,0.028277
0.3,F4_max,0.052878,0.2194,ACT,0.052878,0.024601,0.052878,1,0.028277
0.3,F4_max,0.052878,0.2204,ACT,0.052878,0.024601,0.052878,1,0.028277
0.3,F4_max,0.052878,0.2214,ACT,0.052878,0.024601,0.052878,1,0.028277
0.3,F4_max,0.052878,0.2224,ACT,0.052878,0.024601,0.052878,1,0.028277
0.3,F4_max,0.052878,0.2234,ACT,0.052878,0.024601,0.052878,1,0.028277
0.3,F4_max,0.052878,0.2244,ACT,0.052878,0.024601,0.052878,1,0.028277
0.3,F4_max,0.052878,0.2255,ACT,0.052878,0.024601,0.052878,1,0.028277
0.3,F4_max,0.052878,0.2265,ACT,0.052878,0.024601,0.052878,1,0.028277
0.3,F4_max,0.052878,0.2275,ACT,0.052878,0.024601,0.052878,1,0.028277
0.3,F4_max,0.052878,0.2285,ACT,0.052878,0.024601,0.052878,1,0.028277
0.3,F4_max,0.052878,0.2295,ACT,0.052878,0.024601,0.052878,1,0.028277
0.3,F4_max,0.052878,0.2305,ACT,0.052878,0.024601,0.052878,1,0.028277
0.3,F4_max,0.052878,0.2315,ACT,0.052878,0.024601,0.052878,1,0.028277
0.3,F4_max,0.052878,0.2325,ACT,0.052878,0.024601,0.052878,1,0.028277
0.3,F4_max,0.052878,0.2335,ACT,0.052878,0.024601,0.052878,1,0.028277
0.3,F4_max,0.052878,0.2345,ACT,0.052878,0.024601,0.052878,1,0.028277
0.3,F4_max,0.052878,0.2355,ACT,0.052878,0.024601,0.052878,1,0.028277
0.3,F4_max,0.052878,0.2365,ACT,0.052878,0.024601,0.052878,1,0.028277
0.3,F4_max,0.052878,0.2375,ACT,0.052878,0.024601,0.052878,1,0.028277
0.3,F4_max,0.052878,0.2385,ACT,0.052878,0.024601,0.052878,1,0.028277
0.3,F4_max,0.052878,0.2395,ACT,0.052878,0.024601,0.052878,1,0.028277
0.3,F4_max,0.052878,0.2405,ACT,0.052878,0.024601,0.052878,1,0.028277
0.3,F4_max,0.052878,0.2415,ACT,0.052878,0.024601,0.052878,1,0.028277
0.3,F4_max,0.052878,0.2425,ACT,0.052878,0.024601,0.052878,1,0.028277
0.3,F4_max,0.052878,0.2435,ACT,0.052878,0.024601,0.052878,1,0.028277
0.3,F4_max,0.052878,0.2445,ACT,0.052878,0.024601,0.052878,1,0.028277
0.3,F4_max,0.052878,0.2455,ACT,0.052878,0.024601,0.052878,1,0.028277
0.3,F4_max,0.052878,0.2465,ACT,0.052878,0.024601,0.052878,1,0.028277
0.3,F4_max,0.052878,0.2475,ACT,0.052878,0.024601,0.052878,1,0.028277
0.3,F4_max,0.052878,0.2485,ACT,0.052878,0.024601,0.052878,1,0.028277
0.3,F4_max,0.052878,0.2495,ACT,0.052878,0.024601,0.052878,1,0.028277
0.3,F4_max,0.052878,0.2505,ACT,0.052878,0.024601,0.052878,1,0.028277
0.3,F4_max,0.052878,0.2515,ACT,0.052878,0.024601,0.052878,1,0.028277
0.3,F4_max,0.052878,0.2525,ACT,0.052878,0.024601,0.052878,1,0.028277
0.3,F4_max,0.052878,0.2535,ACT,0.052878,0.024601,0.052878,1,0.028277
0.3,F4_max,0.052878,0.2545,ACT,0.052878,0.024601,0.052878,1,0.028277
0.3,F4_max,0.052878,0.2555,ACT,0.052878,0.024601,0.052878,1,0.028277
0.3,F4_max,0.052878,0.2565,ACT,0.052878,0.024601,0.052878,1,0.028277
0.3,F4_max,0.052878,0.2575,ACT,0.052878,0.024601,0.052878,1,0.028277
0.3,F4_max,0.052878,0.2585,ACT,0.052878,0.024601,0.052878,1,0.028277
0.3,F4_max,0.052878,0.2595,ACT,0.052878,0.024601,0.052878,1,0.028277
0.3,F4_max,0.052878,0.2605,ACT,0.052878,0.024601,0.052878,1,0.028277
0.3,F4_max,0.052878,0.2615,ACT,0.052878,0.024601,0.052878,1,0.028277
0.3,F4_max,0.052878,0.2625,ACT,0.052878,0.024601,0.052878,1,0.028277
0.3,F4_max,0.052878,0.2635,ACT,0.052878,0.024601,0.052878,1,0.028277
0.3,F4_max,0.052878,0.2645,ACT,0.052878,0.024601,0.052878,1,0.028277
0.3,F4_max,0.052878,0.2655,ACT,0.052878,0.024601,0.052878,1,0.028277
0.3,F4_max,0.052878,0.2665,ACT,0.052878,0.024601,0.052878,1,0.028277
0.3,F4_max,0.052878,0.2675,ACT,0.052878,0.024601,0.052878,1,0.028277
0.3,F4_max,0.052878,0.2685,ACT,0.052878,0.024601,0.052878,1,0.028277
0.3,F4_max,0.052878,0.2695,ACT,0.052878,0.024601,0.052878,1,0.028277
0.3,F4_max,0.052878,0.2705,ACT,0.052878,0.024601,0.052878,1,0.028277
0.3,F4_max,0.052878,0.2715,ACT,0.052878,0.024601,0.052878,1,0.028277
0.3,F4_max,0.052878,0.2725,ACT,0.052878,0.024601,0.052878,1,0.028277
0.3,F4_max,0.052878,0.2735,ACT,0.052878,0.024601,0.052878,1,0.028277
0.3,F4_max,0.052878,0.2745,ACT,0.052878,0.024601,0.052878,1,0.028277
0.3,F4_max,0.052878,0.2756,ACT,0.052878,0.024601,0.052878,1,0.028277
0.3,F4_max,0.052878,0.2766,ACT,0.052878,0.024601,0.052878,1,0.028277
0.3,F4_max,0.052878,0.2776,ACT,0.052878,0.024601,0.052878,1,0.028277
0.3,F4_max,0.052878,0.2786,ACT,0.052878,0.024601,0.052878,1,0.028277
0.3,F4_max,0.052878,0.2796,ACT,0.052878,0.024601,0.052878,1,0.028277
0.3,F4_max,0.052878,0.2806,ACT,0.052878,0.024601,0.052878,1,0.028277
0.3,F4_max,0.052878,0.2816,ACT,0.052878,0.024601,0.052878,1,0.028277
0.3,F4_max,0.052878,0.2826,ACT,0.052878,0.024601,0.052878,1,0.028277
0.3,F4_max,0.052878,0.2836,ACT,0.052878,0.024601,0.052878,1,0.028277
0.3,F4_max,0.052878,0.2846,ACT,0.052878,0.024601,0.052878,1,0.028277
0.3,F4_max,0.052878,0.2856,ACT,0.052878,0.024601,0.052878,1,0.028277
0.3,F4_max,0.052878,0.2866,ACT,0.052878,0.024601,0.052878,1,0.028277
0.3,F4_max,0.052878,0.2876,ACT,0.052878,0.024601,0.052878,1,0.028277
0.3,F4_max,0.052878,0.2886,ACT,0.052878,0.024601,0.052878,1,0.028277
0.3,F4_max,0.052878,0.2896,ACT,0.052878,0.024601,0.052878,1,0.028277
0.3,F4_max,0.052878,0.2906,ACT,0.052878,0.024601,0.052878,1,0.028277
0.3,F4_max,0.052878,0.2916,ACT,0.052878,0.024601,0.052878,1,0.028277
0.3,F4_max,0.052878,0.2926,ACT,0.052878,0.024601,0.052878,1,0.028277
0.3,F4_max,0.052878,0.2936,ACT,0.052878,0.024601,0.052878,1,0.028277
0.3,F4_max,0.052878,0.2946,ACT,0.052878,0.024601,0.052878,1,0.028277
0.3,F4_max,0.052878,0.2956,ACT,0.052878,0.024601,0.052878,1,0.028277
0.3,F4_max,0.052878,0.2966,ACT,0.052878,0.024601,0.052878,1,0.028277
0.3,F4_max,0.052878,0.2976,ACT,0.052878,0.024601,0.052878,1,0.028277
0.3,F4_max,0.052878,0.2986,ACT,0.052878,0.024601,0.052878,1,0.028277
0.3,F4_max,0.052878,0.2996,ACT,0.052878,0.024601,0.052878,1,0.028277
0.3,F4_max,0.052878,0.3006,ACT,0.052878,0.024601,0.052878,1,0.028277
0.3,F4_max,0.052878,0.3016,ACT,0.052878,0.024601,0.052878,1,0.028277
0.3,F4_max,0.052878,0.3026,ACT,0.052878,0.024601,0.052878,1,0.028277
0.3,F4_max,0.052878,0.3036,ACT,0.052878,0.024601,0.052878,1,0.028277
0.3,F4_max,0.052878,0.3046,ACT,0.052878,0.024601,0.052878,1,0.028277
0.3,F4_max,0.052878,0.3056,ACT,0.052878,0.024601,0.052878,1,0.028277
0.3,F4_max,0.052878,0.3066,ACT,0.052878,0.024601,0.052878,1,0.028277
0.3,F4_max,0.052878,0.3076,ACT,0.052878,0.024601,0.052878,1,0.028277
0.3,F4_max,0.052878,0.3086,ACT,0.052878,0.024601,0.052878,1,0.028277
0.3,F4_max,0.052878,0.3096,ACT,0.052878,0.024601,0.052878,1,0.028277
0.3,F4_max,0.052878,0.3106,ACT,0.052878,0.024601,0.052878,1,0.028277
0.3,F4_max,0.052878,0.3116,ACT,0.052878,0.024601,0.052878,1,0.028277
0.3,F4_max,0.052878,0.3126,ACT,0.052878,0.024601,0.052878,1,0.028277
0.3,F4_max,0.052878,0.3136,ACT,0.052878,0.024601,0.052878,1,0.028277
0.3,F4_max,0.052878,0.3146,ACT,0.052878,0.024601,0.052878,1,0.028277
0.3,F4_max,0.052878,0.3156,ACT,0.052878,0.024601,0.052878,1,0.028277
0.3,F4_max,0.052878,0.3166,ACT,0.052878,0.024601,0.052878,1,0.028277
0.3,F4_max,0.052878,0.3176,ACT,0.052878,0.024601,0.052878,1,0.028277
0.3,F4_max,0.052878,0.3186,ACT,0.052878,0.024601,0.052878,1,0.028277
0.3,F4_max,0.052878,0.3196,ACT,0.052878,0.024601,0.052878,1,0.028277
0.3,F4_max,0.052878,0.3206,ACT,0.052878,0.024601,0.052878,1,0.028277
0.3,F4_max,0.052878,0.3216,ACT,0.052878,0.024601,0.052878,1,0.028277
0.3,F4_max,0.052878,0.3226,ACT,0.052878,0.024601,0.052878,1,0.028277
0.3,F4_max,0.052878,0.3236,ACT,0.052878,0.024601,0.052878,1,0.028277
0.3,F4_max,0.052878,0.3246,ACT,0.052878,0.024601,0.052878,1,0.028277
0.3,F4_max,0.052878,0.3257,ACT,0.052878,0.024601,0.052878,1,0.028277
0.3,F4_max,0.052878,0.3267,ACT,0.052878,0.024601,0.052878,1,0.028277
0.3,F4_max,0.052878,0.3277,ACT,0.052878,0.024601,0.052878,1,0.028277
0.3,F4_max,0.052878,0.3287,ACT,0.052878,0.024601,0.052878,1,0.028277
0.3,F4_max,0.052878,0.3297,ACT,0.052878,0.024601,0.052878,1,0.028277
0.3,F4_max,0.052878,0.3307,ACT,0.052878,0.024601,0.052878,1,0.028277
0.3,F4_max,0.052878,0.3317,ACT,0.052878,0.024601,0.052878,1,0.028277
0.3,F4_max,0.052878,0.3327,ACT,0.052878,0.024601,0.052878,1,0.028277
0.3,F4_max,0.052878,0.3337,ACT,0.052878,0.024601,0.052878,1,0.028277
0.3,F4_max,0.052878,0.3347,ACT,0.052878,0.024601,0.052878,1,0.028277
0.3,F4_max,0.052878,0.3357,ACT,0.052878,0.024601,0.052878,1,0.028277
0.3,F4_max,0.052878,0.3367,ACT,0.052878,0.024601,0.052878,1,0.028277
0.3,F4_max,0.052878,0.3377,ACT,0.052878,0.024601,0.052878,1,0.028277
0.3,F4_max,0.052878,0.3387,ACT,0.052878,0.024601,0.052878,1,0.028277
0.3,F4_max,0.052878,0.3397,ACT,0.052878,0.024601,0.052878,1,0.028277
0.3,F4_max,0.052878,0.3407,ACT,0.052878,0.024601,0.052878,1,0.028277
0.3,F4_max,0.052878,0.3417,ACT,0.052878,0.024601,0.052878,1,0.028277
0.3,F4_max,0.052878,0.3427,ACT,0.052878,0.024601,0.052878,1,0.028277
0.3,F4_max,0.052878,0.3437,ACT,0.052878,0.024601,0.052878,1,0.028277
0.3,F4_max,0.052878,0.3447,ACT,0.052878,0.024601,0.052878,1,0.028277
0.3,F4_max,0.052878,0.3457,ACT,0.052878,0.024601,0.052878,1,0.028277
0.3,F4_max,0.052878,0.3467,ACT,0.052878,0.024601,0.052878,1,0.028277
0.3,F4_max,0.052878,0.3477,ACT,0.052878,0.024601,0.052878,1,0.028277
0.3,F4_max,0.052878,0.3487,ACT,0.052878,0.024601,0.052878,1,0.028277
0.3,F4_max,0.052878,0.3497,ACT,0.052878,0.024601,0.052878,1,0.028277
0.3,F4_max,0.052878,0.3507,ACT,0.052878,0.024601,0.052878,1,0.028277
0.3,F4_max,0.052878,0.3517,ACT,0.052878,0.024601,0.052878,1,0.028277
0.3,F4_max,0.052878,0.3527,ACT,0.052878,0.024601,0.052878,1,0.028277
0.3,F4_max,0.052878,0.3537,ACT,0.052878,0.024601,0.052878,1,0.028277
0.3,F4_max,0.052878,0.3547,ACT,0.052878,0.024601,0.052878,1,0.028277
0.3,F4_max,0.052878,0.3557,ACT,0.052878,0.024601,0.052878,1,0.028277
0.3,F4_max,0.052878,0.3567,ACT,0.052878,0.024601,0.052878,1,0.028277
0.3,F4_max,0.052878,0.3577,ACT,0.052878,0.024601,0.052878,1,0.028277
0.3,F4_max,0.052878,0.3587,ACT,0.052878,0.024601,0.052878,1,0.028277
0.3,F4_max,0.052878,0.3597,ACT,0.052878,0.024601,0.052878,1,0.028277
0.3,F4_max,0.052878,0.3607,ACT,0.052878,0.024601,0.052878,1,0.028277
0.3,F4_max,0.052878,0.3617,ACT,0.052878,0.024601,0.052878,1,0.028277
0.3,F4_max,0.052878,0.3627,ACT,0.052878,0.024601,0.052878,1,0.028277
0.3,F4_max,0.052878,0.3637,ACT,0.052878,0.024601,0.052878,1,0.028277
0.3,F4_max,0.052878,0.3647,ACT,0.052878,0.024601,0.052878,1,0.028277
0.3,F4_max,0.052878,0.3657,ACT,0.052878,0.024601,0.052878,1,0.028277
0.3,F4_max,0.052878,0.3667,ACT,0.052878,0.024601,0.052878,1,0.028277
0.3,F4_max,0.052878,0.3677,ACT,0.052878,0.024601,0.052878,1,0.028277
0.3,F4_max,0.052878,0.3687,ACT,0.052878,0.024601,0.052878,1,0.028277
0.3,F4_max,0.052878,0.3697,ACT,0.052878,0.024601,0.052878,1,0.028277
0.3,F4_max,0.052878,0.3707,ACT,0.052878,0.024601,0.052878,1,0.028277
0.3,F4_max,0.052878,0.3717,ACT,0.052878,0.024601,0.052878,1,0.028277
0.3,F4_max,0.052878,0.3727,ACT,0.052878,0.024601,0.052878,1,0.028277
0.3,F4_max,0.052878,0.3737,ACT,0.052878,0.024601,0.052878,1,0.028277
0.3,F4_max,0.052878,0.3747,ACT,0.052878,0.024601,0.052878,1,0.028277
0.3,F4_max,0.052878,0.3758,ACT,0.052878,0.024601,0.052878,1,0.028277
0.3,F4_max,0.052878,0.3768,ACT,0.052878,0.024601,0.052878,1,0.028277
0.3,F4_max,0.052878,0.3778,ACT,0.052878,0.024601,0.052878,1,0.028277
0.3,F4_max,0.052878,0.3788,ACT,0.052878,0.024601,0.052878,1,0.028277
0.3,F4_max,0.052878,0.3798,ACT,0.052878,0.024601,0.052878,1,0.028277
0.3,F4_max,0.052878,0.3808,ACT,0.052878,0.024601,0.052878,1,0.028277
0.3,F4_max,0.052878,0.3818,ACT,0.052878,0.024601,0.052878,1,0.028277
0.3,F4_max,0.052878,0.3828,ACT,0.052878,0.024601,0.052878,1,0.028277
0.3,F4_max,0.052878,0.3838,ACT,0.052878,0.024601,0.052878,1,0.028277
0.3,F4_max,0.052878,0.3848,ACT,0.052878,0.024601,0.052878,1,0.028277
0.3,F4_max,0.052878,0.3858,ACT,0.052878,0.024601,0.052878,1,0.028277
0.3,F4_max,0.052878,0.3868,ACT,0.052878,0.024601,0.052878,1,0.028277
0.3,F4_max,0.052878,0.3878,ACT,0.052878,0.024601,0.052878,1,0.028277
0.3,F4_max,0.052878,0.3888,ACT,0.052878,0.024601,0.052878,1,0.028277
0.3,F4_max,0.052878,0.3898,ACT,0.052878,0.024601,0.052878,1,0.028277
0.3,F4_max,0.052878,0.3908,ACT,0.052878,0.024601,0.052878,1,0.028277
0.3,F4_max,0.052878,0.3918,ACT,0.052878,0.024601,0.052878,1,0.028277
0.3,F4_max,0.052878,0.3928,ACT,0.052878,0.024601,0.052878,1,0.028277
0.3,F4_max,0.052878,0.3938,ACT,0.052878,0.024601,0.052878,1,0.028277
0.3,F4_max,0.052878,0.3948,ACT,0.052878,0.024601,0.052878,1,0.028277
0.3,F4_max,0.052878,0.3958,ACT,0.052878,0.024601,0.052878,1,0.028277
0.3,F4_max,0.052878,0.3968,ACT,0.052878,0.024601,0.052878,1,0.028277
0.3,F4_max,0.052878,0.3978,ACT,0.052878,0.024601,0.052878,1,0.028277
0.3,F4_max,0.052878,0.3988,ACT,0.052878,0.024601,0.052878,1,0.028277
0.3,F4_max,0.052878,0.3998,ACT,0.052878,0.024601,0.052878,1,0.028277
0.3,F4_max,0.052878,0.4008,ACT,0.052878,0.024601,0.052878,1,0.028277
0.3,F4_max,0.052878,0.4018,ACT,0.052878,0.024601,0.052878,1,0.028277
0.3,F4_max,0.052878,0.4028,ACT,0.052878,0.024601,0.052878,1,0.028277
0.3,F4_max,0.052878,0.4038,ACT,0.052878,0.024601,0.052878,1,0.028277
0.3,F4_max,0.052878,0.4048,ACT,0.052878,0.024601,0.052878,1,0.028277
0.3,F4_max,0.052878,0.4058,ACT,0.052878,0.024601,0.052878,1,0.028277
0.3,F4_max,0.052878,0.4068,ACT,0.052878,0.024601,0.052878,1,0.028277
0.3,F4_max,0.052878,0.4078,ACT,0.052878,0.024601,0.052878,1,0.028277
0.3,F4_max,0.052878,0.4088,ACT,0.052878,0.024601,0.052878,1,0.028277
0.3,F4_max,0.052878,0.4098,ACT,0.052878,0.024601,0.052878,1,0.028277
0.3,F4_max,0.052878,0.4108,ACT,0.052878,0.024601,0.052878,1,0.028277
0.3,F4_max,0.052878,0.4118,ACT,0.052878,0.024601,0.052878,1,0.028277
0.3,F4_max,0.052878,0.4128,ACT,0.052878,0.024601,0.052878,1,0.028277
0.3,F4_max,0.052878,0.4138,ACT,0.052878,0.024601,0.052878,1,0.028277
0.3,F4_max,0.052878,0.4148,ACT,0.052878,0.024601,0.052878,1,0.028277
0.3,F4_max,0.052878,0.4158,ACT,0.052878,0.024601,0.052878,1,0.028277
0.3,F4_max,0.052878,0.4168,ACT,0.052878,0.024601,0.052878,1,0.028277
0.3,F4_max,0.052878,0.4178,ACT,0.052878,0.024601,0.052878,1,0.028277
0.3,F4_max,0.052878,0.4188,ACT,0.052878,0.024601,0.052878,1,0.028277
0.3,F4_max,0.052878,0.4198,ACT,0.052878,0.024601,0.052878,1,0.028277
0.3,F4_max,0.052878,0.4208,ACT,0.052878,0.024601,0.052878,1,0.028277
0.3,F4_max,0.052878,0.4218,ACT,0.052878,0.024601,0.052878,1,0.028277
0.3,F4_max,0.052878,0.4228,ACT,0.052878,0.024601,0.052878,1,0.028277
0.3,F4_max,0.052878,0.4238,ACT,0.052878,0.024601,0.052878,1,0.028277
0.3,F4_max,0.052878,0.4248,ACT,0.052878,0.024601,0.052878,1,0.028277
0.3,F4_max,0.052878,0.4259,ACT,0.052878,0.024601,0.052878,1,0.028277
0.3,F4_max,0.052878,0.4269,ACT,0.052878,0.024601,0.052878,1,0.028277
0.3,F4_max,0.052878,0.4279,ACT,0.052878,0.024601,0.052878,1,0.028277
0.3,F4_max,0.052878,0.4289,ACT,0.052878,0.024601,0.052878,1,0.028277
0.3,F4_max,0.052878,0.4299,ACT,0.052878,0.024601,0.052878,1,0.028277
0.3,F4_max,0.052878,0.4309,ACT,0.052878,0.024601,0.052878,1,0.028277
0.3,F4_max,0.052878,0.4319,ACT,0.052878,0.024601,0.052878,1,0.028277
0.3,F4_max,0.052878,0.4329,ACT,0.052878,0.024601,0.052878,1,0.028277
0.3,F4_max,0.052878,0.4339,ACT,0.052878,0.024601,0.052878,1,0.028277
0.3,F4_max,0.052878,0.4349,ACT,0.052878,0.024601,0.052878,1,0.028277
0.3,F4_max,0.052878,0.4359,ACT,0.052878,0.024601,0.052878,1,0.028277
0.3,F4_max,0.052878,0.4369,ACT,0.052878,0.024601,0.052878,1,0.028277
0.3,F4_max,0.052878,0.4379,ACT,0.052878,0.024601,0.052878,1,0.028277
0.3,F4_max,0.052878,0.4389,ACT,0.052878,0.024601,0.052878,1,0.028277
0.3,F4_max,0.052878,0.4399,ACT,0.052878,0.024601,0.052878,1,0.028277
0.3,F4_max,0.052878,0.4409,ACT,0.052878,0.024601,0.052878,1,0.028277
0.3,F4_max,0.052878,0.4419,ACT,0.052878,0.024601,0.052878,1,0.028277
0.3,F4_max,0.052878,0.4429,ACT,0.052878,0.024601,0.052878,1,0.028277
0.3,F4_max,0.052878,0.4439,ACT,0.052878,0.024601,0.052878,1,0.028277
0.3,F4_max,0.052878,0.4449,ACT,0.052878,0.024601,0.052878,1,0.028277
0.3,F4_max,0.052878,0.4459,ACT,0.052878,0.024601,0.052878,1,0.028277
0.3,F4_max,0.052878,0.4469,ACT,0.052878,0.024601,0.052878,1,0.028277
0.3,F4_max,0.052878,0.4479,ACT,0.052878,0.024601,0.052878,1,0.028277
0.3,F4_max,0.052878,0.4489,ACT,0.052878,0.024601,0.052878,1,0.028277
0.3,F4_max,0.052878,0.4499,ACT,0.052878,0.024601,0.052878,1,0.028277
0.3,F4_max,0.052878,0.4509,ACT,0.052878,0.024601,0.052878,1,0.028277
0.3,F4_max,0.052878,0.4519,ACT,0.052878,0.024601,0.052878,1,0.028277
0.3,F4_max,0.052878,0.4529,ACT,0.052878,0.024601,0.052878,1,0.028277
0.3,F4_max,0.052878,0.4539,ACT,0.052878,0.024601,0.052878,1,0.028277
0.3,F4_max,0.052878,0.4549,ACT,0.052878,0.024601,0.052878,1,0.028277
0.3,F4_max,0.052878,0.4559,ACT,0.052878,0.024601,0.052878,1,0.028277
0.3,F4_max,0.052878,0.4569,ACT,0.052878,0.024601,0.052878,1,0.028277
0.3,F4_max,0.052878,0.4579,ACT,0.052878,0.024601,0.052878,1,0.028277
0.3,F4_max,0.052878,0.4589,ACT,0.052878,0.024601,0.052878,1,0.028277
0.3,F4_max,0.052878,0.4599,ACT,0.052878,0.024601,0.052878,1,0.028277
0.3,F4_max,0.052878,0.4609,ACT,0.052878,0.024601,0.052878,1,0.028277
0.3,F4_max,0.052878,0.4619,ACT,0.052878,0.024601,0.052878,1,0.028277
0.3,F4_max,0.052878,0.4629,ACT,0.052878,0.024601,0.052878,1,0.028277
0.3,F4_max,0.052878,0.4639,ACT,0.052878,0.024601,0.052878,1,0.028277
0.3,F4_max,0.052878,0.4649,ACT,0.052878,0.024601,0.052878,1,0.028277
0.3,F4_max,0.052878,0.4659,ACT,0.052878,0.024601,0.052878,1,0.028277
0.3,F4_max,0.052878,0.4669,ACT,0.052878,0.024601,0.052878,1,0.028277
0.3,F4_max,0.052878,0.4679,ACT,0.052878,0.024601,0.052878,1,0.028277
0.3,F4_max,0.052878,0.4689,ACT,0.052878,0.024601,0.052878,1,0.028277
0.3,F4_max,0.052878,0.4699,ACT,0.052878,0.024601,0.052878,1,0.028277
0.3,F4_max,0.052878,0.4709,ACT,0.052878,0.024601,0.052878,1,0.028277
0.3,F4_max,0.052878,0.4719,ACT,0.052878,0.024601,0.052878,1,0.028277
0.3,F4_max,0.052878,0.4729,ACT,0.052878,0.024601,0.052878,1,0.028277
0.3,F4_max,0.052878,0.4739,ACT,0.052878,0.024601,0.052878,1,0.028277
0.3,F4_max,0.052878,0.4749,ACT,0.052878,0.024601,0.052878,1,0.028277
0.3,F4_max,0.052878,0.476,ACT,0.052878,0.024601,0.052878,1,0.028277
0.3,F4_max,0.052878,0.477,ACT,0.052878,0.024601,0.052878,1,0.028277
0.3,F4_max,0.052878,0.478,ACT,0.052878,0.024601,0.052878,1,0.028277
0.3,F4_max,0.052878,0.479,ACT,0.052878,0.024601,0.052878,1,0.028277
0.3,F4_max,0.052878,0.48,ACT,0.052878,0.024601,0.052878,1,0.028277
0.3,F4_max,0.052878,0.481,ACT,0.052878,0.024601,0.052878,1,0.028277
0.3,F4_max,0.052878,0.482,ACT,0.052878,0.024601,0.052878,1,0.028277
0.3,F4_max,0.052878,0.483,ACT,0.052878,0.024601,0.052878,1,0.028277
0.3,F4_max,0.052878,0.484,ACT,0.052878,0.024601,0.052878,1,0.028277
0.3,F4_max,0.052878,0.485,ACT,0.052878,0.024601,0.052878,1,0.028277
0.3,F4_max,0.052878,0.486,ACT,0.052878,0.024601,0.052878,1,0.028277
0.3,F4_max,0.052878,0.487,ACT,0.052878,0.024601,0.052878,1,0.028277
0.3,F4_max,0.052878,0.488,ACT,0.052878,0.024601,0.052878,1,0.028277
0.3,F4_max,0.052878,0.489,ACT,0.052878,0.024601,0.052878,1,0.028277
0.3,F4_max,0.052878,0.49,ACT,0.052878,0.024601,0.052878,1,0.028277
0.3,F4_max,0.052878,0.491,ACT,0.052878,0.024601,0.052878,1,0.028277
0.3,F4_max,0.052878,0.492,ACT,0.052878,0.024601,0.052878,1,0.028277
0.3,F4_max,0.052878,0.493,ACT,0.052878,0.024601,0.052878,1,0.028277
0.3,F4_max,0.052878,0.494,ACT,0.052878,0.024601,0.052878,1,0.028277
0.3,F4_max,0.052878,0.495,ACT,0.052878,0.024601,0.052878,1,0.028277
0.3,F4_max,0.052878,0.496,ACT,0.052878,0.024601,0.052878,1,0.028277
0.3,F4_max,0.052878,0.497,ACT,0.052878,0.024601,0.052878,1,0.028277
0.3,F4_max,0.052878,0.498,ACT,0.052878,0.024601,0.052878,1,0.028277
0.3,F4_max,0.052878,0.499,ACT,0.052878,0.024601,0.052878,1,0.028277
0.3,F4_max,0.052878,0.5,ACT,0.052878,0.024601,0.052878,1,0.028277
0.4,F1_mean,0.115619,0.0,REFUSE,0.115619,0.115619,0.19789,1,0.082271
0.4,F1_mean,0.115619,0.001,REFUSE,0.115619,0.115619,0.19789,1,0.082271
0.4,F1_mean,0.115619,0.002,REFUSE,0.115619,0.115619,0.19789,1,0.082271
0.4,F1_mean,0.115619,0.003,REFUSE,0.115619,0.115619,0.19789,1,0.082271
0.4,F1_mean,0.115619,0.004,REFUSE,0.115619,0.115619,0.19789,1,0.082271
0.4,F1_mean,0.115619,0.005,REFUSE,0.115619,0.115619,0.19789,1,0.082271
0.4,F1_mean,0.115619,0.006,REFUSE,0.115619,0.115619,0.19789,1,0.082271
0.4,F1_mean,0.115619,0.007,REFUSE,0.115619,0.115619,0.19789,1,0.082271
0.4,F1_mean,0.115619,0.008,REFUSE,0.115619,0.115619,0.19789,1,0.082271
0.4,F1_mean,0.115619,0.009,REFUSE,0.115619,0.115619,0.19789,1,0.082271
0.4,F1_mean,0.115619,0.01,REFUSE,0.115619,0.115619,0.19789,1,0.082271
0.4,F1_mean,0.115619,0.011,REFUSE,0.115619,0.115619,0.19789,1,0.082271
0.4,F1_mean,0.115619,0.012,REFUSE,0.115619,0.115619,0.19789,1,0.082271
0.4,F1_mean,0.115619,0.013,REFUSE,0.115619,0.115619,0.19789,1,0.082271
0.4,F1_mean,0.115619,0.014,REFUSE,0.115619,0.115619,0.19789,1,0.082271
0.4,F1_mean,0.115619,0.015,REFUSE,0.115619,0.115619,0.19789,1,0.082271
0.4,F1_mean,0.115619,0.016,REFUSE,0.115619,0.115619,0.19789,1,0.082271
0.4,F1_mean,0.115619,0.017,REFUSE,0.115619,0.115619,0.19789,1,0.082271
0.4,F1_mean,0.115619,0.018,REFUSE,0.115619,0.115619,0.19789,1,0.082271
0.4,F1_mean,0.115619,0.019,REFUSE,0.115619,0.115619,0.19789,1,0.082271
0.4,F1_mean,0.115619,0.02,REFUSE,0.115619,0.115619,0.19789,1,0.082271
0.4,F1_mean,0.115619,0.021,REFUSE,0.115619,0.115619,0.19789,1,0.082271
0.4,F1_mean,0.115619,0.022,REFUSE,0.115619,0.115619,0.19789,1,0.082271
0.4,F1_mean,0.115619,0.023,REFUSE,0.115619,0.115619,0.19789,1,0.082271
0.4,F1_mean,0.115619,0.024,REFUSE,0.115619,0.115619,0.19789,1,0.082271
0.4,F1_mean,0.115619,0.0251,REFUSE,0.115619,0.115619,0.19789,1,0.082271
0.4,F1_mean,0.115619,0.0261,REFUSE,0.115619,0.115619,0.19789,1,0.082271
0.4,F1_mean,0.115619,0.0271,REFUSE,0.115619,0.115619,0.19789,1,0.082271
0.4,F1_mean,0.115619,0.0281,REFUSE,0.115619,0.115619,0.19789,1,0.082271
0.4,F1_mean,0.115619,0.0291,REFUSE,0.115619,0.115619,0.19789,1,0.082271
0.4,F1_mean,0.115619,0.0301,REFUSE,0.115619,0.115619,0.19789,1,0.082271
0.4,F1_mean,0.115619,0.0311,REFUSE,0.115619,0.115619,0.19789,1,0.082271
0.4,F1_mean,0.115619,0.0321,REFUSE,0.115619,0.115619,0.19789,1,0.082271
0.4,F1_mean,0.115619,0.0331,REFUSE,0.115619,0.115619,0.19789,1,0.082271
0.4,F1_mean,0.115619,0.0341,REFUSE,0.115619,0.115619,0.19789,1,0.082271
0.4,F1_mean,0.115619,0.0351,REFUSE,0.115619,0.115619,0.19789,1,0.082271
0.4,F1_mean,0.115619,0.0361,REFUSE,0.115619,0.115619,0.19789,1,0.082271
0.4,F1_mean,0.115619,0.0371,REFUSE,0.115619,0.115619,0.19789,1,0.082271
0.4,F1_mean,0.115619,0.0381,REFUSE,0.115619,0.115619,0.19789,1,0.082271
0.4,F1_mean,0.115619,0.0391,REFUSE,0.115619,0.115619,0.19789,1,0.082271
0.4,F1_mean,0.115619,0.0401,REFUSE,0.115619,0.115619,0.19789,1,0.082271
0.4,F1_mean,0.115619,0.0411,REFUSE,0.115619,0.115619,0.19789,1,0.082271
0.4,F1_mean,0.115619,0.0421,REFUSE,0.115619,0.115619,0.19789,1,0.082271
0.4,F1_mean,0.115619,0.0431,REFUSE,0.115619,0.115619,0.19789,1,0.082271
0.4,F1_mean,0.115619,0.0441,REFUSE,0.115619,0.115619,0.19789,1,0.082271
0.4,F1_mean,0.115619,0.0451,REFUSE,0.115619,0.115619,0.19789,1,0.082271
0.4,F1_mean,0.115619,0.0461,REFUSE,0.115619,0.115619,0.19789,1,0.082271
0.4,F1_mean,0.115619,0.0471,REFUSE,0.115619,0.115619,0.19789,1,0.082271
0.4,F1_mean,0.115619,0.0481,REFUSE,0.115619,0.115619,0.19789,1,0.082271
0.4,F1_mean,0.115619,0.0491,REFUSE,0.115619,0.115619,0.19789,1,0.082271
0.4,F1_mean,0.115619,0.0501,REFUSE,0.115619,0.115619,0.19789,1,0.082271
0.4,F1_mean,0.115619,0.0511,REFUSE,0.115619,0.115619,0.19789,1,0.082271
0.4,F1_mean,0.115619,0.0521,REFUSE,0.115619,0.115619,0.19789,1,0.082271
0.4,F1_mean,0.115619,0.0531,REFUSE,0.115619,0.115619,0.19789,1,0.082271
0.4,F1_mean,0.115619,0.0541,REFUSE,0.115619,0.115619,0.19789,1,0.082271
0.4,F1_mean,0.115619,0.0551,REFUSE,0.115619,0.115619,0.19789,1,0.082271
0.4,F1_mean,0.115619,0.0561,REFUSE,0.115619,0.115619,0.19789,1,0.082271
0.4,F1_mean,0.115619,0.0571,REFUSE,0.115619,0.115619,0.19789,1,0.082271
0.4,F1_mean,0.115619,0.0581,REFUSE,0.115619,0.115619,0.19789,1,0.082271
0.4,F1_mean,0.115619,0.0591,REFUSE,0.115619,0.115619,0.19789,1,0.082271
0.4,F1_mean,0.115619,0.0601,REFUSE,0.115619,0.115619,0.19789,1,0.082271
0.4,F1_mean,0.115619,0.0611,REFUSE,0.115619,0.115619,0.19789,1,0.082271
0.4,F1_mean,0.115619,0.0621,REFUSE,0.115619,0.115619,0.19789,1,0.082271
0.4,F1_mean,0.115619,0.0631,REFUSE,0.115619,0.115619,0.19789,1,0.082271
0.4,F1_mean,0.115619,0.0641,REFUSE,0.115619,0.115619,0.19789,1,0.082271
0.4,F1_mean,0.115619,0.0651,REFUSE,0.115619,0.115619,0.19789,1,0.082271
0.4,F1_mean,0.115619,0.0661,REFUSE,0.115619,0.115619,0.19789,1,0.082271
0.4,F1_mean,0.115619,0.0671,REFUSE,0.115619,0.115619,0.19789,1,0.082271
0.4,F1_mean,0.115619,0.0681,REFUSE,0.115619,0.115619,0.19789,1,0.082271
0.4,F1_mean,0.115619,0.0691,REFUSE,0.115619,0.115619,0.19789,1,0.082271
0.4,F1_mean,0.115619,0.0701,REFUSE,0.115619,0.115619,0.19789,1,0.082271
0.4,F1_mean,0.115619,0.0711,REFUSE,0.115619,0.115619,0.19789,1,0.082271
0.4,F1_mean,0.115619,0.0721,REFUSE,0.115619,0.115619,0.19789,1,0.082271
0.4,F1_mean,0.115619,0.0731,REFUSE,0.115619,0.115619,0.19789,1,0.082271
0.4,F1_mean,0.115619,0.0741,REFUSE,0.115619,0.115619,0.19789,1,0.082271
0.4,F1_mean,0.115619,0.0752,REFUSE,0.115619,0.115619,0.19789,1,0.082271
0.4,F1_mean,0.115619,0.0762,REFUSE,0.115619,0.115619,0.19789,1,0.082271
0.4,F1_mean,0.115619,0.0772,REFUSE,0.115619,0.115619,0.19789,1,0.082271
0.4,F1_mean,0.115619,0.0782,REFUSE,0.115619,0.115619,0.19789,1,0.082271
0.4,F1_mean,0.115619,0.0792,REFUSE,0.115619,0.115619,0.19789,1,0.082271
0.4,F1_mean,0.115619,0.0802,REFUSE,0.115619,0.115619,0.19789,1,0.082271
0.4,F1_mean,0.115619,0.0812,REFUSE,0.115619,0.115619,0.19789,1,0.082271
0.4,F1_mean,0.115619,0.0822,REFUSE,0.115619,0.115619,0.19789,1,0.082271
0.4,F1_mean,0.115619,0.0832,REFUSE,0.115619,0.115619,0.19789,1,0.082271
0.4,F1_mean,0.115619,0.0842,REFUSE,0.115619,0.115619,0.19789,1,0.082271
0.4,F1_mean,0.115619,0.0852,REFUSE,0.115619,0.115619,0.19789,1,0.082271
0.4,F1_mean,0.115619,0.0862,REFUSE,0.115619,0.115619,0.19789,1,0.082271
0.4,F1_mean,0.115619,0.0872,REFUSE,0.115619,0.115619,0.19789,1,0.082271
0.4,F1_mean,0.115619,0.0882,REFUSE,0.115619,0.115619,0.19789,1,0.082271
0.4,F1_mean,0.115619,0.0892,REFUSE,0.115619,0.115619,0.19789,1,0.082271
0.4,F1_mean,0.115619,0.0902,REFUSE,0.115619,0.115619,0.19789,1,0.082271
0.4,F1_mean,0.115619,0.0912,REFUSE,0.115619,0.115619,0.19789,1,0.082271
0.4,F1_mean,0.115619,0.0922,REFUSE,0.115619,0.115619,0.19789,1,0.082271
0.4,F1_mean,0.115619,0.0932,REFUSE,0.115619,0.115619,0.19789,1,0.082271
0.4,F1_mean,0.115619,0.0942,REFUSE,0.115619,0.115619,0.19789,1,0.082271
0.4,F1_mean,0.115619,0.0952,REFUSE,0.115619,0.115619,0.19789,1,0.082271
0.4,F1_mean,0.115619,0.0962,REFUSE,0.115619,0.115619,0.19789,1,0.082271
0.4,F1_mean,0.115619,0.0972,REFUSE,0.115619,0.115619,0.19789,1,0.082271
0.4,F1_mean,0.115619,0.0982,REFUSE,0.115619,0.115619,0.19789,1,0.082271
0.4,F1_mean,0.115619,0.0992,REFUSE,0.115619,0.115619,0.19789,1,0.082271
0.4,F1_mean,0.115619,0.1002,REFUSE,0.115619,0.115619,0.19789,1,0.082271
0.4,F1_mean,0.115619,0.1012,REFUSE,0.115619,0.115619,0.19789,1,0.082271
0.4,F1_mean,0.115619,0.1022,REFUSE,0.115619,0.115619,0.19789,1,0.082271
0.4,F1_mean,0.115619,0.1032,REFUSE,0.115619,0.115619,0.19789,1,0.082271
0.4,F1_mean,0.115619,0.1042,REFUSE,0.115619,0.115619,0.19789,1,0.082271
0.4,F1_mean,0.115619,0.1052,REFUSE,0.115619,0.115619,0.19789,1,0.082271
0.4,F1_mean,0.115619,0.1062,REFUSE,0.115619,0.115619,0.19789,1,0.082271
0.4,F1_mean,0.115619,0.1072,REFUSE,0.115619,0.115619,0.19789,1,0.082271
0.4,F1_mean,0.115619,0.1082,REFUSE,0.115619,0.115619,0.19789,1,0.082271
0.4,F1_mean,0.115619,0.1092,REFUSE,0.115619,0.115619,0.19789,1,0.082271
0.4,F1_mean,0.115619,0.1102,REFUSE,0.115619,0.115619,0.19789,1,0.082271
0.4,F1_mean,0.115619,0.1112,REFUSE,0.115619,0.115619,0.19789,1,0.082271
0.4,F1_mean,0.115619,0.1122,REFUSE,0.115619,0.115619,0.19789,1,0.082271
0.4,F1_mean,0.115619,0.1132,REFUSE,0.115619,0.115619,0.19789,1,0.082271
0.4,F1_mean,0.115619,0.1142,REFUSE,0.115619,0.115619,0.19789,1,0.082271
0.4,F1_mean,0.115619,0.1152,REFUSE,0.115619,0.115619,0.19789,1,0.082271
0.4,F1_mean,0.115619,0.1162,ACT,0.115619,0.115619,0.19789,1,0.082271
0.4,F1_mean,0.115619,0.1172,ACT,0.115619,0.115619,0.19789,1,0.082271
0.4,F1_mean,0.115619,0.1182,ACT,0.115619,0.115619,0.19789,1,0.082271
0.4,F1_mean,0.115619,0.1192,ACT,0.115619,0.115619,0.19789,1,0.082271
0.4,F1_mean,0.115619,0.1202,ACT,0.115619,0.115619,0.19789,1,0.082271
0.4,F1_mean,0.115619,0.1212,ACT,0.115619,0.115619,0.19789,1,0.082271
0.4,F1_mean,0.115619,0.1222,ACT,0.115619,0.115619,0.19789,1,0.082271
0.4,F1_mean,0.115619,0.1232,ACT,0.115619,0.115619,0.19789,1,0.082271
0.4,F1_mean,0.115619,0.1242,ACT,0.115619,0.115619,0.19789,1,0.082271
0.4,F1_mean,0.115619,0.1253,ACT,0.115619,0.115619,0.19789,1,0.082271
0.4,F1_mean,0.115619,0.1263,ACT,0.115619,0.115619,0.19789,1,0.082271
0.4,F1_mean,0.115619,0.1273,ACT,0.115619,0.115619,0.19789,1,0.082271
0.4,F1_mean,0.115619,0.1283,ACT,0.115619,0.115619,0.19789,1,0.082271
0.4,F1_mean,0.115619,0.1293,ACT,0.115619,0.115619,0.19789,1,0.082271
0.4,F1_mean,0.115619,0.1303,ACT,0.115619,0.115619,0.19789,1,0.082271
0.4,F1_mean,0.115619,0.1313,ACT,0.115619,0.115619,0.19789,1,0.082271
0.4,F1_mean,0.115619,0.1323,ACT,0.115619,0.115619,0.19789,1,0.082271
0.4,F1_mean,0.115619,0.1333,ACT,0.115619,0.115619,0.19789,1,0.082271
0.4,F1_mean,0.115619,0.1343,ACT,0.115619,0.115619,0.19789,1,0.082271
0.4,F1_mean,0.115619,0.1353,ACT,0.115619,0.115619,0.19789,1,0.082271
0.4,F1_mean,0.115619,0.1363,ACT,0.115619,0.115619,0.19789,1,0.082271
0.4,F1_mean,0.115619,0.1373,ACT,0.115619,0.115619,0.19789,1,0.082271
0.4,F1_mean,0.115619,0.1383,ACT,0.115619,0.115619,0.19789,1,0.082271
0.4,F1_mean,0.115619,0.1393,ACT,0.115619,0.115619,0.19789,1,0.082271
0.4,F1_mean,0.115619,0.1403,ACT,0.115619,0.115619,0.19789,1,0.082271
0.4,F1_mean,0.115619,0.1413,ACT,0.115619,0.115619,0.19789,1,0.082271
0.4,F1_mean,0.115619,0.1423,ACT,0.115619,0.115619,0.19789,1,0.082271
0.4,F1_mean,0.115619,0.1433,ACT,0.115619,0.115619,0.19789,1,0.082271
0.4,F1_mean,0.115619,0.1443,ACT,0.115619,0.115619,0.19789,1,0.082271
0.4,F1_mean,0.115619,0.1453,ACT,0.115619,0.115619,0.19789,1,0.082271
0.4,F1_mean,0.115619,0.1463,ACT,0.115619,0.115619,0.19789,1,0.082271
0.4,F1_mean,0.115619,0.1473,ACT,0.115619,0.115619,0.19789,1,0.082271
0.4,F1_mean,0.115619,0.1483,ACT,0.115619,0.115619,0.19789,1,0.082271
0.4,F1_mean,0.115619,0.1493,ACT,0.115619,0.115619,0.19789,1,0.082271
0.4,F1_mean,0.115619,0.1503,ACT,0.115619,0.115619,0.19789,1,0.082271
0.4,F1_mean,0.115619,0.1513,ACT,0.115619,0.115619,0.19789,1,0.082271
0.4,F1_mean,0.115619,0.1523,ACT,0.115619,0.115619,0.19789,1,0.082271
0.4,F1_mean,0.115619,0.1533,ACT,0.115619,0.115619,0.19789,1,0.082271
0.4,F1_mean,0.115619,0.1543,ACT,0.115619,0.115619,0.19789,1,0.082271
0.4,F1_mean,0.115619,0.1553,ACT,0.115619,0.115619,0.19789,1,0.082271
0.4,F1_mean,0.115619,0.1563,ACT,0.115619,0.115619,0.19789,1,0.082271
0.4,F1_mean,0.115619,0.1573,ACT,0.115619,0.115619,0.19789,1,0.082271
0.4,F1_mean,0.115619,0.1583,ACT,0.115619,0.115619,0.19789,1,0.082271
0.4,F1_mean,0.115619,0.1593,ACT,0.115619,0.115619,0.19789,1,0.082271
0.4,F1_mean,0.115619,0.1603,ACT,0.115619,0.115619,0.19789,1,0.082271
0.4,F1_mean,0.115619,0.1613,ACT,0.115619,0.115619,0.19789,1,0.082271
0.4,F1_mean,0.115619,0.1623,ACT,0.115619,0.115619,0.19789,1,0.082271
0.4,F1_mean,0.115619,0.1633,ACT,0.115619,0.115619,0.19789,1,0.082271
0.4,F1_mean,0.115619,0.1643,ACT,0.115619,0.115619,0.19789,1,0.082271
0.4,F1_mean,0.115619,0.1653,ACT,0.115619,0.115619,0.19789,1,0.082271
0.4,F1_mean,0.115619,0.1663,ACT,0.115619,0.115619,0.19789,1,0.082271
0.4,F1_mean,0.115619,0.1673,ACT,0.115619,0.115619,0.19789,1,0.082271
0.4,F1_mean,0.115619,0.1683,ACT,0.115619,0.115619,0.19789,1,0.082271
0.4,F1_mean,0.115619,0.1693,ACT,0.115619,0.115619,0.19789,1,0.082271
0.4,F1_mean,0.115619,0.1703,ACT,0.115619,0.115619,0.19789,1,0.082271
0.4,F1_mean,0.115619,0.1713,ACT,0.115619,0.115619,0.19789,1,0.082271
0.4,F1_mean,0.115619,0.1723,ACT,0.115619,0.115619,0.19789,1,0.082271
0.4,F1_mean,0.115619,0.1733,ACT,0.115619,0.115619,0.19789,1,0.082271
0.4,F1_mean,0.115619,0.1743,ACT,0.115619,0.115619,0.19789,1,0.082271
0.4,F1_mean,0.115619,0.1754,ACT,0.115619,0.115619,0.19789,1,0.082271
0.4,F1_mean,0.115619,0.1764,ACT,0.115619,0.115619,0.19789,1,0.082271
0.4,F1_mean,0.115619,0.1774,ACT,0.115619,0.115619,0.19789,1,0.082271
0.4,F1_mean,0.115619,0.1784,ACT,0.115619,0.115619,0.19789,1,0.082271
0.4,F1_mean,0.115619,0.1794,ACT,0.115619,0.115619,0.19789,1,0.082271
0.4,F1_mean,0.115619,0.1804,ACT,0.115619,0.115619,0.19789,1,0.082271
0.4,F1_mean,0.115619,0.1814,ACT,0.115619,0.115619,0.19789,1,0.082271
0.4,F1_mean,0.115619,0.1824,ACT,0.115619,0.115619,0.19789,1,0.082271
0.4,F1_mean,0.115619,0.1834,ACT,0.115619,0.115619,0.19789,1,0.082271
0.4,F1_mean,0.115619,0.1844,ACT,0.115619,0.115619,0.19789,1,0.082271
0.4,F1_mean,0.115619,0.1854,ACT,0.115619,0.115619,0.19789,1,0.082271
0.4,F1_mean,0.115619,0.1864,ACT,0.115619,0.115619,0.19789,1,0.082271
0.4,F1_mean,0.115619,0.1874,ACT,0.115619,0.115619,0.19789,1,0.082271
0.4,F1_mean,0.115619,0.1884,ACT,0.115619,0.115619,0.19789,1,0.082271
0.4,F1_mean,0.115619,0.1894,ACT,0.115619,0.115619,0.19789,1,0.082271
0.4,F1_mean,0.115619,0.1904,ACT,0.115619,0.115619,0.19789,1,0.082271
0.4,F1_mean,0.115619,0.1914,ACT,0.115619,0.115619,0.19789,1,0.082271
0.4,F1_mean,0.115619,0.1924,ACT,0.115619,0.115619,0.19789,1,0.082271
0.4,F1_mean,0.115619,0.1934,ACT,0.115619,0.115619,0.19789,1,0.082271
0.4,F1_mean,0.115619,0.1944,ACT,0.115619,0.115619,0.19789,1,0.082271
0.4,F1_mean,0.115619,0.1954,ACT,0.115619,0.115619,0.19789,1,0.082271
0.4,F1_mean,0.115619,0.1964,ACT,0.115619,0.115619,0.19789,1,0.082271
0.4,F1_mean,0.115619,0.1974,ACT,0.115619,0.115619,0.19789,1,0.082271
0.4,F1_mean,0.115619,0.1984,ACT,0.115619,0.115619,0.19789,1,0.082271
0.4,F1_mean,0.115619,0.1994,ACT,0.115619,0.115619,0.19789,1,0.082271
0.4,F1_mean,0.115619,0.2004,ACT,0.115619,0.115619,0.19789,1,0.082271
0.4,F1_mean,0.115619,0.2014,ACT,0.115619,0.115619,0.19789,1,0.082271
0.4,F1_mean,0.115619,0.2024,ACT,0.115619,0.115619,0.19789,1,0.082271
0.4,F1_mean,0.115619,0.2034,ACT,0.115619,0.115619,0.19789,1,0.082271
0.4,F1_mean,0.115619,0.2044,ACT,0.115619,0.115619,0.19789,1,0.082271
0.4,F1_mean,0.115619,0.2054,ACT,0.115619,0.115619,0.19789,1,0.082271
0.4,F1_mean,0.115619,0.2064,ACT,0.115619,0.115619,0.19789,1,0.082271
0.4,F1_mean,0.115619,0.2074,ACT,0.115619,0.115619,0.19789,1,0.082271
0.4,F1_mean,0.115619,0.2084,ACT,0.115619,0.115619,0.19789,1,0.082271
0.4,F1_mean,0.115619,0.2094,ACT,0.115619,0.115619,0.19789,1,0.082271
0.4,F1_mean,0.115619,0.2104,ACT,0.115619,0.115619,0.19789,1,0.082271
0.4,F1_mean,0.115619,0.2114,ACT,0.115619,0.115619,0.19789,1,0.082271
0.4,F1_mean,0.115619,0.2124,ACT,0.115619,0.115619,0.19789,1,0.082271
0.4,F1_mean,0.115619,0.2134,ACT,0.115619,0.115619,0.19789,1,0.082271
0.4,F1_mean,0.115619,0.2144,ACT,0.115619,0.115619,0.19789,1,0.082271
0.4,F1_mean,0.115619,0.2154,ACT,0.115619,0.115619,0.19789,1,0.082271
0.4,F1_mean,0.115619,0.2164,ACT,0.115619,0.115619,0.19789,1,0.082271
0.4,F1_mean,0.115619,0.2174,ACT,0.115619,0.115619,0.19789,1,0.082271
0.4,F1_mean,0.115619,0.2184,ACT,0.115619,0.115619,0.19789,1,0.082271
0.4,F1_mean,0.115619,0.2194,ACT,0.115619,0.115619,0.19789,1,0.082271
0.4,F1_mean,0.115619,0.2204,ACT,0.115619,0.115619,0.19789,1,0.082271
0.4,F1_mean,0.115619,0.2214,ACT,0.115619,0.115619,0.19789,1,0.082271
0.4,F1_mean,0.115619,0.2224,ACT,0.115619,0.115619,0.19789,1,0.082271
0.4,F1_mean,0.115619,0.2234,ACT,0.115619,0.115619,0.19789,1,0.082271
0.4,F1_mean,0.115619,0.2244,ACT,0.115619,0.115619,0.19789,1,0.082271
0.4,F1_mean,0.115619,0.2255,ACT,0.115619,0.115619,0.19789,1,0.082271
0.4,F1_mean,0.115619,0.2265,ACT,0.115619,0.115619,0.19789,1,0.082271
0.4,F1_mean,0.115619,0.2275,ACT,0.115619,0.115619,0.19789,1,0.082271
0.4,F1_mean,0.115619,0.2285,ACT,0.115619,0.115619,0.19789,1,0.082271
0.4,F1_mean,0.115619,0.2295,ACT,0.115619,0.115619,0.19789,1,0.082271
0.4,F1_mean,0.115619,0.2305,ACT,0.115619,0.115619,0.19789,1,0.082271
0.4,F1_mean,0.115619,0.2315,ACT,0.115619,0.115619,0.19789,1,0.082271
0.4,F1_mean,0.115619,0.2325,ACT,0.115619,0.115619,0.19789,1,0.082271
0.4,F1_mean,0.115619,0.2335,ACT,0.115619,0.115619,0.19789,1,0.082271
0.4,F1_mean,0.115619,0.2345,ACT,0.115619,0.115619,0.19789,1,0.082271
0.4,F1_mean,0.115619,0.2355,ACT,0.115619,0.115619,0.19789,1,0.082271
0.4,F1_mean,0.115619,0.2365,ACT,0.115619,0.115619,0.19789,1,0.082271
0.4,F1_mean,0.115619,0.2375,ACT,0.115619,0.115619,0.19789,1,0.082271
0.4,F1_mean,0.115619,0.2385,ACT,0.115619,0.115619,0.19789,1,0.082271
0.4,F1_mean,0.115619,0.2395,ACT,0.115619,0.115619,0.19789,1,0.082271
0.4,F1_mean,0.115619,0.2405,ACT,0.115619,0.115619,0.19789,1,0.082271
0.4,F1_mean,0.115619,0.2415,ACT,0.115619,0.115619,0.19789,1,0.082271
0.4,F1_mean,0.115619,0.2425,ACT,0.115619,0.115619,0.19789,1,0.082271
0.4,F1_mean,0.115619,0.2435,ACT,0.115619,0.115619,0.19789,1,0.082271
0.4,F1_mean,0.115619,0.2445,ACT,0.115619,0.115619,0.19789,1,0.082271
0.4,F1_mean,0.115619,0.2455,ACT,0.115619,0.115619,0.19789,1,0.082271
0.4,F1_mean,0.115619,0.2465,ACT,0.115619,0.115619,0.19789,1,0.082271
0.4,F1_mean,0.115619,0.2475,ACT,0.115619,0.115619,0.19789,1,0.082271
0.4,F1_mean,0.115619,0.2485,ACT,0.115619,0.115619,0.19789,1,0.082271
0.4,F1_mean,0.115619,0.2495,ACT,0.115619,0.115619,0.19789,1,0.082271
0.4,F1_mean,0.115619,0.2505,ACT,0.115619,0.115619,0.19789,1,0.082271
0.4,F1_mean,0.115619,0.2515,ACT,0.115619,0.115619,0.19789,1,0.082271
0.4,F1_mean,0.115619,0.2525,ACT,0.115619,0.115619,0.19789,1,0.082271
0.4,F1_mean,0.115619,0.2535,ACT,0.115619,0.115619,0.19789,1,0.082271
0.4,F1_mean,0.115619,0.2545,ACT,0.115619,0.115619,0.19789,1,0.082271
0.4,F1_mean,0.115619,0.2555,ACT,0.115619,0.115619,0.19789,1,0.082271
0.4,F1_mean,0.115619,0.2565,ACT,0.115619,0.115619,0.19789,1,0.082271
0.4,F1_mean,0.115619,0.2575,ACT,0.115619,0.115619,0.19789,1,0.082271
0.4,F1_mean,0.115619,0.2585,ACT,0.115619,0.115619,0.19789,1,0.082271
0.4,F1_mean,0.115619,0.2595,ACT,0.115619,0.115619,0.19789,1,0.082271
0.4,F1_mean,0.115619,0.2605,ACT,0.115619,0.115619,0.19789,1,0.082271
0.4,F1_mean,0.115619,0.2615,ACT,0.115619,0.115619,0.19789,1,0.082271
0.4,F1_mean,0.115619,0.2625,ACT,0.115619,0.115619,0.19789,1,0.082271
0.4,F1_mean,0.115619,0.2635,ACT,0.115619,0.115619,0.19789,1,0.082271
0.4,F1_mean,0.115619,0.2645,ACT,0.115619,0.115619,0.19789,1,0.082271
0.4,F1_mean,0.115619,0.2655,ACT,0.115619,0.115619,0.19789,1,0.082271
0.4,F1_mean,0.115619,0.2665,ACT,0.115619,0.115619,0.19789,1,0.082271
0.4,F1_mean,0.115619,0.2675,ACT,0.115619,0.115619,0.19789,1,0.082271
0.4,F1_mean,0.115619,0.2685,ACT,0.115619,0.115619,0.19789,1,0.082271
0.4,F1_mean,0.115619,0.2695,ACT,0.115619,0.115619,0.19789,1,0.082271
0.4,F1_mean,0.115619,0.2705,ACT,0.115619,0.115619,0.19789,1,0.082271
0.4,F1_mean,0.115619,0.2715,ACT,0.115619,0.115619,0.19789,1,0.082271
0.4,F1_mean,0.115619,0.2725,ACT,0.115619,0.115619,0.19789,1,0.082271
0.4,F1_mean,0.115619,0.2735,ACT,0.115619,0.115619,0.19789,1,0.082271
0.4,F1_mean,0.115619,0.2745,ACT,0.115619,0.115619,0.19789,1,0.082271
0.4,F1_mean,0.115619,0.2756,ACT,0.115619,0.115619,0.19789,1,0.082271
0.4,F1_mean,0.115619,0.2766,ACT,0.115619,0.115619,0.19789,1,0.082271
0.4,F1_mean,0.115619,0.2776,ACT,0.115619,0.115619,0.19789,1,0.082271
0.4,F1_mean,0.115619,0.2786,ACT,0.115619,0.115619,0.19789,1,0.082271
0.4,F1_mean,0.115619,0.2796,ACT,0.115619,0.115619,0.19789,1,0.082271
0.4,F1_mean,0.115619,0.2806,ACT,0.115619,0.115619,0.19789,1,0.082271
0.4,F1_mean,0.115619,0.2816,ACT,0.115619,0.115619,0.19789,1,0.082271
0.4,F1_mean,0.115619,0.2826,ACT,0.115619,0.115619,0.19789,1,0.082271
0.4,F1_mean,0.115619,0.2836,ACT,0.115619,0.115619,0.19789,1,0.082271
0.4,F1_mean,0.115619,0.2846,ACT,0.115619,0.115619,0.19789,1,0.082271
0.4,F1_mean,0.115619,0.2856,ACT,0.115619,0.115619,0.19789,1,0.082271
0.4,F1_mean,0.115619,0.2866,ACT,0.115619,0.115619,0.19789,1,0.082271
0.4,F1_mean,0.115619,0.2876,ACT,0.115619,0.115619,0.19789,1,0.082271
0.4,F1_mean,0.115619,0.2886,ACT,0.115619,0.115619,0.19789,1,0.082271
0.4,F1_mean,0.115619,0.2896,ACT,0.115619,0.115619,0.19789,1,0.082271
0.4,F1_mean,0.115619,0.2906,ACT,0.115619,0.115619,0.19789,1,0.082271
0.4,F1_mean,0.115619,0.2916,ACT,0.115619,0.115619,0.19789,1,0.082271
0.4,F1_mean,0.115619,0.2926,ACT,0.115619,0.115619,0.19789,1,0.082271
0.4,F1_mean,0.115619,0.2936,ACT,0.115619,0.115619,0.19789,1,0.082271
0.4,F1_mean,0.115619,0.2946,ACT,0.115619,0.115619,0.19789,1,0.082271
0.4,F1_mean,0.115619,0.2956,ACT,0.115619,0.115619,0.19789,1,0.082271
0.4,F1_mean,0.115619,0.2966,ACT,0.115619,0.115619,0.19789,1,0.082271
0.4,F1_mean,0.115619,0.2976,ACT,0.115619,0.115619,0.19789,1,0.082271
0.4,F1_mean,0.115619,0.2986,ACT,0.115619,0.115619,0.19789,1,0.082271
0.4,F1_mean,0.115619,0.2996,ACT,0.115619,0.115619,0.19789,1,0.082271
0.4,F1_mean,0.115619,0.3006,ACT,0.115619,0.115619,0.19789,1,0.082271
0.4,F1_mean,0.115619,0.3016,ACT,0.115619,0.115619,0.19789,1,0.082271
0.4,F1_mean,0.115619,0.3026,ACT,0.115619,0.115619,0.19789,1,0.082271
0.4,F1_mean,0.115619,0.3036,ACT,0.115619,0.115619,0.19789,1,0.082271
0.4,F1_mean,0.115619,0.3046,ACT,0.115619,0.115619,0.19789,1,0.082271
0.4,F1_mean,0.115619,0.3056,ACT,0.115619,0.115619,0.19789,1,0.082271
0.4,F1_mean,0.115619,0.3066,ACT,0.115619,0.115619,0.19789,1,0.082271
0.4,F1_mean,0.115619,0.3076,ACT,0.115619,0.115619,0.19789,1,0.082271
0.4,F1_mean,0.115619,0.3086,ACT,0.115619,0.115619,0.19789,1,0.082271
0.4,F1_mean,0.115619,0.3096,ACT,0.115619,0.115619,0.19789,1,0.082271
0.4,F1_mean,0.115619,0.3106,ACT,0.115619,0.115619,0.19789,1,0.082271
0.4,F1_mean,0.115619,0.3116,ACT,0.115619,0.115619,0.19789,1,0.082271
0.4,F1_mean,0.115619,0.3126,ACT,0.115619,0.115619,0.19789,1,0.082271
0.4,F1_mean,0.115619,0.3136,ACT,0.115619,0.115619,0.19789,1,0.082271
0.4,F1_mean,0.115619,0.3146,ACT,0.115619,0.115619,0.19789,1,0.082271
0.4,F1_mean,0.115619,0.3156,ACT,0.115619,0.115619,0.19789,1,0.082271
0.4,F1_mean,0.115619,0.3166,ACT,0.115619,0.115619,0.19789,1,0.082271
0.4,F1_mean,0.115619,0.3176,ACT,0.115619,0.115619,0.19789,1,0.082271
0.4,F1_mean,0.115619,0.3186,ACT,0.115619,0.115619,0.19789,1,0.082271
0.4,F1_mean,0.115619,0.3196,ACT,0.115619,0.115619,0.19789,1,0.082271
0.4,F1_mean,0.115619,0.3206,ACT,0.115619,0.115619,0.19789,1,0.082271
0.4,F1_mean,0.115619,0.3216,ACT,0.115619,0.115619,0.19789,1,0.082271
0.4,F1_mean,0.115619,0.3226,ACT,0.115619,0.115619,0.19789,1,0.082271
0.4,F1_mean,0.115619,0.3236,ACT,0.115619,0.115619,0.19789,1,0.082271
0.4,F1_mean,0.115619,0.3246,ACT,0.115619,0.115619,0.19789,1,0.082271
0.4,F1_mean,0.115619,0.3257,ACT,0.115619,0.115619,0.19789,1,0.082271
0.4,F1_mean,0.115619,0.3267,ACT,0.115619,0.115619,0.19789,1,0.082271
0.4,F1_mean,0.115619,0.3277,ACT,0.115619,0.115619,0.19789,1,0.082271
0.4,F1_mean,0.115619,0.3287,ACT,0.115619,0.115619,0.19789,1,0.082271
0.4,F1_mean,0.115619,0.3297,ACT,0.115619,0.115619,0.19789,1,0.082271
0.4,F1_mean,0.115619,0.3307,ACT,0.115619,0.115619,0.19789,1,0.082271
0.4,F1_mean,0.115619,0.3317,ACT,0.115619,0.115619,0.19789,1,0.082271
0.4,F1_mean,0.115619,0.3327,ACT,0.115619,0.115619,0.19789,1,0.082271
0.4,F1_mean,0.115619,0.3337,ACT,0.115619,0.115619,0.19789,1,0.082271
0.4,F1_mean,0.115619,0.3347,ACT,0.115619,0.115619,0.19789,1,0.082271
0.4,F1_mean,0.115619,0.3357,ACT,0.115619,0.115619,0.19789,1,0.082271
0.4,F1_mean,0.115619,0.3367,ACT,0.115619,0.115619,0.19789,1,0.082271
0.4,F1_mean,0.115619,0.3377,ACT,0.115619,0.115619,0.19789,1,0.082271
0.4,F1_mean,0.115619,0.3387,ACT,0.115619,0.115619,0.19789,1,0.082271
0.4,F1_mean,0.115619,0.3397,ACT,0.115619,0.115619,0.19789,1,0.082271
0.4,F1_mean,0.115619,0.3407,ACT,0.115619,0.115619,0.19789,1,0.082271
0.4,F1_mean,0.115619,0.3417,ACT,0.115619,0.115619,0.19789,1,0.082271
0.4,F1_mean,0.115619,0.3427,ACT,0.115619,0.115619,0.19789,1,0.082271
0.4,F1_mean,0.115619,0.3437,ACT,0.115619,0.115619,0.19789,1,0.082271
0.4,F1_mean,0.115619,0.3447,ACT,0.115619,0.115619,0.19789,1,0.082271
0.4,F1_mean,0.115619,0.3457,ACT,0.115619,0.115619,0.19789,1,0.082271
0.4,F1_mean,0.115619,0.3467,ACT,0.115619,0.115619,0.19789,1,0.082271
0.4,F1_mean,0.115619,0.3477,ACT,0.115619,0.115619,0.19789,1,0.082271
0.4,F1_mean,0.115619,0.3487,ACT,0.115619,0.115619,0.19789,1,0.082271
0.4,F1_mean,0.115619,0.3497,ACT,0.115619,0.115619,0.19789,1,0.082271
0.4,F1_mean,0.115619,0.3507,ACT,0.115619,0.115619,0.19789,1,0.082271
0.4,F1_mean,0.115619,0.3517,ACT,0.115619,0.115619,0.19789,1,0.082271
0.4,F1_mean,0.115619,0.3527,ACT,0.115619,0.115619,0.19789,1,0.082271
0.4,F1_mean,0.115619,0.3537,ACT,0.115619,0.115619,0.19789,1,0.082271
0.4,F1_mean,0.115619,0.3547,ACT,0.115619,0.115619,0.19789,1,0.082271
0.4,F1_mean,0.115619,0.3557,ACT,0.115619,0.115619,0.19789,1,0.082271
0.4,F1_mean,0.115619,0.3567,ACT,0.115619,0.115619,0.19789,1,0.082271
0.4,F1_mean,0.115619,0.3577,ACT,0.115619,0.115619,0.19789,1,0.082271
0.4,F1_mean,0.115619,0.3587,ACT,0.115619,0.115619,0.19789,1,0.082271
0.4,F1_mean,0.115619,0.3597,ACT,0.115619,0.115619,0.19789,1,0.082271
0.4,F1_mean,0.115619,0.3607,ACT,0.115619,0.115619,0.19789,1,0.082271
0.4,F1_mean,0.115619,0.3617,ACT,0.115619,0.115619,0.19789,1,0.082271
0.4,F1_mean,0.115619,0.3627,ACT,0.115619,0.115619,0.19789,1,0.082271
0.4,F1_mean,0.115619,0.3637,ACT,0.115619,0.115619,0.19789,1,0.082271
0.4,F1_mean,0.115619,0.3647,ACT,0.115619,0.115619,0.19789,1,0.082271
0.4,F1_mean,0.115619,0.3657,ACT,0.115619,0.115619,0.19789,1,0.082271
0.4,F1_mean,0.115619,0.3667,ACT,0.115619,0.115619,0.19789,1,0.082271
0.4,F1_mean,0.115619,0.3677,ACT,0.115619,0.115619,0.19789,1,0.082271
0.4,F1_mean,0.115619,0.3687,ACT,0.115619,0.115619,0.19789,1,0.082271
0.4,F1_mean,0.115619,0.3697,ACT,0.115619,0.115619,0.19789,1,0.082271
0.4,F1_mean,0.115619,0.3707,ACT,0.115619,0.115619,0.19789,1,0.082271
0.4,F1_mean,0.115619,0.3717,ACT,0.115619,0.115619,0.19789,1,0.082271
0.4,F1_mean,0.115619,0.3727,ACT,0.115619,0.115619,0.19789,1,0.082271
0.4,F1_mean,0.115619,0.3737,ACT,0.115619,0.115619,0.19789,1,0.082271
0.4,F1_mean,0.115619,0.3747,ACT,0.115619,0.115619,0.19789,1,0.082271
0.4,F1_mean,0.115619,0.3758,ACT,0.115619,0.115619,0.19789,1,0.082271
0.4,F1_mean,0.115619,0.3768,ACT,0.115619,0.115619,0.19789,1,0.082271
0.4,F1_mean,0.115619,0.3778,ACT,0.115619,0.115619,0.19789,1,0.082271
0.4,F1_mean,0.115619,0.3788,ACT,0.115619,0.115619,0.19789,1,0.082271
0.4,F1_mean,0.115619,0.3798,ACT,0.115619,0.115619,0.19789,1,0.082271
0.4,F1_mean,0.115619,0.3808,ACT,0.115619,0.115619,0.19789,1,0.082271
0.4,F1_mean,0.115619,0.3818,ACT,0.115619,0.115619,0.19789,1,0.082271
0.4,F1_mean,0.115619,0.3828,ACT,0.115619,0.115619,0.19789,1,0.082271
0.4,F1_mean,0.115619,0.3838,ACT,0.115619,0.115619,0.19789,1,0.082271
0.4,F1_mean,0.115619,0.3848,ACT,0.115619,0.115619,0.19789,1,0.082271
0.4,F1_mean,0.115619,0.3858,ACT,0.115619,0.115619,0.19789,1,0.082271
0.4,F1_mean,0.115619,0.3868,ACT,0.115619,0.115619,0.19789,1,0.082271
0.4,F1_mean,0.115619,0.3878,ACT,0.115619,0.115619,0.19789,1,0.082271
0.4,F1_mean,0.115619,0.3888,ACT,0.115619,0.115619,0.19789,1,0.082271
0.4,F1_mean,0.115619,0.3898,ACT,0.115619,0.115619,0.19789,1,0.082271
0.4,F1_mean,0.115619,0.3908,ACT,0.115619,0.115619,0.19789,1,0.082271
0.4,F1_mean,0.115619,0.3918,ACT,0.115619,0.115619,0.19789,1,0.082271
0.4,F1_mean,0.115619,0.3928,ACT,0.115619,0.115619,0.19789,1,0.082271
0.4,F1_mean,0.115619,0.3938,ACT,0.115619,0.115619,0.19789,1,0.082271
0.4,F1_mean,0.115619,0.3948,ACT,0.115619,0.115619,0.19789,1,0.082271
0.4,F1_mean,0.115619,0.3958,ACT,0.115619,0.115619,0.19789,1,0.082271
0.4,F1_mean,0.115619,0.3968,ACT,0.115619,0.115619,0.19789,1,0.082271
0.4,F1_mean,0.115619,0.3978,ACT,0.115619,0.115619,0.19789,1,0.082271
0.4,F1_mean,0.115619,0.3988,ACT,0.115619,0.115619,0.19789,1,0.082271
0.4,F1_mean,0.115619,0.3998,ACT,0.115619,0.115619,0.19789,1,0.082271
0.4,F1_mean,0.115619,0.4008,ACT,0.115619,0.115619,0.19789,1,0.082271
0.4,F1_mean,0.115619,0.4018,ACT,0.115619,0.115619,0.19789,1,0.082271
0.4,F1_mean,0.115619,0.4028,ACT,0.115619,0.115619,0.19789,1,0.082271
0.4,F1_mean,0.115619,0.4038,ACT,0.115619,0.115619,0.19789,1,0.082271
0.4,F1_mean,0.115619,0.4048,ACT,0.115619,0.115619,0.19789,1,0.082271
0.4,F1_mean,0.115619,0.4058,ACT,0.115619,0.115619,0.19789,1,0.082271
0.4,F1_mean,0.115619,0.4068,ACT,0.115619,0.115619,0.19789,1,0.082271
0.4,F1_mean,0.115619,0.4078,ACT,0.115619,0.115619,0.19789,1,0.082271
0.4,F1_mean,0.115619,0.4088,ACT,0.115619,0.115619,0.19789,1,0.082271
0.4,F1_mean,0.115619,0.4098,ACT,0.115619,0.115619,0.19789,1,0.082271
0.4,F1_mean,0.115619,0.4108,ACT,0.115619,0.115619,0.19789,1,0.082271
0.4,F1_mean,0.115619,0.4118,ACT,0.115619,0.115619,0.19789,1,0.082271
0.4,F1_mean,0.115619,0.4128,ACT,0.115619,0.115619,0.19789,1,0.082271
0.4,F1_mean,0.115619,0.4138,ACT,0.115619,0.115619,0.19789,1,0.082271
0.4,F1_mean,0.115619,0.4148,ACT,0.115619,0.115619,0.19789,1,0.082271
0.4,F1_mean,0.115619,0.4158,ACT,0.115619,0.115619,0.19789,1,0.082271
0.4,F1_mean,0.115619,0.4168,ACT,0.115619,0.115619,0.19789,1,0.082271
0.4,F1_mean,0.115619,0.4178,ACT,0.115619,0.115619,0.19789,1,0.082271
0.4,F1_mean,0.115619,0.4188,ACT,0.115619,0.115619,0.19789,1,0.082271
0.4,F1_mean,0.115619,0.4198,ACT,0.115619,0.115619,0.19789,1,0.082271
0.4,F1_mean,0.115619,0.4208,ACT,0.115619,0.115619,0.19789,1,0.082271
0.4,F1_mean,0.115619,0.4218,ACT,0.115619,0.115619,0.19789,1,0.082271
0.4,F1_mean,0.115619,0.4228,ACT,0.115619,0.115619,0.19789,1,0.082271
0.4,F1_mean,0.115619,0.4238,ACT,0.115619,0.115619,0.19789,1,0.082271
0.4,F1_mean,0.115619,0.4248,ACT,0.115619,0.115619,0.19789,1,0.082271
0.4,F1_mean,0.115619,0.4259,ACT,0.115619,0.115619,0.19789,1,0.082271
0.4,F1_mean,0.115619,0.4269,ACT,0.115619,0.115619,0.19789,1,0.082271
0.4,F1_mean,0.115619,0.4279,ACT,0.115619,0.115619,0.19789,1,0.082271
0.4,F1_mean,0.115619,0.4289,ACT,0.115619,0.115619,0.19789,1,0.082271
0.4,F1_mean,0.115619,0.4299,ACT,0.115619,0.115619,0.19789,1,0.082271
0.4,F1_mean,0.115619,0.4309,ACT,0.115619,0.115619,0.19789,1,0.082271
0.4,F1_mean,0.115619,0.4319,ACT,0.115619,0.115619,0.19789,1,0.082271
0.4,F1_mean,0.115619,0.4329,ACT,0.115619,0.115619,0.19789,1,0.082271
0.4,F1_mean,0.115619,0.4339,ACT,0.115619,0.115619,0.19789,1,0.082271
0.4,F1_mean,0.115619,0.4349,ACT,0.115619,0.115619,0.19789,1,0.082271
0.4,F1_mean,0.115619,0.4359,ACT,0.115619,0.115619,0.19789,1,0.082271
0.4,F1_mean,0.115619,0.4369,ACT,0.115619,0.115619,0.19789,1,0.082271
0.4,F1_mean,0.115619,0.4379,ACT,0.115619,0.115619,0.19789,1,0.082271
0.4,F1_mean,0.115619,0.4389,ACT,0.115619,0.115619,0.19789,1,0.082271
0.4,F1_mean,0.115619,0.4399,ACT,0.115619,0.115619,0.19789,1,0.082271
0.4,F1_mean,0.115619,0.4409,ACT,0.115619,0.115619,0.19789,1,0.082271
0.4,F1_mean,0.115619,0.4419,ACT,0.115619,0.115619,0.19789,1,0.082271
0.4,F1_mean,0.115619,0.4429,ACT,0.115619,0.115619,0.19789,1,0.082271
0.4,F1_mean,0.115619,0.4439,ACT,0.115619,0.115619,0.19789,1,0.082271
0.4,F1_mean,0.115619,0.4449,ACT,0.115619,0.115619,0.19789,1,0.082271
0.4,F1_mean,0.115619,0.4459,ACT,0.115619,0.115619,0.19789,1,0.082271
0.4,F1_mean,0.115619,0.4469,ACT,0.115619,0.115619,0.19789,1,0.082271
0.4,F1_mean,0.115619,0.4479,ACT,0.115619,0.115619,0.19789,1,0.082271
0.4,F1_mean,0.115619,0.4489,ACT,0.115619,0.115619,0.19789,1,0.082271
0.4,F1_mean,0.115619,0.4499,ACT,0.115619,0.115619,0.19789,1,0.082271
0.4,F1_mean,0.115619,0.4509,ACT,0.115619,0.115619,0.19789,1,0.082271
0.4,F1_mean,0.115619,0.4519,ACT,0.115619,0.115619,0.19789,1,0.082271
0.4,F1_mean,0.115619,0.4529,ACT,0.115619,0.115619,0.19789,1,0.082271
0.4,F1_mean,0.115619,0.4539,ACT,0.115619,0.115619,0.19789,1,0.082271
0.4,F1_mean,0.115619,0.4549,ACT,0.115619,0.115619,0.19789,1,0.082271
0.4,F1_mean,0.115619,0.4559,ACT,0.115619,0.115619,0.19789,1,0.082271
0.4,F1_mean,0.115619,0.4569,ACT,0.115619,0.115619,0.19789,1,0.082271
0.4,F1_mean,0.115619,0.4579,ACT,0.115619,0.115619,0.19789,1,0.082271
0.4,F1_mean,0.115619,0.4589,ACT,0.115619,0.115619,0.19789,1,0.082271
0.4,F1_mean,0.115619,0.4599,ACT,0.115619,0.115619,0.19789,1,0.082271
0.4,F1_mean,0.115619,0.4609,ACT,0.115619,0.115619,0.19789,1,0.082271
0.4,F1_mean,0.115619,0.4619,ACT,0.115619,0.115619,0.19789,1,0.082271
0.4,F1_mean,0.115619,0.4629,ACT,0.115619,0.115619,0.19789,1,0.082271
0.4,F1_mean,0.115619,0.4639,ACT,0.115619,0.115619,0.19789,1,0.082271
0.4,F1_mean,0.115619,0.4649,ACT,0.115619,0.115619,0.19789,1,0.082271
0.4,F1_mean,0.115619,0.4659,ACT,0.115619,0.115619,0.19789,1,0.082271
0.4,F1_mean,0.115619,0.4669,ACT,0.115619,0.115619,0.19789,1,0.082271
0.4,F1_mean,0.115619,0.4679,ACT,0.115619,0.115619,0.19789,1,0.082271
0.4,F1_mean,0.115619,0.4689,ACT,0.115619,0.115619,0.19789,1,0.082271
0.4,F1_mean,0.115619,0.4699,ACT,0.115619,0.115619,0.19789,1,0.082271
0.4,F1_mean,0.115619,0.4709,ACT,0.115619,0.115619,0.19789,1,0.082271
0.4,F1_mean,0.115619,0.4719,ACT,0.115619,0.115619,0.19789,1,0.082271
0.4,F1_mean,0.115619,0.4729,ACT,0.115619,0.115619,0.19789,1,0.082271
0.4,F1_mean,0.115619,0.4739,ACT,0.115619,0.115619,0.19789,1,0.082271
0.4,F1_mean,0.115619,0.4749,ACT,0.115619,0.115619,0.19789,1,0.082271
0.4,F1_mean,0.115619,0.476,ACT,0.115619,0.115619,0.19789,1,0.082271
0.4,F1_mean,0.115619,0.477,ACT,0.115619,0.115619,0.19789,1,0.082271
0.4,F1_mean,0.115619,0.478,ACT,0.115619,0.115619,0.19789,1,0.082271
0.4,F1_mean,0.115619,0.479,ACT,0.115619,0.115619,0.19789,1,0.082271
0.4,F1_mean,0.115619,0.48,ACT,0.115619,0.115619,0.19789,1,0.082271
0.4,F1_mean,0.115619,0.481,ACT,0.115619,0.115619,0.19789,1,0.082271
0.4,F1_mean,0.115619,0.482,ACT,0.115619,0.115619,0.19789,1,0.082271
0.4,F1_mean,0.115619,0.483,ACT,0.115619,0.115619,0.19789,1,0.082271
0.4,F1_mean,0.115619,0.484,ACT,0.115619,0.115619,0.19789,1,0.082271
0.4,F1_mean,0.115619,0.485,ACT,0.115619,0.115619,0.19789,1,0.082271
0.4,F1_mean,0.115619,0.486,ACT,0.115619,0.115619,0.19789,1,0.082271
0.4,F1_mean,0.115619,0.487,ACT,0.115619,0.115619,0.19789,1,0.082271
0.4,F1_mean,0.115619,0.488,ACT,0.115619,0.115619,0.19789,1,0.082271
0.4,F1_mean,0.115619,0.489,ACT,0.115619,0.115619,0.19789,1,0.082271
0.4,F1_mean,0.115619,0.49,ACT,0.115619,0.115619,0.19789,1,0.082271
0.4,F1_mean,0.115619,0.491,ACT,0.115619,0.115619,0.19789,1,0.082271
0.4,F1_mean,0.115619,0.492,ACT,0.115619,0.115619,0.19789,1,0.082271
0.4,F1_mean,0.115619,0.493,ACT,0.115619,0.115619,0.19789,1,0.082271
0.4,F1_mean,0.115619,0.494,ACT,0.115619,0.115619,0.19789,1,0.082271
0.4,F1_mean,0.115619,0.495,ACT,0.115619,0.115619,0.19789,1,0.082271
0.4,F1_mean,0.115619,0.496,ACT,0.115619,0.115619,0.19789,1,0.082271
0.4,F1_mean,0.115619,0.497,ACT,0.115619,0.115619,0.19789,1,0.082271
0.4,F1_mean,0.115619,0.498,ACT,0.115619,0.115619,0.19789,1,0.082271
0.4,F1_mean,0.115619,0.499,ACT,0.115619,0.115619,0.19789,1,0.082271
0.4,F1_mean,0.115619,0.5,ACT,0.115619,0.115619,0.19789,1,0.082271
0.4,F2_p50,0.115379,0.0,REFUSE,0.115379,0.115619,0.19789,1,0.082271
0.4,F2_p50,0.115379,0.001,REFUSE,0.115379,0.115619,0.19789,1,0.082271
0.4,F2_p50,0.115379,0.002,REFUSE,0.115379,0.115619,0.19789,1,0.082271
0.4,F2_p50,0.115379,0.003,REFUSE,0.115379,0.115619,0.19789,1,0.082271
0.4,F2_p50,0.115379,0.004,REFUSE,0.115379,0.115619,0.19789,1,0.082271
0.4,F2_p50,0.115379,0.005,REFUSE,0.115379,0.115619,0.19789,1,0.082271
0.4,F2_p50,0.115379,0.006,REFUSE,0.115379,0.115619,0.19789,1,0.082271
0.4,F2_p50,0.115379,0.007,REFUSE,0.115379,0.115619,0.19789,1,0.082271
0.4,F2_p50,0.115379,0.008,REFUSE,0.115379,0.115619,0.19789,1,0.082271
0.4,F2_p50,0.115379,0.009,REFUSE,0.115379,0.115619,0.19789,1,0.082271
0.4,F2_p50,0.115379,0.01,REFUSE,0.115379,0.115619,0.19789,1,0.082271
0.4,F2_p50,0.115379,0.011,REFUSE,0.115379,0.115619,0.19789,1,0.082271
0.4,F2_p50,0.115379,0.012,REFUSE,0.115379,0.115619,0.19789,1,0.082271
0.4,F2_p50,0.115379,0.013,REFUSE,0.115379,0.115619,0.19789,1,0.082271
0.4,F2_p50,0.115379,0.014,REFUSE,0.115379,0.115619,0.19789,1,0.082271
0.4,F2_p50,0.115379,0.015,REFUSE,0.115379,0.115619,0.19789,1,0.082271
0.4,F2_p50,0.115379,0.016,REFUSE,0.115379,0.115619,0.19789,1,0.082271
0.4,F2_p50,0.115379,0.017,REFUSE,0.115379,0.115619,0.19789,1,0.082271
0.4,F2_p50,0.115379,0.018,REFUSE,0.115379,0.115619,0.19789,1,0.082271
0.4,F2_p50,0.115379,0.019,REFUSE,0.115379,0.115619,0.19789,1,0.082271
0.4,F2_p50,0.115379,0.02,REFUSE,0.115379,0.115619,0.19789,1,0.082271
0.4,F2_p50,0.115379,0.021,REFUSE,0.115379,0.115619,0.19789,1,0.082271
0.4,F2_p50,0.115379,0.022,REFUSE,0.115379,0.115619,0.19789,1,0.082271
0.4,F2_p50,0.115379,0.023,REFUSE,0.115379,0.115619,0.19789,1,0.082271
0.4,F2_p50,0.115379,0.024,REFUSE,0.115379,0.115619,0.19789,1,0.082271
0.4,F2_p50,0.115379,0.0251,REFUSE,0.115379,0.115619,0.19789,1,0.082271
0.4,F2_p50,0.115379,0.0261,REFUSE,0.115379,0.115619,0.19789,1,0.082271
0.4,F2_p50,0.115379,0.0271,REFUSE,0.115379,0.115619,0.19789,1,0.082271
0.4,F2_p50,0.115379,0.0281,REFUSE,0.115379,0.115619,0.19789,1,0.082271
0.4,F2_p50,0.115379,0.0291,REFUSE,0.115379,0.115619,0.19789,1,0.082271
0.4,F2_p50,0.115379,0.0301,REFUSE,0.115379,0.115619,0.19789,1,0.082271
0.4,F2_p50,0.115379,0.0311,REFUSE,0.115379,0.115619,0.19789,1,0.082271
0.4,F2_p50,0.115379,0.0321,REFUSE,0.115379,0.115619,0.19789,1,0.082271
0.4,F2_p50,0.115379,0.0331,REFUSE,0.115379,0.115619,0.19789,1,0.082271
0.4,F2_p50,0.115379,0.0341,REFUSE,0.115379,0.115619,0.19789,1,0.082271
0.4,F2_p50,0.115379,0.0351,REFUSE,0.115379,0.115619,0.19789,1,0.082271
0.4,F2_p50,0.115379,0.0361,REFUSE,0.115379,0.115619,0.19789,1,0.082271
0.4,F2_p50,0.115379,0.0371,REFUSE,0.115379,0.115619,0.19789,1,0.082271
0.4,F2_p50,0.115379,0.0381,REFUSE,0.115379,0.115619,0.19789,1,0.082271
0.4,F2_p50,0.115379,0.0391,REFUSE,0.115379,0.115619,0.19789,1,0.082271
0.4,F2_p50,0.115379,0.0401,REFUSE,0.115379,0.115619,0.19789,1,0.082271
0.4,F2_p50,0.115379,0.0411,REFUSE,0.115379,0.115619,0.19789,1,0.082271
0.4,F2_p50,0.115379,0.0421,REFUSE,0.115379,0.115619,0.19789,1,0.082271
0.4,F2_p50,0.115379,0.0431,REFUSE,0.115379,0.115619,0.19789,1,0.082271
0.4,F2_p50,0.115379,0.0441,REFUSE,0.115379,0.115619,0.19789,1,0.082271
0.4,F2_p50,0.115379,0.0451,REFUSE,0.115379,0.115619,0.19789,1,0.082271
0.4,F2_p50,0.115379,0.0461,REFUSE,0.115379,0.115619,0.19789,1,0.082271
0.4,F2_p50,0.115379,0.0471,REFUSE,0.115379,0.115619,0.19789,1,0.082271
0.4,F2_p50,0.115379,0.0481,REFUSE,0.115379,0.115619,0.19789,1,0.082271
0.4,F2_p50,0.115379,0.0491,REFUSE,0.115379,0.115619,0.19789,1,0.082271
0.4,F2_p50,0.115379,0.0501,REFUSE,0.115379,0.115619,0.19789,1,0.082271
0.4,F2_p50,0.115379,0.0511,REFUSE,0.115379,0.115619,0.19789,1,0.082271
0.4,F2_p50,0.115379,0.0521,REFUSE,0.115379,0.115619,0.19789,1,0.082271
0.4,F2_p50,0.115379,0.0531,REFUSE,0.115379,0.115619,0.19789,1,0.082271
0.4,F2_p50,0.115379,0.0541,REFUSE,0.115379,0.115619,0.19789,1,0.082271
0.4,F2_p50,0.115379,0.0551,REFUSE,0.115379,0.115619,0.19789,1,0.082271
0.4,F2_p50,0.115379,0.0561,REFUSE,0.115379,0.115619,0.19789,1,0.082271
0.4,F2_p50,0.115379,0.0571,REFUSE,0.115379,0.115619,0.19789,1,0.082271
0.4,F2_p50,0.115379,0.0581,REFUSE,0.115379,0.115619,0.19789,1,0.082271
0.4,F2_p50,0.115379,0.0591,REFUSE,0.115379,0.115619,0.19789,1,0.082271
0.4,F2_p50,0.115379,0.0601,REFUSE,0.115379,0.115619,0.19789,1,0.082271
0.4,F2_p50,0.115379,0.0611,REFUSE,0.115379,0.115619,0.19789,1,0.082271
0.4,F2_p50,0.115379,0.0621,REFUSE,0.115379,0.115619,0.19789,1,0.082271
0.4,F2_p50,0.115379,0.0631,REFUSE,0.115379,0.115619,0.19789,1,0.082271
0.4,F2_p50,0.115379,0.0641,REFUSE,0.115379,0.115619,0.19789,1,0.082271
0.4,F2_p50,0.115379,0.0651,REFUSE,0.115379,0.115619,0.19789,1,0.082271
0.4,F2_p50,0.115379,0.0661,REFUSE,0.115379,0.115619,0.19789,1,0.082271
0.4,F2_p50,0.115379,0.0671,REFUSE,0.115379,0.115619,0.19789,1,0.082271
0.4,F2_p50,0.115379,0.0681,REFUSE,0.115379,0.115619,0.19789,1,0.082271
0.4,F2_p50,0.115379,0.0691,REFUSE,0.115379,0.115619,0.19789,1,0.082271
0.4,F2_p50,0.115379,0.0701,REFUSE,0.115379,0.115619,0.19789,1,0.082271
0.4,F2_p50,0.115379,0.0711,REFUSE,0.115379,0.115619,0.19789,1,0.082271
0.4,F2_p50,0.115379,0.0721,REFUSE,0.115379,0.115619,0.19789,1,0.082271
0.4,F2_p50,0.115379,0.0731,REFUSE,0.115379,0.115619,0.19789,1,0.082271
0.4,F2_p50,0.115379,0.0741,REFUSE,0.115379,0.115619,0.19789,1,0.082271
0.4,F2_p50,0.115379,0.0752,REFUSE,0.115379,0.115619,0.19789,1,0.082271
0.4,F2_p50,0.115379,0.0762,REFUSE,0.115379,0.115619,0.19789,1,0.082271
0.4,F2_p50,0.115379,0.0772,REFUSE,0.115379,0.115619,0.19789,1,0.082271
0.4,F2_p50,0.115379,0.0782,REFUSE,0.115379,0.115619,0.19789,1,0.082271
0.4,F2_p50,0.115379,0.0792,REFUSE,0.115379,0.115619,0.19789,1,0.082271
0.4,F2_p50,0.115379,0.0802,REFUSE,0.115379,0.115619,0.19789,1,0.082271
0.4,F2_p50,0.115379,0.0812,REFUSE,0.115379,0.115619,0.19789,1,0.082271
0.4,F2_p50,0.115379,0.0822,REFUSE,0.115379,0.115619,0.19789,1,0.082271
0.4,F2_p50,0.115379,0.0832,REFUSE,0.115379,0.115619,0.19789,1,0.082271
0.4,F2_p50,0.115379,0.0842,REFUSE,0.115379,0.115619,0.19789,1,0.082271
0.4,F2_p50,0.115379,0.0852,REFUSE,0.115379,0.115619,0.19789,1,0.082271
0.4,F2_p50,0.115379,0.0862,REFUSE,0.115379,0.115619,0.19789,1,0.082271
0.4,F2_p50,0.115379,0.0872,REFUSE,0.115379,0.115619,0.19789,1,0.082271
0.4,F2_p50,0.115379,0.0882,REFUSE,0.115379,0.115619,0.19789,1,0.082271
0.4,F2_p50,0.115379,0.0892,REFUSE,0.115379,0.115619,0.19789,1,0.082271
0.4,F2_p50,0.115379,0.0902,REFUSE,0.115379,0.115619,0.19789,1,0.082271
0.4,F2_p50,0.115379,0.0912,REFUSE,0.115379,0.115619,0.19789,1,0.082271
0.4,F2_p50,0.115379,0.0922,REFUSE,0.115379,0.115619,0.19789,1,0.082271
0.4,F2_p50,0.115379,0.0932,REFUSE,0.115379,0.115619,0.19789,1,0.082271
0.4,F2_p50,0.115379,0.0942,REFUSE,0.115379,0.115619,0.19789,1,0.082271
0.4,F2_p50,0.115379,0.0952,REFUSE,0.115379,0.115619,0.19789,1,0.082271
0.4,F2_p50,0.115379,0.0962,REFUSE,0.115379,0.115619,0.19789,1,0.082271
0.4,F2_p50,0.115379,0.0972,REFUSE,0.115379,0.115619,0.19789,1,0.082271
0.4,F2_p50,0.115379,0.0982,REFUSE,0.115379,0.115619,0.19789,1,0.082271
0.4,F2_p50,0.115379,0.0992,REFUSE,0.115379,0.115619,0.19789,1,0.082271
0.4,F2_p50,0.115379,0.1002,REFUSE,0.115379,0.115619,0.19789,1,0.082271
0.4,F2_p50,0.115379,0.1012,REFUSE,0.115379,0.115619,0.19789,1,0.082271
0.4,F2_p50,0.115379,0.1022,REFUSE,0.115379,0.115619,0.19789,1,0.082271
0.4,F2_p50,0.115379,0.1032,REFUSE,0.115379,0.115619,0.19789,1,0.082271
0.4,F2_p50,0.115379,0.1042,REFUSE,0.115379,0.115619,0.19789,1,0.082271
0.4,F2_p50,0.115379,0.1052,REFUSE,0.115379,0.115619,0.19789,1,0.082271
0.4,F2_p50,0.115379,0.1062,REFUSE,0.115379,0.115619,0.19789,1,0.082271
0.4,F2_p50,0.115379,0.1072,REFUSE,0.115379,0.115619,0.19789,1,0.082271
0.4,F2_p50,0.115379,0.1082,REFUSE,0.115379,0.115619,0.19789,1,0.082271
0.4,F2_p50,0.115379,0.1092,REFUSE,0.115379,0.115619,0.19789,1,0.082271
0.4,F2_p50,0.115379,0.1102,REFUSE,0.115379,0.115619,0.19789,1,0.082271
0.4,F2_p50,0.115379,0.1112,REFUSE,0.115379,0.115619,0.19789,1,0.082271
0.4,F2_p50,0.115379,0.1122,REFUSE,0.115379,0.115619,0.19789,1,0.082271
0.4,F2_p50,0.115379,0.1132,REFUSE,0.115379,0.115619,0.19789,1,0.082271
0.4,F2_p50,0.115379,0.1142,REFUSE,0.115379,0.115619,0.19789,1,0.082271
0.4,F2_p50,0.115379,0.1152,REFUSE,0.115379,0.115619,0.19789,1,0.082271
0.4,F2_p50,0.115379,0.1162,ACT,0.115379,0.115619,0.19789,1,0.082271
0.4,F2_p50,0.115379,0.1172,ACT,0.115379,0.115619,0.19789,1,0.082271
0.4,F2_p50,0.115379,0.1182,ACT,0.115379,0.115619,0.19789,1,0.082271
0.4,F2_p50,0.115379,0.1192,ACT,0.115379,0.115619,0.19789,1,0.082271
0.4,F2_p50,0.115379,0.1202,ACT,0.115379,0.115619,0.19789,1,0.082271
0.4,F2_p50,0.115379,0.1212,ACT,0.115379,0.115619,0.19789,1,0.082271
0.4,F2_p50,0.115379,0.1222,ACT,0.115379,0.115619,0.19789,1,0.082271
0.4,F2_p50,0.115379,0.1232,ACT,0.115379,0.115619,0.19789,1,0.082271
0.4,F2_p50,0.115379,0.1242,ACT,0.115379,0.115619,0.19789,1,0.082271
0.4,F2_p50,0.115379,0.1253,ACT,0.115379,0.115619,0.19789,1,0.082271
0.4,F2_p50,0.115379,0.1263,ACT,0.115379,0.115619,0.19789,1,0.082271
0.4,F2_p50,0.115379,0.1273,ACT,0.115379,0.115619,0.19789,1,0.082271
0.4,F2_p50,0.115379,0.1283,ACT,0.115379,0.115619,0.19789,1,0.082271
0.4,F2_p50,0.115379,0.1293,ACT,0.115379,0.115619,0.19789,1,0.082271
0.4,F2_p50,0.115379,0.1303,ACT,0.115379,0.115619,0.19789,1,0.082271
0.4,F2_p50,0.115379,0.1313,ACT,0.115379,0.115619,0.19789,1,0.082271
0.4,F2_p50,0.115379,0.1323,ACT,0.115379,0.115619,0.19789,1,0.082271
0.4,F2_p50,0.115379,0.1333,ACT,0.115379,0.115619,0.19789,1,0.082271
0.4,F2_p50,0.115379,0.1343,ACT,0.115379,0.115619,0.19789,1,0.082271
0.4,F2_p50,0.115379,0.1353,ACT,0.115379,0.115619,0.19789,1,0.082271
0.4,F2_p50,0.115379,0.1363,ACT,0.115379,0.115619,0.19789,1,0.082271
0.4,F2_p50,0.115379,0.1373,ACT,0.115379,0.115619,0.19789,1,0.082271
0.4,F2_p50,0.115379,0.1383,ACT,0.115379,0.115619,0.19789,1,0.082271
0.4,F2_p50,0.115379,0.1393,ACT,0.115379,0.115619,0.19789,1,0.082271
0.4,F2_p50,0.115379,0.1403,ACT,0.115379,0.115619,0.19789,1,0.082271
0.4,F2_p50,0.115379,0.1413,ACT,0.115379,0.115619,0.19789,1,0.082271
0.4,F2_p50,0.115379,0.1423,ACT,0.115379,0.115619,0.19789,1,0.082271
0.4,F2_p50,0.115379,0.1433,ACT,0.115379,0.115619,0.19789,1,0.082271
0.4,F2_p50,0.115379,0.1443,ACT,0.115379,0.115619,0.19789,1,0.082271
0.4,F2_p50,0.115379,0.1453,ACT,0.115379,0.115619,0.19789,1,0.082271
0.4,F2_p50,0.115379,0.1463,ACT,0.115379,0.115619,0.19789,1,0.082271
0.4,F2_p50,0.115379,0.1473,ACT,0.115379,0.115619,0.19789,1,0.082271
0.4,F2_p50,0.115379,0.1483,ACT,0.115379,0.115619,0.19789,1,0.082271
0.4,F2_p50,0.115379,0.1493,ACT,0.115379,0.115619,0.19789,1,0.082271
0.4,F2_p50,0.115379,0.1503,ACT,0.115379,0.115619,0.19789,1,0.082271
0.4,F2_p50,0.115379,0.1513,ACT,0.115379,0.115619,0.19789,1,0.082271
0.4,F2_p50,0.115379,0.1523,ACT,0.115379,0.115619,0.19789,1,0.082271
0.4,F2_p50,0.115379,0.1533,ACT,0.115379,0.115619,0.19789,1,0.082271
0.4,F2_p50,0.115379,0.1543,ACT,0.115379,0.115619,0.19789,1,0.082271
0.4,F2_p50,0.115379,0.1553,ACT,0.115379,0.115619,0.19789,1,0.082271
0.4,F2_p50,0.115379,0.1563,ACT,0.115379,0.115619,0.19789,1,0.082271
0.4,F2_p50,0.115379,0.1573,ACT,0.115379,0.115619,0.19789,1,0.082271
0.4,F2_p50,0.115379,0.1583,ACT,0.115379,0.115619,0.19789,1,0.082271
0.4,F2_p50,0.115379,0.1593,ACT,0.115379,0.115619,0.19789,1,0.082271
0.4,F2_p50,0.115379,0.1603,ACT,0.115379,0.115619,0.19789,1,0.082271
0.4,F2_p50,0.115379,0.1613,ACT,0.115379,0.115619,0.19789,1,0.082271
0.4,F2_p50,0.115379,0.1623,ACT,0.115379,0.115619,0.19789,1,0.082271
0.4,F2_p50,0.115379,0.1633,ACT,0.115379,0.115619,0.19789,1,0.082271
0.4,F2_p50,0.115379,0.1643,ACT,0.115379,0.115619,0.19789,1,0.082271
0.4,F2_p50,0.115379,0.1653,ACT,0.115379,0.115619,0.19789,1,0.082271
0.4,F2_p50,0.115379,0.1663,ACT,0.115379,0.115619,0.19789,1,0.082271
0.4,F2_p50,0.115379,0.1673,ACT,0.115379,0.115619,0.19789,1,0.082271
0.4,F2_p50,0.115379,0.1683,ACT,0.115379,0.115619,0.19789,1,0.082271
0.4,F2_p50,0.115379,0.1693,ACT,0.115379,0.115619,0.19789,1,0.082271
0.4,F2_p50,0.115379,0.1703,ACT,0.115379,0.115619,0.19789,1,0.082271
0.4,F2_p50,0.115379,0.1713,ACT,0.115379,0.115619,0.19789,1,0.082271
0.4,F2_p50,0.115379,0.1723,ACT,0.115379,0.115619,0.19789,1,0.082271
0.4,F2_p50,0.115379,0.1733,ACT,0.115379,0.115619,0.19789,1,0.082271
0.4,F2_p50,0.115379,0.1743,ACT,0.115379,0.115619,0.19789,1,0.082271
0.4,F2_p50,0.115379,0.1754,ACT,0.115379,0.115619,0.19789,1,0.082271
0.4,F2_p50,0.115379,0.1764,ACT,0.115379,0.115619,0.19789,1,0.082271
0.4,F2_p50,0.115379,0.1774,ACT,0.115379,0.115619,0.19789,1,0.082271
0.4,F2_p50,0.115379,0.1784,ACT,0.115379,0.115619,0.19789,1,0.082271
0.4,F2_p50,0.115379,0.1794,ACT,0.115379,0.115619,0.19789,1,0.082271
0.4,F2_p50,0.115379,0.1804,ACT,0.115379,0.115619,0.19789,1,0.082271
0.4,F2_p50,0.115379,0.1814,ACT,0.115379,0.115619,0.19789,1,0.082271
0.4,F2_p50,0.115379,0.1824,ACT,0.115379,0.115619,0.19789,1,0.082271
0.4,F2_p50,0.115379,0.1834,ACT,0.115379,0.115619,0.19789,1,0.082271
0.4,F2_p50,0.115379,0.1844,ACT,0.115379,0.115619,0.19789,1,0.082271
0.4,F2_p50,0.115379,0.1854,ACT,0.115379,0.115619,0.19789,1,0.082271
0.4,F2_p50,0.115379,0.1864,ACT,0.115379,0.115619,0.19789,1,0.082271
0.4,F2_p50,0.115379,0.1874,ACT,0.115379,0.115619,0.19789,1,0.082271
0.4,F2_p50,0.115379,0.1884,ACT,0.115379,0.115619,0.19789,1,0.082271
0.4,F2_p50,0.115379,0.1894,ACT,0.115379,0.115619,0.19789,1,0.082271
0.4,F2_p50,0.115379,0.1904,ACT,0.115379,0.115619,0.19789,1,0.082271
0.4,F2_p50,0.115379,0.1914,ACT,0.115379,0.115619,0.19789,1,0.082271
0.4,F2_p50,0.115379,0.1924,ACT,0.115379,0.115619,0.19789,1,0.082271
0.4,F2_p50,0.115379,0.1934,ACT,0.115379,0.115619,0.19789,1,0.082271
0.4,F2_p50,0.115379,0.1944,ACT,0.115379,0.115619,0.19789,1,0.082271
0.4,F2_p50,0.115379,0.1954,ACT,0.115379,0.115619,0.19789,1,0.082271
0.4,F2_p50,0.115379,0.1964,ACT,0.115379,0.115619,0.19789,1,0.082271
0.4,F2_p50,0.115379,0.1974,ACT,0.115379,0.115619,0.19789,1,0.082271
0.4,F2_p50,0.115379,0.1984,ACT,0.115379,0.115619,0.19789,1,0.082271
0.4,F2_p50,0.115379,0.1994,ACT,0.115379,0.115619,0.19789,1,0.082271
0.4,F2_p50,0.115379,0.2004,ACT,0.115379,0.115619,0.19789,1,0.082271
0.4,F2_p50,0.115379,0.2014,ACT,0.115379,0.115619,0.19789,1,0.082271
0.4,F2_p50,0.115379,0.2024,ACT,0.115379,0.115619,0.19789,1,0.082271
0.4,F2_p50,0.115379,0.2034,ACT,0.115379,0.115619,0.19789,1,0.082271
0.4,F2_p50,0.115379,0.2044,ACT,0.115379,0.115619,0.19789,1,0.082271
0.4,F2_p50,0.115379,0.2054,ACT,0.115379,0.115619,0.19789,1,0.082271
0.4,F2_p50,0.115379,0.2064,ACT,0.115379,0.115619,0.19789,1,0.082271
0.4,F2_p50,0.115379,0.2074,ACT,0.115379,0.115619,0.19789,1,0.082271
0.4,F2_p50,0.115379,0.2084,ACT,0.115379,0.115619,0.19789,1,0.082271
0.4,F2_p50,0.115379,0.2094,ACT,0.115379,0.115619,0.19789,1,0.082271
0.4,F2_p50,0.115379,0.2104,ACT,0.115379,0.115619,0.19789,1,0.082271
0.4,F2_p50,0.115379,0.2114,ACT,0.115379,0.115619,0.19789,1,0.082271
0.4,F2_p50,0.115379,0.2124,ACT,0.115379,0.115619,0.19789,1,0.082271
0.4,F2_p50,0.115379,0.2134,ACT,0.115379,0.115619,0.19789,1,0.082271
0.4,F2_p50,0.115379,0.2144,ACT,0.115379,0.115619,0.19789,1,0.082271
0.4,F2_p50,0.115379,0.2154,ACT,0.115379,0.115619,0.19789,1,0.082271
0.4,F2_p50,0.115379,0.2164,ACT,0.115379,0.115619,0.19789,1,0.082271
0.4,F2_p50,0.115379,0.2174,ACT,0.115379,0.115619,0.19789,1,0.082271
0.4,F2_p50,0.115379,0.2184,ACT,0.115379,0.115619,0.19789,1,0.082271
0.4,F2_p50,0.115379,0.2194,ACT,0.115379,0.115619,0.19789,1,0.082271
0.4,F2_p50,0.115379,0.2204,ACT,0.115379,0.115619,0.19789,1,0.082271
0.4,F2_p50,0.115379,0.2214,ACT,0.115379,0.115619,0.19789,1,0.082271
0.4,F2_p50,0.115379,0.2224,ACT,0.115379,0.115619,0.19789,1,0.082271
0.4,F2_p50,0.115379,0.2234,ACT,0.115379,0.115619,0.19789,1,0.082271
0.4,F2_p50,0.115379,0.2244,ACT,0.115379,0.115619,0.19789,1,0.082271
0.4,F2_p50,0.115379,0.2255,ACT,0.115379,0.115619,0.19789,1,0.082271
0.4,F2_p50,0.115379,0.2265,ACT,0.115379,0.115619,0.19789,1,0.082271
0.4,F2_p50,0.115379,0.2275,ACT,0.115379,0.115619,0.19789,1,0.082271
0.4,F2_p50,0.115379,0.2285,ACT,0.115379,0.115619,0.19789,1,0.082271
0.4,F2_p50,0.115379,0.2295,ACT,0.115379,0.115619,0.19789,1,0.082271
0.4,F2_p50,0.115379,0.2305,ACT,0.115379,0.115619,0.19789,1,0.082271
0.4,F2_p50,0.115379,0.2315,ACT,0.115379,0.115619,0.19789,1,0.082271
0.4,F2_p50,0.115379,0.2325,ACT,0.115379,0.115619,0.19789,1,0.082271
0.4,F2_p50,0.115379,0.2335,ACT,0.115379,0.115619,0.19789,1,0.082271
0.4,F2_p50,0.115379,0.2345,ACT,0.115379,0.115619,0.19789,1,0.082271
0.4,F2_p50,0.115379,0.2355,ACT,0.115379,0.115619,0.19789,1,0.082271
0.4,F2_p50,0.115379,0.2365,ACT,0.115379,0.115619,0.19789,1,0.082271
0.4,F2_p50,0.115379,0.2375,ACT,0.115379,0.115619,0.19789,1,0.082271
0.4,F2_p50,0.115379,0.2385,ACT,0.115379,0.115619,0.19789,1,0.082271
0.4,F2_p50,0.115379,0.2395,ACT,0.115379,0.115619,0.19789,1,0.082271
0.4,F2_p50,0.115379,0.2405,ACT,0.115379,0.115619,0.19789,1,0.082271
0.4,F2_p50,0.115379,0.2415,ACT,0.115379,0.115619,0.19789,1,0.082271
0.4,F2_p50,0.115379,0.2425,ACT,0.115379,0.115619,0.19789,1,0.082271
0.4,F2_p50,0.115379,0.2435,ACT,0.115379,0.115619,0.19789,1,0.082271
0.4,F2_p50,0.115379,0.2445,ACT,0.115379,0.115619,0.19789,1,0.082271
0.4,F2_p50,0.115379,0.2455,ACT,0.115379,0.115619,0.19789,1,0.082271
0.4,F2_p50,0.115379,0.2465,ACT,0.115379,0.115619,0.19789,1,0.082271
0.4,F2_p50,0.115379,0.2475,ACT,0.115379,0.115619,0.19789,1,0.082271
0.4,F2_p50,0.115379,0.2485,ACT,0.115379,0.115619,0.19789,1,0.082271
0.4,F2_p50,0.115379,0.2495,ACT,0.115379,0.115619,0.19789,1,0.082271
0.4,F2_p50,0.115379,0.2505,ACT,0.115379,0.115619,0.19789,1,0.082271
0.4,F2_p50,0.115379,0.2515,ACT,0.115379,0.115619,0.19789,1,0.082271
0.4,F2_p50,0.115379,0.2525,ACT,0.115379,0.115619,0.19789,1,0.082271
0.4,F2_p50,0.115379,0.2535,ACT,0.115379,0.115619,0.19789,1,0.082271
0.4,F2_p50,0.115379,0.2545,ACT,0.115379,0.115619,0.19789,1,0.082271
0.4,F2_p50,0.115379,0.2555,ACT,0.115379,0.115619,0.19789,1,0.082271
0.4,F2_p50,0.115379,0.2565,ACT,0.115379,0.115619,0.19789,1,0.082271
0.4,F2_p50,0.115379,0.2575,ACT,0.115379,0.115619,0.19789,1,0.082271
0.4,F2_p50,0.115379,0.2585,ACT,0.115379,0.115619,0.19789,1,0.082271
0.4,F2_p50,0.115379,0.2595,ACT,0.115379,0.115619,0.19789,1,0.082271
0.4,F2_p50,0.115379,0.2605,ACT,0.115379,0.115619,0.19789,1,0.082271
0.4,F2_p50,0.115379,0.2615,ACT,0.115379,0.115619,0.19789,1,0.082271
0.4,F2_p50,0.115379,0.2625,ACT,0.115379,0.115619,0.19789,1,0.082271
0.4,F2_p50,0.115379,0.2635,ACT,0.115379,0.115619,0.19789,1,0.082271
0.4,F2_p50,0.115379,0.2645,ACT,0.115379,0.115619,0.19789,1,0.082271
0.4,F2_p50,0.115379,0.2655,ACT,0.115379,0.115619,0.19789,1,0.082271
0.4,F2_p50,0.115379,0.2665,ACT,0.115379,0.115619,0.19789,1,0.082271
0.4,F2_p50,0.115379,0.2675,ACT,0.115379,0.115619,0.19789,1,0.082271
0.4,F2_p50,0.115379,0.2685,ACT,0.115379,0.115619,0.19789,1,0.082271
0.4,F2_p50,0.115379,0.2695,ACT,0.115379,0.115619,0.19789,1,0.082271
0.4,F2_p50,0.115379,0.2705,ACT,0.115379,0.115619,0.19789,1,0.082271
0.4,F2_p50,0.115379,0.2715,ACT,0.115379,0.115619,0.19789,1,0.082271
0.4,F2_p50,0.115379,0.2725,ACT,0.115379,0.115619,0.19789,1,0.082271
0.4,F2_p50,0.115379,0.2735,ACT,0.115379,0.115619,0.19789,1,0.082271
0.4,F2_p50,0.115379,0.2745,ACT,0.115379,0.115619,0.19789,1,0.082271
0.4,F2_p50,0.115379,0.2756,ACT,0.115379,0.115619,0.19789,1,0.082271
0.4,F2_p50,0.115379,0.2766,ACT,0.115379,0.115619,0.19789,1,0.082271
0.4,F2_p50,0.115379,0.2776,ACT,0.115379,0.115619,0.19789,1,0.082271
0.4,F2_p50,0.115379,0.2786,ACT,0.115379,0.115619,0.19789,1,0.082271
0.4,F2_p50,0.115379,0.2796,ACT,0.115379,0.115619,0.19789,1,0.082271
0.4,F2_p50,0.115379,0.2806,ACT,0.115379,0.115619,0.19789,1,0.082271
0.4,F2_p50,0.115379,0.2816,ACT,0.115379,0.115619,0.19789,1,0.082271
0.4,F2_p50,0.115379,0.2826,ACT,0.115379,0.115619,0.19789,1,0.082271
0.4,F2_p50,0.115379,0.2836,ACT,0.115379,0.115619,0.19789,1,0.082271
0.4,F2_p50,0.115379,0.2846,ACT,0.115379,0.115619,0.19789,1,0.082271
0.4,F2_p50,0.115379,0.2856,ACT,0.115379,0.115619,0.19789,1,0.082271
0.4,F2_p50,0.115379,0.2866,ACT,0.115379,0.115619,0.19789,1,0.082271
0.4,F2_p50,0.115379,0.2876,ACT,0.115379,0.115619,0.19789,1,0.082271
0.4,F2_p50,0.115379,0.2886,ACT,0.115379,0.115619,0.19789,1,0.082271
0.4,F2_p50,0.115379,0.2896,ACT,0.115379,0.115619,0.19789,1,0.082271
0.4,F2_p50,0.115379,0.2906,ACT,0.115379,0.115619,0.19789,1,0.082271
0.4,F2_p50,0.115379,0.2916,ACT,0.115379,0.115619,0.19789,1,0.082271
0.4,F2_p50,0.115379,0.2926,ACT,0.115379,0.115619,0.19789,1,0.082271
0.4,F2_p50,0.115379,0.2936,ACT,0.115379,0.115619,0.19789,1,0.082271
0.4,F2_p50,0.115379,0.2946,ACT,0.115379,0.115619,0.19789,1,0.082271
0.4,F2_p50,0.115379,0.2956,ACT,0.115379,0.115619,0.19789,1,0.082271
0.4,F2_p50,0.115379,0.2966,ACT,0.115379,0.115619,0.19789,1,0.082271
0.4,F2_p50,0.115379,0.2976,ACT,0.115379,0.115619,0.19789,1,0.082271
0.4,F2_p50,0.115379,0.2986,ACT,0.115379,0.115619,0.19789,1,0.082271
0.4,F2_p50,0.115379,0.2996,ACT,0.115379,0.115619,0.19789,1,0.082271
0.4,F2_p50,0.115379,0.3006,ACT,0.115379,0.115619,0.19789,1,0.082271
0.4,F2_p50,0.115379,0.3016,ACT,0.115379,0.115619,0.19789,1,0.082271
0.4,F2_p50,0.115379,0.3026,ACT,0.115379,0.115619,0.19789,1,0.082271
0.4,F2_p50,0.115379,0.3036,ACT,0.115379,0.115619,0.19789,1,0.082271
0.4,F2_p50,0.115379,0.3046,ACT,0.115379,0.115619,0.19789,1,0.082271
0.4,F2_p50,0.115379,0.3056,ACT,0.115379,0.115619,0.19789,1,0.082271
0.4,F2_p50,0.115379,0.3066,ACT,0.115379,0.115619,0.19789,1,0.082271
0.4,F2_p50,0.115379,0.3076,ACT,0.115379,0.115619,0.19789,1,0.082271
0.4,F2_p50,0.115379,0.3086,ACT,0.115379,0.115619,0.19789,1,0.082271
0.4,F2_p50,0.115379,0.3096,ACT,0.115379,0.115619,0.19789,1,0.082271
0.4,F2_p50,0.115379,0.3106,ACT,0.115379,0.115619,0.19789,1,0.082271
0.4,F2_p50,0.115379,0.3116,ACT,0.115379,0.115619,0.19789,1,0.082271
0.4,F2_p50,0.115379,0.3126,ACT,0.115379,0.115619,0.19789,1,0.082271
0.4,F2_p50,0.115379,0.3136,ACT,0.115379,0.115619,0.19789,1,0.082271
0.4,F2_p50,0.115379,0.3146,ACT,0.115379,0.115619,0.19789,1,0.082271
0.4,F2_p50,0.115379,0.3156,ACT,0.115379,0.115619,0.19789,1,0.082271
0.4,F2_p50,0.115379,0.3166,ACT,0.115379,0.115619,0.19789,1,0.082271
0.4,F2_p50,0.115379,0.3176,ACT,0.115379,0.115619,0.19789,1,0.082271
0.4,F2_p50,0.115379,0.3186,ACT,0.115379,0.115619,0.19789,1,0.082271
0.4,F2_p50,0.115379,0.3196,ACT,0.115379,0.115619,0.19789,1,0.082271
0.4,F2_p50,0.115379,0.3206,ACT,0.115379,0.115619,0.19789,1,0.082271
0.4,F2_p50,0.115379,0.3216,ACT,0.115379,0.115619,0.19789,1,0.082271
0.4,F2_p50,0.115379,0.3226,ACT,0.115379,0.115619,0.19789,1,0.082271
0.4,F2_p50,0.115379,0.3236,ACT,0.115379,0.115619,0.19789,1,0.082271
0.4,F2_p50,0.115379,0.3246,ACT,0.115379,0.115619,0.19789,1,0.082271
0.4,F2_p50,0.115379,0.3257,ACT,0.115379,0.115619,0.19789,1,0.082271
0.4,F2_p50,0.115379,0.3267,ACT,0.115379,0.115619,0.19789,1,0.082271
0.4,F2_p50,0.115379,0.3277,ACT,0.115379,0.115619,0.19789,1,0.082271
0.4,F2_p50,0.115379,0.3287,ACT,0.115379,0.115619,0.19789,1,0.082271
0.4,F2_p50,0.115379,0.3297,ACT,0.115379,0.115619,0.19789,1,0.082271
0.4,F2_p50,0.115379,0.3307,ACT,0.115379,0.115619,0.19789,1,0.082271
0.4,F2_p50,0.115379,0.3317,ACT,0.115379,0.115619,0.19789,1,0.082271
0.4,F2_p50,0.115379,0.3327,ACT,0.115379,0.115619,0.19789,1,0.082271
0.4,F2_p50,0.115379,0.3337,ACT,0.115379,0.115619,0.19789,1,0.082271
0.4,F2_p50,0.115379,0.3347,ACT,0.115379,0.115619,0.19789,1,0.082271
0.4,F2_p50,0.115379,0.3357,ACT,0.115379,0.115619,0.19789,1,0.082271
0.4,F2_p50,0.115379,0.3367,ACT,0.115379,0.115619,0.19789,1,0.082271
0.4,F2_p50,0.115379,0.3377,ACT,0.115379,0.115619,0.19789,1,0.082271
0.4,F2_p50,0.115379,0.3387,ACT,0.115379,0.115619,0.19789,1,0.082271
0.4,F2_p50,0.115379,0.3397,ACT,0.115379,0.115619,0.19789,1,0.082271
0.4,F2_p50,0.115379,0.3407,ACT,0.115379,0.115619,0.19789,1,0.082271
0.4,F2_p50,0.115379,0.3417,ACT,0.115379,0.115619,0.19789,1,0.082271
0.4,F2_p50,0.115379,0.3427,ACT,0.115379,0.115619,0.19789,1,0.082271
0.4,F2_p50,0.115379,0.3437,ACT,0.115379,0.115619,0.19789,1,0.082271
0.4,F2_p50,0.115379,0.3447,ACT,0.115379,0.115619,0.19789,1,0.082271
0.4,F2_p50,0.115379,0.3457,ACT,0.115379,0.115619,0.19789,1,0.082271
0.4,F2_p50,0.115379,0.3467,ACT,0.115379,0.115619,0.19789,1,0.082271
0.4,F2_p50,0.115379,0.3477,ACT,0.115379,0.115619,0.19789,1,0.082271
0.4,F2_p50,0.115379,0.3487,ACT,0.115379,0.115619,0.19789,1,0.082271
0.4,F2_p50,0.115379,0.3497,ACT,0.115379,0.115619,0.19789,1,0.082271
0.4,F2_p50,0.115379,0.3507,ACT,0.115379,0.115619,0.19789,1,0.082271
0.4,F2_p50,0.115379,0.3517,ACT,0.115379,0.115619,0.19789,1,0.082271
0.4,F2_p50,0.115379,0.3527,ACT,0.115379,0.115619,0.19789,1,0.082271
0.4,F2_p50,0.115379,0.3537,ACT,0.115379,0.115619,0.19789,1,0.082271
0.4,F2_p50,0.115379,0.3547,ACT,0.115379,0.115619,0.19789,1,0.082271
0.4,F2_p50,0.115379,0.3557,ACT,0.115379,0.115619,0.19789,1,0.082271
0.4,F2_p50,0.115379,0.3567,ACT,0.115379,0.115619,0.19789,1,0.082271
0.4,F2_p50,0.115379,0.3577,ACT,0.115379,0.115619,0.19789,1,0.082271
0.4,F2_p50,0.115379,0.3587,ACT,0.115379,0.115619,0.19789,1,0.082271
0.4,F2_p50,0.115379,0.3597,ACT,0.115379,0.115619,0.19789,1,0.082271
0.4,F2_p50,0.115379,0.3607,ACT,0.115379,0.115619,0.19789,1,0.082271
0.4,F2_p50,0.115379,0.3617,ACT,0.115379,0.115619,0.19789,1,0.082271
0.4,F2_p50,0.115379,0.3627,ACT,0.115379,0.115619,0.19789,1,0.082271
0.4,F2_p50,0.115379,0.3637,ACT,0.115379,0.115619,0.19789,1,0.082271
0.4,F2_p50,0.115379,0.3647,ACT,0.115379,0.115619,0.19789,1,0.082271
0.4,F2_p50,0.115379,0.3657,ACT,0.115379,0.115619,0.19789,1,0.082271
0.4,F2_p50,0.115379,0.3667,ACT,0.115379,0.115619,0.19789,1,0.082271
0.4,F2_p50,0.115379,0.3677,ACT,0.115379,0.115619,0.19789,1,0.082271
0.4,F2_p50,0.115379,0.3687,ACT,0.115379,0.115619,0.19789,1,0.082271
0.4,F2_p50,0.115379,0.3697,ACT,0.115379,0.115619,0.19789,1,0.082271
0.4,F2_p50,0.115379,0.3707,ACT,0.115379,0.115619,0.19789,1,0.082271
0.4,F2_p50,0.115379,0.3717,ACT,0.115379,0.115619,0.19789,1,0.082271
0.4,F2_p50,0.115379,0.3727,ACT,0.115379,0.115619,0.19789,1,0.082271
0.4,F2_p50,0.115379,0.3737,ACT,0.115379,0.115619,0.19789,1,0.082271
0.4,F2_p50,0.115379,0.3747,ACT,0.115379,0.115619,0.19789,1,0.082271
0.4,F2_p50,0.115379,0.3758,ACT,0.115379,0.115619,0.19789,1,0.082271
0.4,F2_p50,0.115379,0.3768,ACT,0.115379,0.115619,0.19789,1,0.082271
0.4,F2_p50,0.115379,0.3778,ACT,0.115379,0.115619,0.19789,1,0.082271
0.4,F2_p50,0.115379,0.3788,ACT,0.115379,0.115619,0.19789,1,0.082271
0.4,F2_p50,0.115379,0.3798,ACT,0.115379,0.115619,0.19789,1,0.082271
0.4,F2_p50,0.115379,0.3808,ACT,0.115379,0.115619,0.19789,1,0.082271
0.4,F2_p50,0.115379,0.3818,ACT,0.115379,0.115619,0.19789,1,0.082271
0.4,F2_p50,0.115379,0.3828,ACT,0.115379,0.115619,0.19789,1,0.082271
0.4,F2_p50,0.115379,0.3838,ACT,0.115379,0.115619,0.19789,1,0.082271
0.4,F2_p50,0.115379,0.3848,ACT,0.115379,0.115619,0.19789,1,0.082271
0.4,F2_p50,0.115379,0.3858,ACT,0.115379,0.115619,0.19789,1,0.082271
0.4,F2_p50,0.115379,0.3868,ACT,0.115379,0.115619,0.19789,1,0.082271
0.4,F2_p50,0.115379,0.3878,ACT,0.115379,0.115619,0.19789,1,0.082271
0.4,F2_p50,0.115379,0.3888,ACT,0.115379,0.115619,0.19789,1,0.082271
0.4,F2_p50,0.115379,0.3898,ACT,0.115379,0.115619,0.19789,1,0.082271
0.4,F2_p50,0.115379,0.3908,ACT,0.115379,0.115619,0.19789,1,0.082271
0.4,F2_p50,0.115379,0.3918,ACT,0.115379,0.115619,0.19789,1,0.082271
0.4,F2_p50,0.115379,0.3928,ACT,0.115379,0.115619,0.19789,1,0.082271
0.4,F2_p50,0.115379,0.3938,ACT,0.115379,0.115619,0.19789,1,0.082271
0.4,F2_p50,0.115379,0.3948,ACT,0.115379,0.115619,0.19789,1,0.082271
0.4,F2_p50,0.115379,0.3958,ACT,0.115379,0.115619,0.19789,1,0.082271
0.4,F2_p50,0.115379,0.3968,ACT,0.115379,0.115619,0.19789,1,0.082271
0.4,F2_p50,0.115379,0.3978,ACT,0.115379,0.115619,0.19789,1,0.082271
0.4,F2_p50,0.115379,0.3988,ACT,0.115379,0.115619,0.19789,1,0.082271
0.4,F2_p50,0.115379,0.3998,ACT,0.115379,0.115619,0.19789,1,0.082271
0.4,F2_p50,0.115379,0.4008,ACT,0.115379,0.115619,0.19789,1,0.082271
0.4,F2_p50,0.115379,0.4018,ACT,0.115379,0.115619,0.19789,1,0.082271
0.4,F2_p50,0.115379,0.4028,ACT,0.115379,0.115619,0.19789,1,0.082271
0.4,F2_p50,0.115379,0.4038,ACT,0.115379,0.115619,0.19789,1,0.082271
0.4,F2_p50,0.115379,0.4048,ACT,0.115379,0.115619,0.19789,1,0.082271
0.4,F2_p50,0.115379,0.4058,ACT,0.115379,0.115619,0.19789,1,0.082271
0.4,F2_p50,0.115379,0.4068,ACT,0.115379,0.115619,0.19789,1,0.082271
0.4,F2_p50,0.115379,0.4078,ACT,0.115379,0.115619,0.19789,1,0.082271
0.4,F2_p50,0.115379,0.4088,ACT,0.115379,0.115619,0.19789,1,0.082271
0.4,F2_p50,0.115379,0.4098,ACT,0.115379,0.115619,0.19789,1,0.082271
0.4,F2_p50,0.115379,0.4108,ACT,0.115379,0.115619,0.19789,1,0.082271
0.4,F2_p50,0.115379,0.4118,ACT,0.115379,0.115619,0.19789,1,0.082271
0.4,F2_p50,0.115379,0.4128,ACT,0.115379,0.115619,0.19789,1,0.082271
0.4,F2_p50,0.115379,0.4138,ACT,0.115379,0.115619,0.19789,1,0.082271
0.4,F2_p50,0.115379,0.4148,ACT,0.115379,0.115619,0.19789,1,0.082271
0.4,F2_p50,0.115379,0.4158,ACT,0.115379,0.115619,0.19789,1,0.082271
0.4,F2_p50,0.115379,0.4168,ACT,0.115379,0.115619,0.19789,1,0.082271
0.4,F2_p50,0.115379,0.4178,ACT,0.115379,0.115619,0.19789,1,0.082271
0.4,F2_p50,0.115379,0.4188,ACT,0.115379,0.115619,0.19789,1,0.082271
0.4,F2_p50,0.115379,0.4198,ACT,0.115379,0.115619,0.19789,1,0.082271
0.4,F2_p50,0.115379,0.4208,ACT,0.115379,0.115619,0.19789,1,0.082271
0.4,F2_p50,0.115379,0.4218,ACT,0.115379,0.115619,0.19789,1,0.082271
0.4,F2_p50,0.115379,0.4228,ACT,0.115379,0.115619,0.19789,1,0.082271
0.4,F2_p50,0.115379,0.4238,ACT,0.115379,0.115619,0.19789,1,0.082271
0.4,F2_p50,0.115379,0.4248,ACT,0.115379,0.115619,0.19789,1,0.082271
0.4,F2_p50,0.115379,0.4259,ACT,0.115379,0.115619,0.19789,1,0.082271
0.4,F2_p50,0.115379,0.4269,ACT,0.115379,0.115619,0.19789,1,0.082271
0.4,F2_p50,0.115379,0.4279,ACT,0.115379,0.115619,0.19789,1,0.082271
0.4,F2_p50,0.115379,0.4289,ACT,0.115379,0.115619,0.19789,1,0.082271
0.4,F2_p50,0.115379,0.4299,ACT,0.115379,0.115619,0.19789,1,0.082271
0.4,F2_p50,0.115379,0.4309,ACT,0.115379,0.115619,0.19789,1,0.082271
0.4,F2_p50,0.115379,0.4319,ACT,0.115379,0.115619,0.19789,1,0.082271
0.4,F2_p50,0.115379,0.4329,ACT,0.115379,0.115619,0.19789,1,0.082271
0.4,F2_p50,0.115379,0.4339,ACT,0.115379,0.115619,0.19789,1,0.082271
0.4,F2_p50,0.115379,0.4349,ACT,0.115379,0.115619,0.19789,1,0.082271
0.4,F2_p50,0.115379,0.4359,ACT,0.115379,0.115619,0.19789,1,0.082271
0.4,F2_p50,0.115379,0.4369,ACT,0.115379,0.115619,0.19789,1,0.082271
0.4,F2_p50,0.115379,0.4379,ACT,0.115379,0.115619,0.19789,1,0.082271
0.4,F2_p50,0.115379,0.4389,ACT,0.115379,0.115619,0.19789,1,0.082271
0.4,F2_p50,0.115379,0.4399,ACT,0.115379,0.115619,0.19789,1,0.082271
0.4,F2_p50,0.115379,0.4409,ACT,0.115379,0.115619,0.19789,1,0.082271
0.4,F2_p50,0.115379,0.4419,ACT,0.115379,0.115619,0.19789,1,0.082271
0.4,F2_p50,0.115379,0.4429,ACT,0.115379,0.115619,0.19789,1,0.082271
0.4,F2_p50,0.115379,0.4439,ACT,0.115379,0.115619,0.19789,1,0.082271
0.4,F2_p50,0.115379,0.4449,ACT,0.115379,0.115619,0.19789,1,0.082271
0.4,F2_p50,0.115379,0.4459,ACT,0.115379,0.115619,0.19789,1,0.082271
0.4,F2_p50,0.115379,0.4469,ACT,0.115379,0.115619,0.19789,1,0.082271
0.4,F2_p50,0.115379,0.4479,ACT,0.115379,0.115619,0.19789,1,0.082271
0.4,F2_p50,0.115379,0.4489,ACT,0.115379,0.115619,0.19789,1,0.082271
0.4,F2_p50,0.115379,0.4499,ACT,0.115379,0.115619,0.19789,1,0.082271
0.4,F2_p50,0.115379,0.4509,ACT,0.115379,0.115619,0.19789,1,0.082271
0.4,F2_p50,0.115379,0.4519,ACT,0.115379,0.115619,0.19789,1,0.082271
0.4,F2_p50,0.115379,0.4529,ACT,0.115379,0.115619,0.19789,1,0.082271
0.4,F2_p50,0.115379,0.4539,ACT,0.115379,0.115619,0.19789,1,0.082271
0.4,F2_p50,0.115379,0.4549,ACT,0.115379,0.115619,0.19789,1,0.082271
0.4,F2_p50,0.115379,0.4559,ACT,0.115379,0.115619,0.19789,1,0.082271
0.4,F2_p50,0.115379,0.4569,ACT,0.115379,0.115619,0.19789,1,0.082271
0.4,F2_p50,0.115379,0.4579,ACT,0.115379,0.115619,0.19789,1,0.082271
0.4,F2_p50,0.115379,0.4589,ACT,0.115379,0.115619,0.19789,1,0.082271
0.4,F2_p50,0.115379,0.4599,ACT,0.115379,0.115619,0.19789,1,0.082271
0.4,F2_p50,0.115379,0.4609,ACT,0.115379,0.115619,0.19789,1,0.082271
0.4,F2_p50,0.115379,0.4619,ACT,0.115379,0.115619,0.19789,1,0.082271
0.4,F2_p50,0.115379,0.4629,ACT,0.115379,0.115619,0.19789,1,0.082271
0.4,F2_p50,0.115379,0.4639,ACT,0.115379,0.115619,0.19789,1,0.082271
0.4,F2_p50,0.115379,0.4649,ACT,0.115379,0.115619,0.19789,1,0.082271
0.4,F2_p50,0.115379,0.4659,ACT,0.115379,0.115619,0.19789,1,0.082271
0.4,F2_p50,0.115379,0.4669,ACT,0.115379,0.115619,0.19789,1,0.082271
0.4,F2_p50,0.115379,0.4679,ACT,0.115379,0.115619,0.19789,1,0.082271
0.4,F2_p50,0.115379,0.4689,ACT,0.115379,0.115619,0.19789,1,0.082271
0.4,F2_p50,0.115379,0.4699,ACT,0.115379,0.115619,0.19789,1,0.082271
0.4,F2_p50,0.115379,0.4709,ACT,0.115379,0.115619,0.19789,1,0.082271
0.4,F2_p50,0.115379,0.4719,ACT,0.115379,0.115619,0.19789,1,0.082271
0.4,F2_p50,0.115379,0.4729,ACT,0.115379,0.115619,0.19789,1,0.082271
0.4,F2_p50,0.115379,0.4739,ACT,0.115379,0.115619,0.19789,1,0.082271
0.4,F2_p50,0.115379,0.4749,ACT,0.115379,0.115619,0.19789,1,0.082271
0.4,F2_p50,0.115379,0.476,ACT,0.115379,0.115619,0.19789,1,0.082271
0.4,F2_p50,0.115379,0.477,ACT,0.115379,0.115619,0.19789,1,0.082271
0.4,F2_p50,0.115379,0.478,ACT,0.115379,0.115619,0.19789,1,0.082271
0.4,F2_p50,0.115379,0.479,ACT,0.115379,0.115619,0.19789,1,0.082271
0.4,F2_p50,0.115379,0.48,ACT,0.115379,0.115619,0.19789,1,0.082271
0.4,F2_p50,0.115379,0.481,ACT,0.115379,0.115619,0.19789,1,0.082271
0.4,F2_p50,0.115379,0.482,ACT,0.115379,0.115619,0.19789,1,0.082271
0.4,F2_p50,0.115379,0.483,ACT,0.115379,0.115619,0.19789,1,0.082271
0.4,F2_p50,0.115379,0.484,ACT,0.115379,0.115619,0.19789,1,0.082271
0.4,F2_p50,0.115379,0.485,ACT,0.115379,0.115619,0.19789,1,0.082271
0.4,F2_p50,0.115379,0.486,ACT,0.115379,0.115619,0.19789,1,0.082271
0.4,F2_p50,0.115379,0.487,ACT,0.115379,0.115619,0.19789,1,0.082271
0.4,F2_p50,0.115379,0.488,ACT,0.115379,0.115619,0.19789,1,0.082271
0.4,F2_p50,0.115379,0.489,ACT,0.115379,0.115619,0.19789,1,0.082271
0.4,F2_p50,0.115379,0.49,ACT,0.115379,0.115619,0.19789,1,0.082271
0.4,F2_p50,0.115379,0.491,ACT,0.115379,0.115619,0.19789,1,0.082271
0.4,F2_p50,0.115379,0.492,ACT,0.115379,0.115619,0.19789,1,0.082271
0.4,F2_p50,0.115379,0.493,ACT,0.115379,0.115619,0.19789,1,0.082271
0.4,F2_p50,0.115379,0.494,ACT,0.115379,0.115619,0.19789,1,0.082271
0.4,F2_p50,0.115379,0.495,ACT,0.115379,0.115619,0.19789,1,0.082271
0.4,F2_p50,0.115379,0.496,ACT,0.115379,0.115619,0.19789,1,0.082271
0.4,F2_p50,0.115379,0.497,ACT,0.115379,0.115619,0.19789,1,0.082271
0.4,F2_p50,0.115379,0.498,ACT,0.115379,0.115619,0.19789,1,0.082271
0.4,F2_p50,0.115379,0.499,ACT,0.115379,0.115619,0.19789,1,0.082271
0.4,F2_p50,0.115379,0.5,ACT,0.115379,0.115619,0.19789,1,0.082271
0.4,F3_p75,0.143865,0.0,REFUSE,0.143865,0.115619,0.19789,1,0.082271
0.4,F3_p75,0.143865,0.001,REFUSE,0.143865,0.115619,0.19789,1,0.082271
0.4,F3_p75,0.143865,0.002,REFUSE,0.143865,0.115619,0.19789,1,0.082271
0.4,F3_p75,0.143865,0.003,REFUSE,0.143865,0.115619,0.19789,1,0.082271
0.4,F3_p75,0.143865,0.004,REFUSE,0.143865,0.115619,0.19789,1,0.082271
0.4,F3_p75,0.143865,0.005,REFUSE,0.143865,0.115619,0.19789,1,0.082271
0.4,F3_p75,0.143865,0.006,REFUSE,0.143865,0.115619,0.19789,1,0.082271
0.4,F3_p75,0.143865,0.007,REFUSE,0.143865,0.115619,0.19789,1,0.082271
0.4,F3_p75,0.143865,0.008,REFUSE,0.143865,0.115619,0.19789,1,0.082271
0.4,F3_p75,0.143865,0.009,REFUSE,0.143865,0.115619,0.19789,1,0.082271
0.4,F3_p75,0.143865,0.01,REFUSE,0.143865,0.115619,0.19789,1,0.082271
0.4,F3_p75,0.143865,0.011,REFUSE,0.143865,0.115619,0.19789,1,0.082271
0.4,F3_p75,0.143865,0.012,REFUSE,0.143865,0.115619,0.19789,1,0.082271
0.4,F3_p75,0.143865,0.013,REFUSE,0.143865,0.115619,0.19789,1,0.082271
0.4,F3_p75,0.143865,0.014,REFUSE,0.143865,0.115619,0.19789,1,0.082271
0.4,F3_p75,0.143865,0.015,REFUSE,0.143865,0.115619,0.19789,1,0.082271
0.4,F3_p75,0.143865,0.016,REFUSE,0.143865,0.115619,0.19789,1,0.082271
0.4,F3_p75,0.143865,0.017,REFUSE,0.143865,0.115619,0.19789,1,0.082271
0.4,F3_p75,0.143865,0.018,REFUSE,0.143865,0.115619,0.19789,1,0.082271
0.4,F3_p75,0.143865,0.019,REFUSE,0.143865,0.115619,0.19789,1,0.082271
0.4,F3_p75,0.143865,0.02,REFUSE,0.143865,0.115619,0.19789,1,0.082271
0.4,F3_p75,0.143865,0.021,REFUSE,0.143865,0.115619,0.19789,1,0.082271
0.4,F3_p75,0.143865,0.022,REFUSE,0.143865,0.115619,0.19789,1,0.082271
0.4,F3_p75,0.143865,0.023,REFUSE,0.143865,0.115619,0.19789,1,0.082271
0.4,F3_p75,0.143865,0.024,REFUSE,0.143865,0.115619,0.19789,1,0.082271
0.4,F3_p75,0.143865,0.0251,REFUSE,0.143865,0.115619,0.19789,1,0.082271
0.4,F3_p75,0.143865,0.0261,REFUSE,0.143865,0.115619,0.19789,1,0.082271
0.4,F3_p75,0.143865,0.0271,REFUSE,0.143865,0.115619,0.19789,1,0.082271
0.4,F3_p75,0.143865,0.0281,REFUSE,0.143865,0.115619,0.19789,1,0.082271
0.4,F3_p75,0.143865,0.0291,REFUSE,0.143865,0.115619,0.19789,1,0.082271
0.4,F3_p75,0.143865,0.0301,REFUSE,0.143865,0.115619,0.19789,1,0.082271
0.4,F3_p75,0.143865,0.0311,REFUSE,0.143865,0.115619,0.19789,1,0.082271
0.4,F3_p75,0.143865,0.0321,REFUSE,0.143865,0.115619,0.19789,1,0.082271
0.4,F3_p75,0.143865,0.0331,REFUSE,0.143865,0.115619,0.19789,1,0.082271
0.4,F3_p75,0.143865,0.0341,REFUSE,0.143865,0.115619,0.19789,1,0.082271
0.4,F3_p75,0.143865,0.0351,REFUSE,0.143865,0.115619,0.19789,1,0.082271
0.4,F3_p75,0.143865,0.0361,REFUSE,0.143865,0.115619,0.19789,1,0.082271
0.4,F3_p75,0.143865,0.0371,REFUSE,0.143865,0.115619,0.19789,1,0.082271
0.4,F3_p75,0.143865,0.0381,REFUSE,0.143865,0.115619,0.19789,1,0.082271
0.4,F3_p75,0.143865,0.0391,REFUSE,0.143865,0.115619,0.19789,1,0.082271
0.4,F3_p75,0.143865,0.0401,REFUSE,0.143865,0.115619,0.19789,1,0.082271
0.4,F3_p75,0.143865,0.0411,REFUSE,0.143865,0.115619,0.19789,1,0.082271
0.4,F3_p75,0.143865,0.0421,REFUSE,0.143865,0.115619,0.19789,1,0.082271
0.4,F3_p75,0.143865,0.0431,REFUSE,0.143865,0.115619,0.19789,1,0.082271
0.4,F3_p75,0.143865,0.0441,REFUSE,0.143865,0.115619,0.19789,1,0.082271
0.4,F3_p75,0.143865,0.0451,REFUSE,0.143865,0.115619,0.19789,1,0.082271
0.4,F3_p75,0.143865,0.0461,REFUSE,0.143865,0.115619,0.19789,1,0.082271
0.4,F3_p75,0.143865,0.0471,REFUSE,0.143865,0.115619,0.19789,1,0.082271
0.4,F3_p75,0.143865,0.0481,REFUSE,0.143865,0.115619,0.19789,1,0.082271
0.4,F3_p75,0.143865,0.0491,REFUSE,0.143865,0.115619,0.19789,1,0.082271
0.4,F3_p75,0.143865,0.0501,REFUSE,0.143865,0.115619,0.19789,1,0.082271
0.4,F3_p75,0.143865,0.0511,REFUSE,0.143865,0.115619,0.19789,1,0.082271
0.4,F3_p75,0.143865,0.0521,REFUSE,0.143865,0.115619,0.19789,1,0.082271
0.4,F3_p75,0.143865,0.0531,REFUSE,0.143865,0.115619,0.19789,1,0.082271
0.4,F3_p75,0.143865,0.0541,REFUSE,0.143865,0.115619,0.19789,1,0.082271
0.4,F3_p75,0.143865,0.0551,REFUSE,0.143865,0.115619,0.19789,1,0.082271
0.4,F3_p75,0.143865,0.0561,REFUSE,0.143865,0.115619,0.19789,1,0.082271
0.4,F3_p75,0.143865,0.0571,REFUSE,0.143865,0.115619,0.19789,1,0.082271
0.4,F3_p75,0.143865,0.0581,REFUSE,0.143865,0.115619,0.19789,1,0.082271
0.4,F3_p75,0.143865,0.0591,REFUSE,0.143865,0.115619,0.19789,1,0.082271
0.4,F3_p75,0.143865,0.0601,REFUSE,0.143865,0.115619,0.19789,1,0.082271
0.4,F3_p75,0.143865,0.0611,REFUSE,0.143865,0.115619,0.19789,1,0.082271
0.4,F3_p75,0.143865,0.0621,REFUSE,0.143865,0.115619,0.19789,1,0.082271
0.4,F3_p75,0.143865,0.0631,REFUSE,0.143865,0.115619,0.19789,1,0.082271
0.4,F3_p75,0.143865,0.0641,REFUSE,0.143865,0.115619,0.19789,1,0.082271
0.4,F3_p75,0.143865,0.0651,REFUSE,0.143865,0.115619,0.19789,1,0.082271
0.4,F3_p75,0.143865,0.0661,REFUSE,0.143865,0.115619,0.19789,1,0.082271
0.4,F3_p75,0.143865,0.0671,REFUSE,0.143865,0.115619,0.19789,1,0.082271
0.4,F3_p75,0.143865,0.0681,REFUSE,0.143865,0.115619,0.19789,1,0.082271
0.4,F3_p75,0.143865,0.0691,REFUSE,0.143865,0.115619,0.19789,1,0.082271
0.4,F3_p75,0.143865,0.0701,REFUSE,0.143865,0.115619,0.19789,1,0.082271
0.4,F3_p75,0.143865,0.0711,REFUSE,0.143865,0.115619,0.19789,1,0.082271
0.4,F3_p75,0.143865,0.0721,REFUSE,0.143865,0.115619,0.19789,1,0.082271
0.4,F3_p75,0.143865,0.0731,REFUSE,0.143865,0.115619,0.19789,1,0.082271
0.4,F3_p75,0.143865,0.0741,REFUSE,0.143865,0.115619,0.19789,1,0.082271
0.4,F3_p75,0.143865,0.0752,REFUSE,0.143865,0.115619,0.19789,1,0.082271
0.4,F3_p75,0.143865,0.0762,REFUSE,0.143865,0.115619,0.19789,1,0.082271
0.4,F3_p75,0.143865,0.0772,REFUSE,0.143865,0.115619,0.19789,1,0.082271
0.4,F3_p75,0.143865,0.0782,REFUSE,0.143865,0.115619,0.19789,1,0.082271
0.4,F3_p75,0.143865,0.0792,REFUSE,0.143865,0.115619,0.19789,1,0.082271
0.4,F3_p75,0.143865,0.0802,REFUSE,0.143865,0.115619,0.19789,1,0.082271
0.4,F3_p75,0.143865,0.0812,REFUSE,0.143865,0.115619,0.19789,1,0.082271
0.4,F3_p75,0.143865,0.0822,REFUSE,0.143865,0.115619,0.19789,1,0.082271
0.4,F3_p75,0.143865,0.0832,REFUSE,0.143865,0.115619,0.19789,1,0.082271
0.4,F3_p75,0.143865,0.0842,REFUSE,0.143865,0.115619,0.19789,1,0.082271
0.4,F3_p75,0.143865,0.0852,REFUSE,0.143865,0.115619,0.19789,1,0.082271
0.4,F3_p75,0.143865,0.0862,REFUSE,0.143865,0.115619,0.19789,1,0.082271
0.4,F3_p75,0.143865,0.0872,REFUSE,0.143865,0.115619,0.19789,1,0.082271
0.4,F3_p75,0.143865,0.0882,REFUSE,0.143865,0.115619,0.19789,1,0.082271
0.4,F3_p75,0.143865,0.0892,REFUSE,0.143865,0.115619,0.19789,1,0.082271
0.4,F3_p75,0.143865,0.0902,REFUSE,0.143865,0.115619,0.19789,1,0.082271
0.4,F3_p75,0.143865,0.0912,REFUSE,0.143865,0.115619,0.19789,1,0.082271
0.4,F3_p75,0.143865,0.0922,REFUSE,0.143865,0.115619,0.19789,1,0.082271
0.4,F3_p75,0.143865,0.0932,REFUSE,0.143865,0.115619,0.19789,1,0.082271
0.4,F3_p75,0.143865,0.0942,REFUSE,0.143865,0.115619,0.19789,1,0.082271
0.4,F3_p75,0.143865,0.0952,REFUSE,0.143865,0.115619,0.19789,1,0.082271
0.4,F3_p75,0.143865,0.0962,REFUSE,0.143865,0.115619,0.19789,1,0.082271
0.4,F3_p75,0.143865,0.0972,REFUSE,0.143865,0.115619,0.19789,1,0.082271
0.4,F3_p75,0.143865,0.0982,REFUSE,0.143865,0.115619,0.19789,1,0.082271
0.4,F3_p75,0.143865,0.0992,REFUSE,0.143865,0.115619,0.19789,1,0.082271
0.4,F3_p75,0.143865,0.1002,REFUSE,0.143865,0.115619,0.19789,1,0.082271
0.4,F3_p75,0.143865,0.1012,REFUSE,0.143865,0.115619,0.19789,1,0.082271
0.4,F3_p75,0.143865,0.1022,REFUSE,0.143865,0.115619,0.19789,1,0.082271
0.4,F3_p75,0.143865,0.1032,REFUSE,0.143865,0.115619,0.19789,1,0.082271
0.4,F3_p75,0.143865,0.1042,REFUSE,0.143865,0.115619,0.19789,1,0.082271
0.4,F3_p75,0.143865,0.1052,REFUSE,0.143865,0.115619,0.19789,1,0.082271
0.4,F3_p75,0.143865,0.1062,REFUSE,0.143865,0.115619,0.19789,1,0.082271
0.4,F3_p75,0.143865,0.1072,REFUSE,0.143865,0.115619,0.19789,1,0.082271
0.4,F3_p75,0.143865,0.1082,REFUSE,0.143865,0.115619,0.19789,1,0.082271
0.4,F3_p75,0.143865,0.1092,REFUSE,0.143865,0.115619,0.19789,1,0.082271
0.4,F3_p75,0.143865,0.1102,REFUSE,0.143865,0.115619,0.19789,1,0.082271
0.4,F3_p75,0.143865,0.1112,REFUSE,0.143865,0.115619,0.19789,1,0.082271
0.4,F3_p75,0.143865,0.1122,REFUSE,0.143865,0.115619,0.19789,1,0.082271
0.4,F3_p75,0.143865,0.1132,REFUSE,0.143865,0.115619,0.19789,1,0.082271
0.4,F3_p75,0.143865,0.1142,REFUSE,0.143865,0.115619,0.19789,1,0.082271
0.4,F3_p75,0.143865,0.1152,REFUSE,0.143865,0.115619,0.19789,1,0.082271
0.4,F3_p75,0.143865,0.1162,REFUSE,0.143865,0.115619,0.19789,1,0.082271
0.4,F3_p75,0.143865,0.1172,REFUSE,0.143865,0.115619,0.19789,1,0.082271
0.4,F3_p75,0.143865,0.1182,REFUSE,0.143865,0.115619,0.19789,1,0.082271
0.4,F3_p75,0.143865,0.1192,REFUSE,0.143865,0.115619,0.19789,1,0.082271
0.4,F3_p75,0.143865,0.1202,REFUSE,0.143865,0.115619,0.19789,1,0.082271
0.4,F3_p75,0.143865,0.1212,REFUSE,0.143865,0.115619,0.19789,1,0.082271
0.4,F3_p75,0.143865,0.1222,REFUSE,0.143865,0.115619,0.19789,1,0.082271
0.4,F3_p75,0.143865,0.1232,REFUSE,0.143865,0.115619,0.19789,1,0.082271
0.4,F3_p75,0.143865,0.1242,REFUSE,0.143865,0.115619,0.19789,1,0.082271
0.4,F3_p75,0.143865,0.1253,REFUSE,0.143865,0.115619,0.19789,1,0.082271
0.4,F3_p75,0.143865,0.1263,REFUSE,0.143865,0.115619,0.19789,1,0.082271
0.4,F3_p75,0.143865,0.1273,REFUSE,0.143865,0.115619,0.19789,1,0.082271
0.4,F3_p75,0.143865,0.1283,REFUSE,0.143865,0.115619,0.19789,1,0.082271
0.4,F3_p75,0.143865,0.1293,REFUSE,0.143865,0.115619,0.19789,1,0.082271
0.4,F3_p75,0.143865,0.1303,REFUSE,0.143865,0.115619,0.19789,1,0.082271
0.4,F3_p75,0.143865,0.1313,REFUSE,0.143865,0.115619,0.19789,1,0.082271
0.4,F3_p75,0.143865,0.1323,REFUSE,0.143865,0.115619,0.19789,1,0.082271
0.4,F3_p75,0.143865,0.1333,REFUSE,0.143865,0.115619,0.19789,1,0.082271
0.4,F3_p75,0.143865,0.1343,REFUSE,0.143865,0.115619,0.19789,1,0.082271
0.4,F3_p75,0.143865,0.1353,REFUSE,0.143865,0.115619,0.19789,1,0.082271
0.4,F3_p75,0.143865,0.1363,REFUSE,0.143865,0.115619,0.19789,1,0.082271
0.4,F3_p75,0.143865,0.1373,REFUSE,0.143865,0.115619,0.19789,1,0.082271
0.4,F3_p75,0.143865,0.1383,REFUSE,0.143865,0.115619,0.19789,1,0.082271
0.4,F3_p75,0.143865,0.1393,REFUSE,0.143865,0.115619,0.19789,1,0.082271
0.4,F3_p75,0.143865,0.1403,REFUSE,0.143865,0.115619,0.19789,1,0.082271
0.4,F3_p75,0.143865,0.1413,REFUSE,0.143865,0.115619,0.19789,1,0.082271
0.4,F3_p75,0.143865,0.1423,REFUSE,0.143865,0.115619,0.19789,1,0.082271
0.4,F3_p75,0.143865,0.1433,REFUSE,0.143865,0.115619,0.19789,1,0.082271
0.4,F3_p75,0.143865,0.1443,ACT,0.143865,0.115619,0.19789,1,0.082271
0.4,F3_p75,0.143865,0.1453,ACT,0.143865,0.115619,0.19789,1,0.082271
0.4,F3_p75,0.143865,0.1463,ACT,0.143865,0.115619,0.19789,1,0.082271
0.4,F3_p75,0.143865,0.1473,ACT,0.143865,0.115619,0.19789,1,0.082271
0.4,F3_p75,0.143865,0.1483,ACT,0.143865,0.115619,0.19789,1,0.082271
0.4,F3_p75,0.143865,0.1493,ACT,0.143865,0.115619,0.19789,1,0.082271
0.4,F3_p75,0.143865,0.1503,ACT,0.143865,0.115619,0.19789,1,0.082271
0.4,F3_p75,0.143865,0.1513,ACT,0.143865,0.115619,0.19789,1,0.082271
0.4,F3_p75,0.143865,0.1523,ACT,0.143865,0.115619,0.19789,1,0.082271
0.4,F3_p75,0.143865,0.1533,ACT,0.143865,0.115619,0.19789,1,0.082271
0.4,F3_p75,0.143865,0.1543,ACT,0.143865,0.115619,0.19789,1,0.082271
0.4,F3_p75,0.143865,0.1553,ACT,0.143865,0.115619,0.19789,1,0.082271
0.4,F3_p75,0.143865,0.1563,ACT,0.143865,0.115619,0.19789,1,0.082271
0.4,F3_p75,0.143865,0.1573,ACT,0.143865,0.115619,0.19789,1,0.082271
0.4,F3_p75,0.143865,0.1583,ACT,0.143865,0.115619,0.19789,1,0.082271
0.4,F3_p75,0.143865,0.1593,ACT,0.143865,0.115619,0.19789,1,0.082271
0.4,F3_p75,0.143865,0.1603,ACT,0.143865,0.115619,0.19789,1,0.082271
0.4,F3_p75,0.143865,0.1613,ACT,0.143865,0.115619,0.19789,1,0.082271
0.4,F3_p75,0.143865,0.1623,ACT,0.143865,0.115619,0.19789,1,0.082271
0.4,F3_p75,0.143865,0.1633,ACT,0.143865,0.115619,0.19789,1,0.082271
0.4,F3_p75,0.143865,0.1643,ACT,0.143865,0.115619,0.19789,1,0.082271
0.4,F3_p75,0.143865,0.1653,ACT,0.143865,0.115619,0.19789,1,0.082271
0.4,F3_p75,0.143865,0.1663,ACT,0.143865,0.115619,0.19789,1,0.082271
0.4,F3_p75,0.143865,0.1673,ACT,0.143865,0.115619,0.19789,1,0.082271
0.4,F3_p75,0.143865,0.1683,ACT,0.143865,0.115619,0.19789,1,0.082271
0.4,F3_p75,0.143865,0.1693,ACT,0.143865,0.115619,0.19789,1,0.082271
0.4,F3_p75,0.143865,0.1703,ACT,0.143865,0.115619,0.19789,1,0.082271
0.4,F3_p75,0.143865,0.1713,ACT,0.143865,0.115619,0.19789,1,0.082271
0.4,F3_p75,0.143865,0.1723,ACT,0.143865,0.115619,0.19789,1,0.082271
0.4,F3_p75,0.143865,0.1733,ACT,0.143865,0.115619,0.19789,1,0.082271
0.4,F3_p75,0.143865,0.1743,ACT,0.143865,0.115619,0.19789,1,0.082271
0.4,F3_p75,0.143865,0.1754,ACT,0.143865,0.115619,0.19789,1,0.082271
0.4,F3_p75,0.143865,0.1764,ACT,0.143865,0.115619,0.19789,1,0.082271
0.4,F3_p75,0.143865,0.1774,ACT,0.143865,0.115619,0.19789,1,0.082271
0.4,F3_p75,0.143865,0.1784,ACT,0.143865,0.115619,0.19789,1,0.082271
0.4,F3_p75,0.143865,0.1794,ACT,0.143865,0.115619,0.19789,1,0.082271
0.4,F3_p75,0.143865,0.1804,ACT,0.143865,0.115619,0.19789,1,0.082271
0.4,F3_p75,0.143865,0.1814,ACT,0.143865,0.115619,0.19789,1,0.082271
0.4,F3_p75,0.143865,0.1824,ACT,0.143865,0.115619,0.19789,1,0.082271
0.4,F3_p75,0.143865,0.1834,ACT,0.143865,0.115619,0.19789,1,0.082271
0.4,F3_p75,0.143865,0.1844,ACT,0.143865,0.115619,0.19789,1,0.082271
0.4,F3_p75,0.143865,0.1854,ACT,0.143865,0.115619,0.19789,1,0.082271
0.4,F3_p75,0.143865,0.1864,ACT,0.143865,0.115619,0.19789,1,0.082271
0.4,F3_p75,0.143865,0.1874,ACT,0.143865,0.115619,0.19789,1,0.082271
0.4,F3_p75,0.143865,0.1884,ACT,0.143865,0.115619,0.19789,1,0.082271
0.4,F3_p75,0.143865,0.1894,ACT,0.143865,0.115619,0.19789,1,0.082271
0.4,F3_p75,0.143865,0.1904,ACT,0.143865,0.115619,0.19789,1,0.082271
0.4,F3_p75,0.143865,0.1914,ACT,0.143865,0.115619,0.19789,1,0.082271
0.4,F3_p75,0.143865,0.1924,ACT,0.143865,0.115619,0.19789,1,0.082271
0.4,F3_p75,0.143865,0.1934,ACT,0.143865,0.115619,0.19789,1,0.082271
0.4,F3_p75,0.143865,0.1944,ACT,0.143865,0.115619,0.19789,1,0.082271
0.4,F3_p75,0.143865,0.1954,ACT,0.143865,0.115619,0.19789,1,0.082271
0.4,F3_p75,0.143865,0.1964,ACT,0.143865,0.115619,0.19789,1,0.082271
0.4,F3_p75,0.143865,0.1974,ACT,0.143865,0.115619,0.19789,1,0.082271
0.4,F3_p75,0.143865,0.1984,ACT,0.143865,0.115619,0.19789,1,0.082271
0.4,F3_p75,0.143865,0.1994,ACT,0.143865,0.115619,0.19789,1,0.082271
0.4,F3_p75,0.143865,0.2004,ACT,0.143865,0.115619,0.19789,1,0.082271
0.4,F3_p75,0.143865,0.2014,ACT,0.143865,0.115619,0.19789,1,0.082271
0.4,F3_p75,0.143865,0.2024,ACT,0.143865,0.115619,0.19789,1,0.082271
0.4,F3_p75,0.143865,0.2034,ACT,0.143865,0.115619,0.19789,1,0.082271
0.4,F3_p75,0.143865,0.2044,ACT,0.143865,0.115619,0.19789,1,0.082271
0.4,F3_p75,0.143865,0.2054,ACT,0.143865,0.115619,0.19789,1,0.082271
0.4,F3_p75,0.143865,0.2064,ACT,0.143865,0.115619,0.19789,1,0.082271
0.4,F3_p75,0.143865,0.2074,ACT,0.143865,0.115619,0.19789,1,0.082271
0.4,F3_p75,0.143865,0.2084,ACT,0.143865,0.115619,0.19789,1,0.082271
0.4,F3_p75,0.143865,0.2094,ACT,0.143865,0.115619,0.19789,1,0.082271
0.4,F3_p75,0.143865,0.2104,ACT,0.143865,0.115619,0.19789,1,0.082271
0.4,F3_p75,0.143865,0.2114,ACT,0.143865,0.115619,0.19789,1,0.082271
0.4,F3_p75,0.143865,0.2124,ACT,0.143865,0.115619,0.19789,1,0.082271
0.4,F3_p75,0.143865,0.2134,ACT,0.143865,0.115619,0.19789,1,0.082271
0.4,F3_p75,0.143865,0.2144,ACT,0.143865,0.115619,0.19789,1,0.082271
0.4,F3_p75,0.143865,0.2154,ACT,0.143865,0.115619,0.19789,1,0.082271
0.4,F3_p75,0.143865,0.2164,ACT,0.143865,0.115619,0.19789,1,0.082271
0.4,F3_p75,0.143865,0.2174,ACT,0.143865,0.115619,0.19789,1,0.082271
0.4,F3_p75,0.143865,0.2184,ACT,0.143865,0.115619,0.19789,1,0.082271
0.4,F3_p75,0.143865,0.2194,ACT,0.143865,0.115619,0.19789,1,0.082271
0.4,F3_p75,0.143865,0.2204,ACT,0.143865,0.115619,0.19789,1,0.082271
0.4,F3_p75,0.143865,0.2214,ACT,0.143865,0.115619,0.19789,1,0.082271
0.4,F3_p75,0.143865,0.2224,ACT,0.143865,0.115619,0.19789,1,0.082271
0.4,F3_p75,0.143865,0.2234,ACT,0.143865,0.115619,0.19789,1,0.082271
0.4,F3_p75,0.143865,0.2244,ACT,0.143865,0.115619,0.19789,1,0.082271
0.4,F3_p75,0.143865,0.2255,ACT,0.143865,0.115619,0.19789,1,0.082271
0.4,F3_p75,0.143865,0.2265,ACT,0.143865,0.115619,0.19789,1,0.082271
0.4,F3_p75,0.143865,0.2275,ACT,0.143865,0.115619,0.19789,1,0.082271
0.4,F3_p75,0.143865,0.2285,ACT,0.143865,0.115619,0.19789,1,0.082271
0.4,F3_p75,0.143865,0.2295,ACT,0.143865,0.115619,0.19789,1,0.082271
0.4,F3_p75,0.143865,0.2305,ACT,0.143865,0.115619,0.19789,1,0.082271
0.4,F3_p75,0.143865,0.2315,ACT,0.143865,0.115619,0.19789,1,0.082271
0.4,F3_p75,0.143865,0.2325,ACT,0.143865,0.115619,0.19789,1,0.082271
0.4,F3_p75,0.143865,0.2335,ACT,0.143865,0.115619,0.19789,1,0.082271
0.4,F3_p75,0.143865,0.2345,ACT,0.143865,0.115619,0.19789,1,0.082271
0.4,F3_p75,0.143865,0.2355,ACT,0.143865,0.115619,0.19789,1,0.082271
0.4,F3_p75,0.143865,0.2365,ACT,0.143865,0.115619,0.19789,1,0.082271
0.4,F3_p75,0.143865,0.2375,ACT,0.143865,0.115619,0.19789,1,0.082271
0.4,F3_p75,0.143865,0.2385,ACT,0.143865,0.115619,0.19789,1,0.082271
0.4,F3_p75,0.143865,0.2395,ACT,0.143865,0.115619,0.19789,1,0.082271
0.4,F3_p75,0.143865,0.2405,ACT,0.143865,0.115619,0.19789,1,0.082271
0.4,F3_p75,0.143865,0.2415,ACT,0.143865,0.115619,0.19789,1,0.082271
0.4,F3_p75,0.143865,0.2425,ACT,0.143865,0.115619,0.19789,1,0.082271
0.4,F3_p75,0.143865,0.2435,ACT,0.143865,0.115619,0.19789,1,0.082271
0.4,F3_p75,0.143865,0.2445,ACT,0.143865,0.115619,0.19789,1,0.082271
0.4,F3_p75,0.143865,0.2455,ACT,0.143865,0.115619,0.19789,1,0.082271
0.4,F3_p75,0.143865,0.2465,ACT,0.143865,0.115619,0.19789,1,0.082271
0.4,F3_p75,0.143865,0.2475,ACT,0.143865,0.115619,0.19789,1,0.082271
0.4,F3_p75,0.143865,0.2485,ACT,0.143865,0.115619,0.19789,1,0.082271
0.4,F3_p75,0.143865,0.2495,ACT,0.143865,0.115619,0.19789,1,0.082271
0.4,F3_p75,0.143865,0.2505,ACT,0.143865,0.115619,0.19789,1,0.082271
0.4,F3_p75,0.143865,0.2515,ACT,0.143865,0.115619,0.19789,1,0.082271
0.4,F3_p75,0.143865,0.2525,ACT,0.143865,0.115619,0.19789,1,0.082271
0.4,F3_p75,0.143865,0.2535,ACT,0.143865,0.115619,0.19789,1,0.082271
0.4,F3_p75,0.143865,0.2545,ACT,0.143865,0.115619,0.19789,1,0.082271
0.4,F3_p75,0.143865,0.2555,ACT,0.143865,0.115619,0.19789,1,0.082271
0.4,F3_p75,0.143865,0.2565,ACT,0.143865,0.115619,0.19789,1,0.082271
0.4,F3_p75,0.143865,0.2575,ACT,0.143865,0.115619,0.19789,1,0.082271
0.4,F3_p75,0.143865,0.2585,ACT,0.143865,0.115619,0.19789,1,0.082271
0.4,F3_p75,0.143865,0.2595,ACT,0.143865,0.115619,0.19789,1,0.082271
0.4,F3_p75,0.143865,0.2605,ACT,0.143865,0.115619,0.19789,1,0.082271
0.4,F3_p75,0.143865,0.2615,ACT,0.143865,0.115619,0.19789,1,0.082271
0.4,F3_p75,0.143865,0.2625,ACT,0.143865,0.115619,0.19789,1,0.082271
0.4,F3_p75,0.143865,0.2635,ACT,0.143865,0.115619,0.19789,1,0.082271
0.4,F3_p75,0.143865,0.2645,ACT,0.143865,0.115619,0.19789,1,0.082271
0.4,F3_p75,0.143865,0.2655,ACT,0.143865,0.115619,0.19789,1,0.082271
0.4,F3_p75,0.143865,0.2665,ACT,0.143865,0.115619,0.19789,1,0.082271
0.4,F3_p75,0.143865,0.2675,ACT,0.143865,0.115619,0.19789,1,0.082271
0.4,F3_p75,0.143865,0.2685,ACT,0.143865,0.115619,0.19789,1,0.082271
0.4,F3_p75,0.143865,0.2695,ACT,0.143865,0.115619,0.19789,1,0.082271
0.4,F3_p75,0.143865,0.2705,ACT,0.143865,0.115619,0.19789,1,0.082271
0.4,F3_p75,0.143865,0.2715,ACT,0.143865,0.115619,0.19789,1,0.082271
0.4,F3_p75,0.143865,0.2725,ACT,0.143865,0.115619,0.19789,1,0.082271
0.4,F3_p75,0.143865,0.2735,ACT,0.143865,0.115619,0.19789,1,0.082271
0.4,F3_p75,0.143865,0.2745,ACT,0.143865,0.115619,0.19789,1,0.082271
0.4,F3_p75,0.143865,0.2756,ACT,0.143865,0.115619,0.19789,1,0.082271
0.4,F3_p75,0.143865,0.2766,ACT,0.143865,0.115619,0.19789,1,0.082271
0.4,F3_p75,0.143865,0.2776,ACT,0.143865,0.115619,0.19789,1,0.082271
0.4,F3_p75,0.143865,0.2786,ACT,0.143865,0.115619,0.19789,1,0.082271
0.4,F3_p75,0.143865,0.2796,ACT,0.143865,0.115619,0.19789,1,0.082271
0.4,F3_p75,0.143865,0.2806,ACT,0.143865,0.115619,0.19789,1,0.082271
0.4,F3_p75,0.143865,0.2816,ACT,0.143865,0.115619,0.19789,1,0.082271
0.4,F3_p75,0.143865,0.2826,ACT,0.143865,0.115619,0.19789,1,0.082271
0.4,F3_p75,0.143865,0.2836,ACT,0.143865,0.115619,0.19789,1,0.082271
0.4,F3_p75,0.143865,0.2846,ACT,0.143865,0.115619,0.19789,1,0.082271
0.4,F3_p75,0.143865,0.2856,ACT,0.143865,0.115619,0.19789,1,0.082271
0.4,F3_p75,0.143865,0.2866,ACT,0.143865,0.115619,0.19789,1,0.082271
0.4,F3_p75,0.143865,0.2876,ACT,0.143865,0.115619,0.19789,1,0.082271
0.4,F3_p75,0.143865,0.2886,ACT,0.143865,0.115619,0.19789,1,0.082271
0.4,F3_p75,0.143865,0.2896,ACT,0.143865,0.115619,0.19789,1,0.082271
0.4,F3_p75,0.143865,0.2906,ACT,0.143865,0.115619,0.19789,1,0.082271
0.4,F3_p75,0.143865,0.2916,ACT,0.143865,0.115619,0.19789,1,0.082271
0.4,F3_p75,0.143865,0.2926,ACT,0.143865,0.115619,0.19789,1,0.082271
0.4,F3_p75,0.143865,0.2936,ACT,0.143865,0.115619,0.19789,1,0.082271
0.4,F3_p75,0.143865,0.2946,ACT,0.143865,0.115619,0.19789,1,0.082271
0.4,F3_p75,0.143865,0.2956,ACT,0.143865,0.115619,0.19789,1,0.082271
0.4,F3_p75,0.143865,0.2966,ACT,0.143865,0.115619,0.19789,1,0.082271
0.4,F3_p75,0.143865,0.2976,ACT,0.143865,0.115619,0.19789,1,0.082271
0.4,F3_p75,0.143865,0.2986,ACT,0.143865,0.115619,0.19789,1,0.082271
0.4,F3_p75,0.143865,0.2996,ACT,0.143865,0.115619,0.19789,1,0.082271
0.4,F3_p75,0.143865,0.3006,ACT,0.143865,0.115619,0.19789,1,0.082271
0.4,F3_p75,0.143865,0.3016,ACT,0.143865,0.115619,0.19789,1,0.082271
0.4,F3_p75,0.143865,0.3026,ACT,0.143865,0.115619,0.19789,1,0.082271
0.4,F3_p75,0.143865,0.3036,ACT,0.143865,0.115619,0.19789,1,0.082271
0.4,F3_p75,0.143865,0.3046,ACT,0.143865,0.115619,0.19789,1,0.082271
0.4,F3_p75,0.143865,0.3056,ACT,0.143865,0.115619,0.19789,1,0.082271
0.4,F3_p75,0.143865,0.3066,ACT,0.143865,0.115619,0.19789,1,0.082271
0.4,F3_p75,0.143865,0.3076,ACT,0.143865,0.115619,0.19789,1,0.082271
0.4,F3_p75,0.143865,0.3086,ACT,0.143865,0.115619,0.19789,1,0.082271
0.4,F3_p75,0.143865,0.3096,ACT,0.143865,0.115619,0.19789,1,0.082271
0.4,F3_p75,0.143865,0.3106,ACT,0.143865,0.115619,0.19789,1,0.082271
0.4,F3_p75,0.143865,0.3116,ACT,0.143865,0.115619,0.19789,1,0.082271
0.4,F3_p75,0.143865,0.3126,ACT,0.143865,0.115619,0.19789,1,0.082271
0.4,F3_p75,0.143865,0.3136,ACT,0.143865,0.115619,0.19789,1,0.082271
0.4,F3_p75,0.143865,0.3146,ACT,0.143865,0.115619,0.19789,1,0.082271
0.4,F3_p75,0.143865,0.3156,ACT,0.143865,0.115619,0.19789,1,0.082271
0.4,F3_p75,0.143865,0.3166,ACT,0.143865,0.115619,0.19789,1,0.082271
0.4,F3_p75,0.143865,0.3176,ACT,0.143865,0.115619,0.19789,1,0.082271
0.4,F3_p75,0.143865,0.3186,ACT,0.143865,0.115619,0.19789,1,0.082271
0.4,F3_p75,0.143865,0.3196,ACT,0.143865,0.115619,0.19789,1,0.082271
0.4,F3_p75,0.143865,0.3206,ACT,0.143865,0.115619,0.19789,1,0.082271
0.4,F3_p75,0.143865,0.3216,ACT,0.143865,0.115619,0.19789,1,0.082271
0.4,F3_p75,0.143865,0.3226,ACT,0.143865,0.115619,0.19789,1,0.082271
0.4,F3_p75,0.143865,0.3236,ACT,0.143865,0.115619,0.19789,1,0.082271
0.4,F3_p75,0.143865,0.3246,ACT,0.143865,0.115619,0.19789,1,0.082271
0.4,F3_p75,0.143865,0.3257,ACT,0.143865,0.115619,0.19789,1,0.082271
0.4,F3_p75,0.143865,0.3267,ACT,0.143865,0.115619,0.19789,1,0.082271
0.4,F3_p75,0.143865,0.3277,ACT,0.143865,0.115619,0.19789,1,0.082271
0.4,F3_p75,0.143865,0.3287,ACT,0.143865,0.115619,0.19789,1,0.082271
0.4,F3_p75,0.143865,0.3297,ACT,0.143865,0.115619,0.19789,1,0.082271
0.4,F3_p75,0.143865,0.3307,ACT,0.143865,0.115619,0.19789,1,0.082271
0.4,F3_p75,0.143865,0.3317,ACT,0.143865,0.115619,0.19789,1,0.082271
0.4,F3_p75,0.143865,0.3327,ACT,0.143865,0.115619,0.19789,1,0.082271
0.4,F3_p75,0.143865,0.3337,ACT,0.143865,0.115619,0.19789,1,0.082271
0.4,F3_p75,0.143865,0.3347,ACT,0.143865,0.115619,0.19789,1,0.082271
0.4,F3_p75,0.143865,0.3357,ACT,0.143865,0.115619,0.19789,1,0.082271
0.4,F3_p75,0.143865,0.3367,ACT,0.143865,0.115619,0.19789,1,0.082271
0.4,F3_p75,0.143865,0.3377,ACT,0.143865,0.115619,0.19789,1,0.082271
0.4,F3_p75,0.143865,0.3387,ACT,0.143865,0.115619,0.19789,1,0.082271
0.4,F3_p75,0.143865,0.3397,ACT,0.143865,0.115619,0.19789,1,0.082271
0.4,F3_p75,0.143865,0.3407,ACT,0.143865,0.115619,0.19789,1,0.082271
0.4,F3_p75,0.143865,0.3417,ACT,0.143865,0.115619,0.19789,1,0.082271
0.4,F3_p75,0.143865,0.3427,ACT,0.143865,0.115619,0.19789,1,0.082271
0.4,F3_p75,0.143865,0.3437,ACT,0.143865,0.115619,0.19789,1,0.082271
0.4,F3_p75,0.143865,0.3447,ACT,0.143865,0.115619,0.19789,1,0.082271
0.4,F3_p75,0.143865,0.3457,ACT,0.143865,0.115619,0.19789,1,0.082271
0.4,F3_p75,0.143865,0.3467,ACT,0.143865,0.115619,0.19789,1,0.082271
0.4,F3_p75,0.143865,0.3477,ACT,0.143865,0.115619,0.19789,1,0.082271
0.4,F3_p75,0.143865,0.3487,ACT,0.143865,0.115619,0.19789,1,0.082271
0.4,F3_p75,0.143865,0.3497,ACT,0.143865,0.115619,0.19789,1,0.082271
0.4,F3_p75,0.143865,0.3507,ACT,0.143865,0.115619,0.19789,1,0.082271
0.4,F3_p75,0.143865,0.3517,ACT,0.143865,0.115619,0.19789,1,0.082271
0.4,F3_p75,0.143865,0.3527,ACT,0.143865,0.115619,0.19789,1,0.082271
0.4,F3_p75,0.143865,0.3537,ACT,0.143865,0.115619,0.19789,1,0.082271
0.4,F3_p75,0.143865,0.3547,ACT,0.143865,0.115619,0.19789,1,0.082271
0.4,F3_p75,0.143865,0.3557,ACT,0.143865,0.115619,0.19789,1,0.082271
0.4,F3_p75,0.143865,0.3567,ACT,0.143865,0.115619,0.19789,1,0.082271
0.4,F3_p75,0.143865,0.3577,ACT,0.143865,0.115619,0.19789,1,0.082271
0.4,F3_p75,0.143865,0.3587,ACT,0.143865,0.115619,0.19789,1,0.082271
0.4,F3_p75,0.143865,0.3597,ACT,0.143865,0.115619,0.19789,1,0.082271
0.4,F3_p75,0.143865,0.3607,ACT,0.143865,0.115619,0.19789,1,0.082271
0.4,F3_p75,0.143865,0.3617,ACT,0.143865,0.115619,0.19789,1,0.082271
0.4,F3_p75,0.143865,0.3627,ACT,0.143865,0.115619,0.19789,1,0.082271
0.4,F3_p75,0.143865,0.3637,ACT,0.143865,0.115619,0.19789,1,0.082271
0.4,F3_p75,0.143865,0.3647,ACT,0.143865,0.115619,0.19789,1,0.082271
0.4,F3_p75,0.143865,0.3657,ACT,0.143865,0.115619,0.19789,1,0.082271
0.4,F3_p75,0.143865,0.3667,ACT,0.143865,0.115619,0.19789,1,0.082271
0.4,F3_p75,0.143865,0.3677,ACT,0.143865,0.115619,0.19789,1,0.082271
0.4,F3_p75,0.143865,0.3687,ACT,0.143865,0.115619,0.19789,1,0.082271
0.4,F3_p75,0.143865,0.3697,ACT,0.143865,0.115619,0.19789,1,0.082271
0.4,F3_p75,0.143865,0.3707,ACT,0.143865,0.115619,0.19789,1,0.082271
0.4,F3_p75,0.143865,0.3717,ACT,0.143865,0.115619,0.19789,1,0.082271
0.4,F3_p75,0.143865,0.3727,ACT,0.143865,0.115619,0.19789,1,0.082271
0.4,F3_p75,0.143865,0.3737,ACT,0.143865,0.115619,0.19789,1,0.082271
0.4,F3_p75,0.143865,0.3747,ACT,0.143865,0.115619,0.19789,1,0.082271
0.4,F3_p75,0.143865,0.3758,ACT,0.143865,0.115619,0.19789,1,0.082271
0.4,F3_p75,0.143865,0.3768,ACT,0.143865,0.115619,0.19789,1,0.082271
0.4,F3_p75,0.143865,0.3778,ACT,0.143865,0.115619,0.19789,1,0.082271
0.4,F3_p75,0.143865,0.3788,ACT,0.143865,0.115619,0.19789,1,0.082271
0.4,F3_p75,0.143865,0.3798,ACT,0.143865,0.115619,0.19789,1,0.082271
0.4,F3_p75,0.143865,0.3808,ACT,0.143865,0.115619,0.19789,1,0.082271
0.4,F3_p75,0.143865,0.3818,ACT,0.143865,0.115619,0.19789,1,0.082271
0.4,F3_p75,0.143865,0.3828,ACT,0.143865,0.115619,0.19789,1,0.082271
0.4,F3_p75,0.143865,0.3838,ACT,0.143865,0.115619,0.19789,1,0.082271
0.4,F3_p75,0.143865,0.3848,ACT,0.143865,0.115619,0.19789,1,0.082271
0.4,F3_p75,0.143865,0.3858,ACT,0.143865,0.115619,0.19789,1,0.082271
0.4,F3_p75,0.143865,0.3868,ACT,0.143865,0.115619,0.19789,1,0.082271
0.4,F3_p75,0.143865,0.3878,ACT,0.143865,0.115619,0.19789,1,0.082271
0.4,F3_p75,0.143865,0.3888,ACT,0.143865,0.115619,0.19789,1,0.082271
0.4,F3_p75,0.143865,0.3898,ACT,0.143865,0.115619,0.19789,1,0.082271
0.4,F3_p75,0.143865,0.3908,ACT,0.143865,0.115619,0.19789,1,0.082271
0.4,F3_p75,0.143865,0.3918,ACT,0.143865,0.115619,0.19789,1,0.082271
0.4,F3_p75,0.143865,0.3928,ACT,0.143865,0.115619,0.19789,1,0.082271
0.4,F3_p75,0.143865,0.3938,ACT,0.143865,0.115619,0.19789,1,0.082271
0.4,F3_p75,0.143865,0.3948,ACT,0.143865,0.115619,0.19789,1,0.082271
0.4,F3_p75,0.143865,0.3958,ACT,0.143865,0.115619,0.19789,1,0.082271
0.4,F3_p75,0.143865,0.3968,ACT,0.143865,0.115619,0.19789,1,0.082271
0.4,F3_p75,0.143865,0.3978,ACT,0.143865,0.115619,0.19789,1,0.082271
0.4,F3_p75,0.143865,0.3988,ACT,0.143865,0.115619,0.19789,1,0.082271
0.4,F3_p75,0.143865,0.3998,ACT,0.143865,0.115619,0.19789,1,0.082271
0.4,F3_p75,0.143865,0.4008,ACT,0.143865,0.115619,0.19789,1,0.082271
0.4,F3_p75,0.143865,0.4018,ACT,0.143865,0.115619,0.19789,1,0.082271
0.4,F3_p75,0.143865,0.4028,ACT,0.143865,0.115619,0.19789,1,0.082271
0.4,F3_p75,0.143865,0.4038,ACT,0.143865,0.115619,0.19789,1,0.082271
0.4,F3_p75,0.143865,0.4048,ACT,0.143865,0.115619,0.19789,1,0.082271
0.4,F3_p75,0.143865,0.4058,ACT,0.143865,0.115619,0.19789,1,0.082271
0.4,F3_p75,0.143865,0.4068,ACT,0.143865,0.115619,0.19789,1,0.082271
0.4,F3_p75,0.143865,0.4078,ACT,0.143865,0.115619,0.19789,1,0.082271
0.4,F3_p75,0.143865,0.4088,ACT,0.143865,0.115619,0.19789,1,0.082271
0.4,F3_p75,0.143865,0.4098,ACT,0.143865,0.115619,0.19789,1,0.082271
0.4,F3_p75,0.143865,0.4108,ACT,0.143865,0.115619,0.19789,1,0.082271
0.4,F3_p75,0.143865,0.4118,ACT,0.143865,0.115619,0.19789,1,0.082271
0.4,F3_p75,0.143865,0.4128,ACT,0.143865,0.115619,0.19789,1,0.082271
0.4,F3_p75,0.143865,0.4138,ACT,0.143865,0.115619,0.19789,1,0.082271
0.4,F3_p75,0.143865,0.4148,ACT,0.143865,0.115619,0.19789,1,0.082271
0.4,F3_p75,0.143865,0.4158,ACT,0.143865,0.115619,0.19789,1,0.082271
0.4,F3_p75,0.143865,0.4168,ACT,0.143865,0.115619,0.19789,1,0.082271
0.4,F3_p75,0.143865,0.4178,ACT,0.143865,0.115619,0.19789,1,0.082271
0.4,F3_p75,0.143865,0.4188,ACT,0.143865,0.115619,0.19789,1,0.082271
0.4,F3_p75,0.143865,0.4198,ACT,0.143865,0.115619,0.19789,1,0.082271
0.4,F3_p75,0.143865,0.4208,ACT,0.143865,0.115619,0.19789,1,0.082271
0.4,F3_p75,0.143865,0.4218,ACT,0.143865,0.115619,0.19789,1,0.082271
0.4,F3_p75,0.143865,0.4228,ACT,0.143865,0.115619,0.19789,1,0.082271
0.4,F3_p75,0.143865,0.4238,ACT,0.143865,0.115619,0.19789,1,0.082271
0.4,F3_p75,0.143865,0.4248,ACT,0.143865,0.115619,0.19789,1,0.082271
0.4,F3_p75,0.143865,0.4259,ACT,0.143865,0.115619,0.19789,1,0.082271
0.4,F3_p75,0.143865,0.4269,ACT,0.143865,0.115619,0.19789,1,0.082271
0.4,F3_p75,0.143865,0.4279,ACT,0.143865,0.115619,0.19789,1,0.082271
0.4,F3_p75,0.143865,0.4289,ACT,0.143865,0.115619,0.19789,1,0.082271
0.4,F3_p75,0.143865,0.4299,ACT,0.143865,0.115619,0.19789,1,0.082271
0.4,F3_p75,0.143865,0.4309,ACT,0.143865,0.115619,0.19789,1,0.082271
0.4,F3_p75,0.143865,0.4319,ACT,0.143865,0.115619,0.19789,1,0.082271
0.4,F3_p75,0.143865,0.4329,ACT,0.143865,0.115619,0.19789,1,0.082271
0.4,F3_p75,0.143865,0.4339,ACT,0.143865,0.115619,0.19789,1,0.082271
0.4,F3_p75,0.143865,0.4349,ACT,0.143865,0.115619,0.19789,1,0.082271
0.4,F3_p75,0.143865,0.4359,ACT,0.143865,0.115619,0.19789,1,0.082271
0.4,F3_p75,0.143865,0.4369,ACT,0.143865,0.115619,0.19789,1,0.082271
0.4,F3_p75,0.143865,0.4379,ACT,0.143865,0.115619,0.19789,1,0.082271
0.4,F3_p75,0.143865,0.4389,ACT,0.143865,0.115619,0.19789,1,0.082271
0.4,F3_p75,0.143865,0.4399,ACT,0.143865,0.115619,0.19789,1,0.082271
0.4,F3_p75,0.143865,0.4409,ACT,0.143865,0.115619,0.19789,1,0.082271
0.4,F3_p75,0.143865,0.4419,ACT,0.143865,0.115619,0.19789,1,0.082271
0.4,F3_p75,0.143865,0.4429,ACT,0.143865,0.115619,0.19789,1,0.082271
0.4,F3_p75,0.143865,0.4439,ACT,0.143865,0.115619,0.19789,1,0.082271
0.4,F3_p75,0.143865,0.4449,ACT,0.143865,0.115619,0.19789,1,0.082271
0.4,F3_p75,0.143865,0.4459,ACT,0.143865,0.115619,0.19789,1,0.082271
0.4,F3_p75,0.143865,0.4469,ACT,0.143865,0.115619,0.19789,1,0.082271
0.4,F3_p75,0.143865,0.4479,ACT,0.143865,0.115619,0.19789,1,0.082271
0.4,F3_p75,0.143865,0.4489,ACT,0.143865,0.115619,0.19789,1,0.082271
0.4,F3_p75,0.143865,0.4499,ACT,0.143865,0.115619,0.19789,1,0.082271
0.4,F3_p75,0.143865,0.4509,ACT,0.143865,0.115619,0.19789,1,0.082271
0.4,F3_p75,0.143865,0.4519,ACT,0.143865,0.115619,0.19789,1,0.082271
0.4,F3_p75,0.143865,0.4529,ACT,0.143865,0.115619,0.19789,1,0.082271
0.4,F3_p75,0.143865,0.4539,ACT,0.143865,0.115619,0.19789,1,0.082271
0.4,F3_p75,0.143865,0.4549,ACT,0.143865,0.115619,0.19789,1,0.082271
0.4,F3_p75,0.143865,0.4559,ACT,0.143865,0.115619,0.19789,1,0.082271
0.4,F3_p75,0.143865,0.4569,ACT,0.143865,0.115619,0.19789,1,0.082271
0.4,F3_p75,0.143865,0.4579,ACT,0.143865,0.115619,0.19789,1,0.082271
0.4,F3_p75,0.143865,0.4589,ACT,0.143865,0.115619,0.19789,1,0.082271
0.4,F3_p75,0.143865,0.4599,ACT,0.143865,0.115619,0.19789,1,0.082271
0.4,F3_p75,0.143865,0.4609,ACT,0.143865,0.115619,0.19789,1,0.082271
0.4,F3_p75,0.143865,0.4619,ACT,0.143865,0.115619,0.19789,1,0.082271
0.4,F3_p75,0.143865,0.4629,ACT,0.143865,0.115619,0.19789,1,0.082271
0.4,F3_p75,0.143865,0.4639,ACT,0.143865,0.115619,0.19789,1,0.082271
0.4,F3_p75,0.143865,0.4649,ACT,0.143865,0.115619,0.19789,1,0.082271
0.4,F3_p75,0.143865,0.4659,ACT,0.143865,0.115619,0.19789,1,0.082271
0.4,F3_p75,0.143865,0.4669,ACT,0.143865,0.115619,0.19789,1,0.082271
0.4,F3_p75,0.143865,0.4679,ACT,0.143865,0.115619,0.19789,1,0.082271
0.4,F3_p75,0.143865,0.4689,ACT,0.143865,0.115619,0.19789,1,0.082271
0.4,F3_p75,0.143865,0.4699,ACT,0.143865,0.115619,0.19789,1,0.082271
0.4,F3_p75,0.143865,0.4709,ACT,0.143865,0.115619,0.19789,1,0.082271
0.4,F3_p75,0.143865,0.4719,ACT,0.143865,0.115619,0.19789,1,0.082271
0.4,F3_p75,0.143865,0.4729,ACT,0.143865,0.115619,0.19789,1,0.082271
0.4,F3_p75,0.143865,0.4739,ACT,0.143865,0.115619,0.19789,1,0.082271
0.4,F3_p75,0.143865,0.4749,ACT,0.143865,0.115619,0.19789,1,0.082271
0.4,F3_p75,0.143865,0.476,ACT,0.143865,0.115619,0.19789,1,0.082271
0.4,F3_p75,0.143865,0.477,ACT,0.143865,0.115619,0.19789,1,0.082271
0.4,F3_p75,0.143865,0.478,ACT,0.143865,0.115619,0.19789,1,0.082271
0.4,F3_p75,0.143865,0.479,ACT,0.143865,0.115619,0.19789,1,0.082271
0.4,F3_p75,0.143865,0.48,ACT,0.143865,0.115619,0.19789,1,0.082271
0.4,F3_p75,0.143865,0.481,ACT,0.143865,0.115619,0.19789,1,0.082271
0.4,F3_p75,0.143865,0.482,ACT,0.143865,0.115619,0.19789,1,0.082271
0.4,F3_p75,0.143865,0.483,ACT,0.143865,0.115619,0.19789,1,0.082271
0.4,F3_p75,0.143865,0.484,ACT,0.143865,0.115619,0.19789,1,0.082271
0.4,F3_p75,0.143865,0.485,ACT,0.143865,0.115619,0.19789,1,0.082271
0.4,F3_p75,0.143865,0.486,ACT,0.143865,0.115619,0.19789,1,0.082271
0.4,F3_p75,0.143865,0.487,ACT,0.143865,0.115619,0.19789,1,0.082271
0.4,F3_p75,0.143865,0.488,ACT,0.143865,0.115619,0.19789,1,0.082271
0.4,F3_p75,0.143865,0.489,ACT,0.143865,0.115619,0.19789,1,0.082271
0.4,F3_p75,0.143865,0.49,ACT,0.143865,0.115619,0.19789,1,0.082271
0.4,F3_p75,0.143865,0.491,ACT,0.143865,0.115619,0.19789,1,0.082271
0.4,F3_p75,0.143865,0.492,ACT,0.143865,0.115619,0.19789,1,0.082271
0.4,F3_p75,0.143865,0.493,ACT,0.143865,0.115619,0.19789,1,0.082271
0.4,F3_p75,0.143865,0.494,ACT,0.143865,0.115619,0.19789,1,0.082271
0.4,F3_p75,0.143865,0.495,ACT,0.143865,0.115619,0.19789,1,0.082271
0.4,F3_p75,0.143865,0.496,ACT,0.143865,0.115619,0.19789,1,0.082271
0.4,F3_p75,0.143865,0.497,ACT,0.143865,0.115619,0.19789,1,0.082271
0.4,F3_p75,0.143865,0.498,ACT,0.143865,0.115619,0.19789,1,0.082271
0.4,F3_p75,0.143865,0.499,ACT,0.143865,0.115619,0.19789,1,0.082271
0.4,F3_p75,0.143865,0.5,ACT,0.143865,0.115619,0.19789,1,0.082271
0.4,F4_max,0.19789,0.0,REFUSE,0.19789,0.115619,0.19789,1,0.082271
0.4,F4_max,0.19789,0.001,REFUSE,0.19789,0.115619,0.19789,1,0.082271
0.4,F4_max,0.19789,0.002,REFUSE,0.19789,0.115619,0.19789,1,0.082271
0.4,F4_max,0.19789,0.003,REFUSE,0.19789,0.115619,0.19789,1,0.082271
0.4,F4_max,0.19789,0.004,REFUSE,0.19789,0.115619,0.19789,1,0.082271
0.4,F4_max,0.19789,0.005,REFUSE,0.19789,0.115619,0.19789,1,0.082271
0.4,F4_max,0.19789,0.006,REFUSE,0.19789,0.115619,0.19789,1,0.082271
0.4,F4_max,0.19789,0.007,REFUSE,0.19789,0.115619,0.19789,1,0.082271
0.4,F4_max,0.19789,0.008,REFUSE,0.19789,0.115619,0.19789,1,0.082271
0.4,F4_max,0.19789,0.009,REFUSE,0.19789,0.115619,0.19789,1,0.082271
0.4,F4_max,0.19789,0.01,REFUSE,0.19789,0.115619,0.19789,1,0.082271
0.4,F4_max,0.19789,0.011,REFUSE,0.19789,0.115619,0.19789,1,0.082271
0.4,F4_max,0.19789,0.012,REFUSE,0.19789,0.115619,0.19789,1,0.082271
0.4,F4_max,0.19789,0.013,REFUSE,0.19789,0.115619,0.19789,1,0.082271
0.4,F4_max,0.19789,0.014,REFUSE,0.19789,0.115619,0.19789,1,0.082271
0.4,F4_max,0.19789,0.015,REFUSE,0.19789,0.115619,0.19789,1,0.082271
0.4,F4_max,0.19789,0.016,REFUSE,0.19789,0.115619,0.19789,1,0.082271
0.4,F4_max,0.19789,0.017,REFUSE,0.19789,0.115619,0.19789,1,0.082271
0.4,F4_max,0.19789,0.018,REFUSE,0.19789,0.115619,0.19789,1,0.082271
0.4,F4_max,0.19789,0.019,REFUSE,0.19789,0.115619,0.19789,1,0.082271
0.4,F4_max,0.19789,0.02,REFUSE,0.19789,0.115619,0.19789,1,0.082271
0.4,F4_max,0.19789,0.021,REFUSE,0.19789,0.115619,0.19789,1,0.082271
0.4,F4_max,0.19789,0.022,REFUSE,0.19789,0.115619,0.19789,1,0.082271
0.4,F4_max,0.19789,0.023,REFUSE,0.19789,0.115619,0.19789,1,0.082271
0.4,F4_max,0.19789,0.024,REFUSE,0.19789,0.115619,0.19789,1,0.082271
0.4,F4_max,0.19789,0.0251,REFUSE,0.19789,0.115619,0.19789,1,0.082271
0.4,F4_max,0.19789,0.0261,REFUSE,0.19789,0.115619,0.19789,1,0.082271
0.4,F4_max,0.19789,0.0271,REFUSE,0.19789,0.115619,0.19789,1,0.082271
0.4,F4_max,0.19789,0.0281,REFUSE,0.19789,0.115619,0.19789,1,0.082271
0.4,F4_max,0.19789,0.0291,REFUSE,0.19789,0.115619,0.19789,1,0.082271
0.4,F4_max,0.19789,0.0301,REFUSE,0.19789,0.115619,0.19789,1,0.082271
0.4,F4_max,0.19789,0.0311,REFUSE,0.19789,0.115619,0.19789,1,0.082271
0.4,F4_max,0.19789,0.0321,REFUSE,0.19789,0.115619,0.19789,1,0.082271
0.4,F4_max,0.19789,0.0331,REFUSE,0.19789,0.115619,0.19789,1,0.082271
0.4,F4_max,0.19789,0.0341,REFUSE,0.19789,0.115619,0.19789,1,0.082271
0.4,F4_max,0.19789,0.0351,REFUSE,0.19789,0.115619,0.19789,1,0.082271
0.4,F4_max,0.19789,0.0361,REFUSE,0.19789,0.115619,0.19789,1,0.082271
0.4,F4_max,0.19789,0.0371,REFUSE,0.19789,0.115619,0.19789,1,0.082271
0.4,F4_max,0.19789,0.0381,REFUSE,0.19789,0.115619,0.19789,1,0.082271
0.4,F4_max,0.19789,0.0391,REFUSE,0.19789,0.115619,0.19789,1,0.082271
0.4,F4_max,0.19789,0.0401,REFUSE,0.19789,0.115619,0.19789,1,0.082271
0.4,F4_max,0.19789,0.0411,REFUSE,0.19789,0.115619,0.19789,1,0.082271
0.4,F4_max,0.19789,0.0421,REFUSE,0.19789,0.115619,0.19789,1,0.082271
0.4,F4_max,0.19789,0.0431,REFUSE,0.19789,0.115619,0.19789,1,0.082271
0.4,F4_max,0.19789,0.0441,REFUSE,0.19789,0.115619,0.19789,1,0.082271
0.4,F4_max,0.19789,0.0451,REFUSE,0.19789,0.115619,0.19789,1,0.082271
0.4,F4_max,0.19789,0.0461,REFUSE,0.19789,0.115619,0.19789,1,0.082271
0.4,F4_max,0.19789,0.0471,REFUSE,0.19789,0.115619,0.19789,1,0.082271
0.4,F4_max,0.19789,0.0481,REFUSE,0.19789,0.115619,0.19789,1,0.082271
0.4,F4_max,0.19789,0.0491,REFUSE,0.19789,0.115619,0.19789,1,0.082271
0.4,F4_max,0.19789,0.0501,REFUSE,0.19789,0.115619,0.19789,1,0.082271
0.4,F4_max,0.19789,0.0511,REFUSE,0.19789,0.115619,0.19789,1,0.082271
0.4,F4_max,0.19789,0.0521,REFUSE,0.19789,0.115619,0.19789,1,0.082271
0.4,F4_max,0.19789,0.0531,REFUSE,0.19789,0.115619,0.19789,1,0.082271
0.4,F4_max,0.19789,0.0541,REFUSE,0.19789,0.115619,0.19789,1,0.082271
0.4,F4_max,0.19789,0.0551,REFUSE,0.19789,0.115619,0.19789,1,0.082271
0.4,F4_max,0.19789,0.0561,REFUSE,0.19789,0.115619,0.19789,1,0.082271
0.4,F4_max,0.19789,0.0571,REFUSE,0.19789,0.115619,0.19789,1,0.082271
0.4,F4_max,0.19789,0.0581,REFUSE,0.19789,0.115619,0.19789,1,0.082271
0.4,F4_max,0.19789,0.0591,REFUSE,0.19789,0.115619,0.19789,1,0.082271
0.4,F4_max,0.19789,0.0601,REFUSE,0.19789,0.115619,0.19789,1,0.082271
0.4,F4_max,0.19789,0.0611,REFUSE,0.19789,0.115619,0.19789,1,0.082271
0.4,F4_max,0.19789,0.0621,REFUSE,0.19789,0.115619,0.19789,1,0.082271
0.4,F4_max,0.19789,0.0631,REFUSE,0.19789,0.115619,0.19789,1,0.082271
0.4,F4_max,0.19789,0.0641,REFUSE,0.19789,0.115619,0.19789,1,0.082271
0.4,F4_max,0.19789,0.0651,REFUSE,0.19789,0.115619,0.19789,1,0.082271
0.4,F4_max,0.19789,0.0661,REFUSE,0.19789,0.115619,0.19789,1,0.082271
0.4,F4_max,0.19789,0.0671,REFUSE,0.19789,0.115619,0.19789,1,0.082271
0.4,F4_max,0.19789,0.0681,REFUSE,0.19789,0.115619,0.19789,1,0.082271
0.4,F4_max,0.19789,0.0691,REFUSE,0.19789,0.115619,0.19789,1,0.082271
0.4,F4_max,0.19789,0.0701,REFUSE,0.19789,0.115619,0.19789,1,0.082271
0.4,F4_max,0.19789,0.0711,REFUSE,0.19789,0.115619,0.19789,1,0.082271
0.4,F4_max,0.19789,0.0721,REFUSE,0.19789,0.115619,0.19789,1,0.082271
0.4,F4_max,0.19789,0.0731,REFUSE,0.19789,0.115619,0.19789,1,0.082271
0.4,F4_max,0.19789,0.0741,REFUSE,0.19789,0.115619,0.19789,1,0.082271
0.4,F4_max,0.19789,0.0752,REFUSE,0.19789,0.115619,0.19789,1,0.082271
0.4,F4_max,0.19789,0.0762,REFUSE,0.19789,0.115619,0.19789,1,0.082271
0.4,F4_max,0.19789,0.0772,REFUSE,0.19789,0.115619,0.19789,1,0.082271
0.4,F4_max,0.19789,0.0782,REFUSE,0.19789,0.115619,0.19789,1,0.082271
0.4,F4_max,0.19789,0.0792,REFUSE,0.19789,0.115619,0.19789,1,0.082271
0.4,F4_max,0.19789,0.0802,REFUSE,0.19789,0.115619,0.19789,1,0.082271
0.4,F4_max,0.19789,0.0812,REFUSE,0.19789,0.115619,0.19789,1,0.082271
0.4,F4_max,0.19789,0.0822,REFUSE,0.19789,0.115619,0.19789,1,0.082271
0.4,F4_max,0.19789,0.0832,REFUSE,0.19789,0.115619,0.19789,1,0.082271
0.4,F4_max,0.19789,0.0842,REFUSE,0.19789,0.115619,0.19789,1,0.082271
0.4,F4_max,0.19789,0.0852,REFUSE,0.19789,0.115619,0.19789,1,0.082271
0.4,F4_max,0.19789,0.0862,REFUSE,0.19789,0.115619,0.19789,1,0.082271
0.4,F4_max,0.19789,0.0872,REFUSE,0.19789,0.115619,0.19789,1,0.082271
0.4,F4_max,0.19789,0.0882,REFUSE,0.19789,0.115619,0.19789,1,0.082271
0.4,F4_max,0.19789,0.0892,REFUSE,0.19789,0.115619,0.19789,1,0.082271
0.4,F4_max,0.19789,0.0902,REFUSE,0.19789,0.115619,0.19789,1,0.082271
0.4,F4_max,0.19789,0.0912,REFUSE,0.19789,0.115619,0.19789,1,0.082271
0.4,F4_max,0.19789,0.0922,REFUSE,0.19789,0.115619,0.19789,1,0.082271
0.4,F4_max,0.19789,0.0932,REFUSE,0.19789,0.115619,0.19789,1,0.082271
0.4,F4_max,0.19789,0.0942,REFUSE,0.19789,0.115619,0.19789,1,0.082271
0.4,F4_max,0.19789,0.0952,REFUSE,0.19789,0.115619,0.19789,1,0.082271
0.4,F4_max,0.19789,0.0962,REFUSE,0.19789,0.115619,0.19789,1,0.082271
0.4,F4_max,0.19789,0.0972,REFUSE,0.19789,0.115619,0.19789,1,0.082271
0.4,F4_max,0.19789,0.0982,REFUSE,0.19789,0.115619,0.19789,1,0.082271
0.4,F4_max,0.19789,0.0992,REFUSE,0.19789,0.115619,0.19789,1,0.082271
0.4,F4_max,0.19789,0.1002,REFUSE,0.19789,0.115619,0.19789,1,0.082271
0.4,F4_max,0.19789,0.1012,REFUSE,0.19789,0.115619,0.19789,1,0.082271
0.4,F4_max,0.19789,0.1022,REFUSE,0.19789,0.115619,0.19789,1,0.082271
0.4,F4_max,0.19789,0.1032,REFUSE,0.19789,0.115619,0.19789,1,0.082271
0.4,F4_max,0.19789,0.1042,REFUSE,0.19789,0.115619,0.19789,1,0.082271
0.4,F4_max,0.19789,0.1052,REFUSE,0.19789,0.115619,0.19789,1,0.082271
0.4,F4_max,0.19789,0.1062,REFUSE,0.19789,0.115619,0.19789,1,0.082271
0.4,F4_max,0.19789,0.1072,REFUSE,0.19789,0.115619,0.19789,1,0.082271
0.4,F4_max,0.19789,0.1082,REFUSE,0.19789,0.115619,0.19789,1,0.082271
0.4,F4_max,0.19789,0.1092,REFUSE,0.19789,0.115619,0.19789,1,0.082271
0.4,F4_max,0.19789,0.1102,REFUSE,0.19789,0.115619,0.19789,1,0.082271
0.4,F4_max,0.19789,0.1112,REFUSE,0.19789,0.115619,0.19789,1,0.082271
0.4,F4_max,0.19789,0.1122,REFUSE,0.19789,0.115619,0.19789,1,0.082271
0.4,F4_max,0.19789,0.1132,REFUSE,0.19789,0.115619,0.19789,1,0.082271
0.4,F4_max,0.19789,0.1142,REFUSE,0.19789,0.115619,0.19789,1,0.082271
0.4,F4_max,0.19789,0.1152,REFUSE,0.19789,0.115619,0.19789,1,0.082271
0.4,F4_max,0.19789,0.1162,REFUSE,0.19789,0.115619,0.19789,1,0.082271
0.4,F4_max,0.19789,0.1172,REFUSE,0.19789,0.115619,0.19789,1,0.082271
0.4,F4_max,0.19789,0.1182,REFUSE,0.19789,0.115619,0.19789,1,0.082271
0.4,F4_max,0.19789,0.1192,REFUSE,0.19789,0.115619,0.19789,1,0.082271
0.4,F4_max,0.19789,0.1202,REFUSE,0.19789,0.115619,0.19789,1,0.082271
0.4,F4_max,0.19789,0.1212,REFUSE,0.19789,0.115619,0.19789,1,0.082271
0.4,F4_max,0.19789,0.1222,REFUSE,0.19789,0.115619,0.19789,1,0.082271
0.4,F4_max,0.19789,0.1232,REFUSE,0.19789,0.115619,0.19789,1,0.082271
0.4,F4_max,0.19789,0.1242,REFUSE,0.19789,0.115619,0.19789,1,0.082271
0.4,F4_max,0.19789,0.1253,REFUSE,0.19789,0.115619,0.19789,1,0.082271
0.4,F4_max,0.19789,0.1263,REFUSE,0.19789,0.115619,0.19789,1,0.082271
0.4,F4_max,0.19789,0.1273,REFUSE,0.19789,0.115619,0.19789,1,0.082271
0.4,F4_max,0.19789,0.1283,REFUSE,0.19789,0.115619,0.19789,1,0.082271
0.4,F4_max,0.19789,0.1293,REFUSE,0.19789,0.115619,0.19789,1,0.082271
0.4,F4_max,0.19789,0.1303,REFUSE,0.19789,0.115619,0.19789,1,0.082271
0.4,F4_max,0.19789,0.1313,REFUSE,0.19789,0.115619,0.19789,1,0.082271
0.4,F4_max,0.19789,0.1323,REFUSE,0.19789,0.115619,0.19789,1,0.082271
0.4,F4_max,0.19789,0.1333,REFUSE,0.19789,0.115619,0.19789,1,0.082271
0.4,F4_max,0.19789,0.1343,REFUSE,0.19789,0.115619,0.19789,1,0.082271
0.4,F4_max,0.19789,0.1353,REFUSE,0.19789,0.115619,0.19789,1,0.082271
0.4,F4_max,0.19789,0.1363,REFUSE,0.19789,0.115619,0.19789,1,0.082271
0.4,F4_max,0.19789,0.1373,REFUSE,0.19789,0.115619,0.19789,1,0.082271
0.4,F4_max,0.19789,0.1383,REFUSE,0.19789,0.115619,0.19789,1,0.082271
0.4,F4_max,0.19789,0.1393,REFUSE,0.19789,0.115619,0.19789,1,0.082271
0.4,F4_max,0.19789,0.1403,REFUSE,0.19789,0.115619,0.19789,1,0.082271
0.4,F4_max,0.19789,0.1413,REFUSE,0.19789,0.115619,0.19789,1,0.082271
0.4,F4_max,0.19789,0.1423,REFUSE,0.19789,0.115619,0.19789,1,0.082271
0.4,F4_max,0.19789,0.1433,REFUSE,0.19789,0.115619,0.19789,1,0.082271
0.4,F4_max,0.19789,0.1443,REFUSE,0.19789,0.115619,0.19789,1,0.082271
0.4,F4_max,0.19789,0.1453,REFUSE,0.19789,0.115619,0.19789,1,0.082271
0.4,F4_max,0.19789,0.1463,REFUSE,0.19789,0.115619,0.19789,1,0.082271
0.4,F4_max,0.19789,0.1473,REFUSE,0.19789,0.115619,0.19789,1,0.082271
0.4,F4_max,0.19789,0.1483,REFUSE,0.19789,0.115619,0.19789,1,0.082271
0.4,F4_max,0.19789,0.1493,REFUSE,0.19789,0.115619,0.19789,1,0.082271
0.4,F4_max,0.19789,0.1503,REFUSE,0.19789,0.115619,0.19789,1,0.082271
0.4,F4_max,0.19789,0.1513,REFUSE,0.19789,0.115619,0.19789,1,0.082271
0.4,F4_max,0.19789,0.1523,REFUSE,0.19789,0.115619,0.19789,1,0.082271
0.4,F4_max,0.19789,0.1533,REFUSE,0.19789,0.115619,0.19789,1,0.082271
0.4,F4_max,0.19789,0.1543,REFUSE,0.19789,0.115619,0.19789,1,0.082271
0.4,F4_max,0.19789,0.1553,REFUSE,0.19789,0.115619,0.19789,1,0.082271
0.4,F4_max,0.19789,0.1563,REFUSE,0.19789,0.115619,0.19789,1,0.082271
0.4,F4_max,0.19789,0.1573,REFUSE,0.19789,0.115619,0.19789,1,0.082271
0.4,F4_max,0.19789,0.1583,REFUSE,0.19789,0.115619,0.19789,1,0.082271
0.4,F4_max,0.19789,0.1593,REFUSE,0.19789,0.115619,0.19789,1,0.082271
0.4,F4_max,0.19789,0.1603,REFUSE,0.19789,0.115619,0.19789,1,0.082271
0.4,F4_max,0.19789,0.1613,REFUSE,0.19789,0.115619,0.19789,1,0.082271
0.4,F4_max,0.19789,0.1623,REFUSE,0.19789,0.115619,0.19789,1,0.082271
0.4,F4_max,0.19789,0.1633,REFUSE,0.19789,0.115619,0.19789,1,0.082271
0.4,F4_max,0.19789,0.1643,REFUSE,0.19789,0.115619,0.19789,1,0.082271
0.4,F4_max,0.19789,0.1653,REFUSE,0.19789,0.115619,0.19789,1,0.082271
0.4,F4_max,0.19789,0.1663,REFUSE,0.19789,0.115619,0.19789,1,0.082271
0.4,F4_max,0.19789,0.1673,REFUSE,0.19789,0.115619,0.19789,1,0.082271
0.4,F4_max,0.19789,0.1683,REFUSE,0.19789,0.115619,0.19789,1,0.082271
0.4,F4_max,0.19789,0.1693,REFUSE,0.19789,0.115619,0.19789,1,0.082271
0.4,F4_max,0.19789,0.1703,REFUSE,0.19789,0.115619,0.19789,1,0.082271
0.4,F4_max,0.19789,0.1713,REFUSE,0.19789,0.115619,0.19789,1,0.082271
0.4,F4_max,0.19789,0.1723,REFUSE,0.19789,0.115619,0.19789,1,0.082271
0.4,F4_max,0.19789,0.1733,REFUSE,0.19789,0.115619,0.19789,1,0.082271
0.4,F4_max,0.19789,0.1743,REFUSE,0.19789,0.115619,0.19789,1,0.082271
0.4,F4_max,0.19789,0.1754,REFUSE,0.19789,0.115619,0.19789,1,0.082271
0.4,F4_max,0.19789,0.1764,REFUSE,0.19789,0.115619,0.19789,1,0.082271
0.4,F4_max,0.19789,0.1774,REFUSE,0.19789,0.115619,0.19789,1,0.082271
0.4,F4_max,0.19789,0.1784,REFUSE,0.19789,0.115619,0.19789,1,0.082271
0.4,F4_max,0.19789,0.1794,REFUSE,0.19789,0.115619,0.19789,1,0.082271
0.4,F4_max,0.19789,0.1804,REFUSE,0.19789,0.115619,0.19789,1,0.082271
0.4,F4_max,0.19789,0.1814,REFUSE,0.19789,0.115619,0.19789,1,0.082271
0.4,F4_max,0.19789,0.1824,REFUSE,0.19789,0.115619,0.19789,1,0.082271
0.4,F4_max,0.19789,0.1834,REFUSE,0.19789,0.115619,0.19789,1,0.082271
0.4,F4_max,0.19789,0.1844,REFUSE,0.19789,0.115619,0.19789,1,0.082271
0.4,F4_max,0.19789,0.1854,REFUSE,0.19789,0.115619,0.19789,1,0.082271
0.4,F4_max,0.19789,0.1864,REFUSE,0.19789,0.115619,0.19789,1,0.082271
0.4,F4_max,0.19789,0.1874,REFUSE,0.19789,0.115619,0.19789,1,0.082271
0.4,F4_max,0.19789,0.1884,REFUSE,0.19789,0.115619,0.19789,1,0.082271
0.4,F4_max,0.19789,0.1894,REFUSE,0.19789,0.115619,0.19789,1,0.082271
0.4,F4_max,0.19789,0.1904,REFUSE,0.19789,0.115619,0.19789,1,0.082271
0.4,F4_max,0.19789,0.1914,REFUSE,0.19789,0.115619,0.19789,1,0.082271
0.4,F4_max,0.19789,0.1924,REFUSE,0.19789,0.115619,0.19789,1,0.082271
0.4,F4_max,0.19789,0.1934,REFUSE,0.19789,0.115619,0.19789,1,0.082271
0.4,F4_max,0.19789,0.1944,REFUSE,0.19789,0.115619,0.19789,1,0.082271
0.4,F4_max,0.19789,0.1954,REFUSE,0.19789,0.115619,0.19789,1,0.082271
0.4,F4_max,0.19789,0.1964,REFUSE,0.19789,0.115619,0.19789,1,0.082271
0.4,F4_max,0.19789,0.1974,REFUSE,0.19789,0.115619,0.19789,1,0.082271
0.4,F4_max,0.19789,0.1984,ACT,0.19789,0.115619,0.19789,1,0.082271
0.4,F4_max,0.19789,0.1994,ACT,0.19789,0.115619,0.19789,1,0.082271
0.4,F4_max,0.19789,0.2004,ACT,0.19789,0.115619,0.19789,1,0.082271
0.4,F4_max,0.19789,0.2014,ACT,0.19789,0.115619,0.19789,1,0.082271
0.4,F4_max,0.19789,0.2024,ACT,0.19789,0.115619,0.19789,1,0.082271
0.4,F4_max,0.19789,0.2034,ACT,0.19789,0.115619,0.19789,1,0.082271
0.4,F4_max,0.19789,0.2044,ACT,0.19789,0.115619,0.19789,1,0.082271
0.4,F4_max,0.19789,0.2054,ACT,0.19789,0.115619,0.19789,1,0.082271
0.4,F4_max,0.19789,0.2064,ACT,0.19789,0.115619,0.19789,1,0.082271
0.4,F4_max,0.19789,0.2074,ACT,0.19789,0.115619,0.19789,1,0.082271
0.4,F4_max,0.19789,0.2084,ACT,0.19789,0.115619,0.19789,1,0.082271
0.4,F4_max,0.19789,0.2094,ACT,0.19789,0.115619,0.19789,1,0.082271
0.4,F4_max,0.19789,0.2104,ACT,0.19789,0.115619,0.19789,1,0.082271
0.4,F4_max,0.19789,0.2114,ACT,0.19789,0.115619,0.19789,1,0.082271
0.4,F4_max,0.19789,0.2124,ACT,0.19789,0.115619,0.19789,1,0.082271
0.4,F4_max,0.19789,0.2134,ACT,0.19789,0.115619,0.19789,1,0.082271
0.4,F4_max,0.19789,0.2144,ACT,0.19789,0.115619,0.19789,1,0.082271
0.4,F4_max,0.19789,0.2154,ACT,0.19789,0.115619,0.19789,1,0.082271
0.4,F4_max,0.19789,0.2164,ACT,0.19789,0.115619,0.19789,1,0.082271
0.4,F4_max,0.19789,0.2174,ACT,0.19789,0.115619,0.19789,1,0.082271
0.4,F4_max,0.19789,0.2184,ACT,0.19789,0.115619,0.19789,1,0.082271
0.4,F4_max,0.19789,0.2194,ACT,0.19789,0.115619,0.19789,1,0.082271
0.4,F4_max,0.19789,0.2204,ACT,0.19789,0.115619,0.19789,1,0.082271
0.4,F4_max,0.19789,0.2214,ACT,0.19789,0.115619,0.19789,1,0.082271
0.4,F4_max,0.19789,0.2224,ACT,0.19789,0.115619,0.19789,1,0.082271
0.4,F4_max,0.19789,0.2234,ACT,0.19789,0.115619,0.19789,1,0.082271
0.4,F4_max,0.19789,0.2244,ACT,0.19789,0.115619,0.19789,1,0.082271
0.4,F4_max,0.19789,0.2255,ACT,0.19789,0.115619,0.19789,1,0.082271
0.4,F4_max,0.19789,0.2265,ACT,0.19789,0.115619,0.19789,1,0.082271
0.4,F4_max,0.19789,0.2275,ACT,0.19789,0.115619,0.19789,1,0.082271
0.4,F4_max,0.19789,0.2285,ACT,0.19789,0.115619,0.19789,1,0.082271
0.4,F4_max,0.19789,0.2295,ACT,0.19789,0.115619,0.19789,1,0.082271
0.4,F4_max,0.19789,0.2305,ACT,0.19789,0.115619,0.19789,1,0.082271
0.4,F4_max,0.19789,0.2315,ACT,0.19789,0.115619,0.19789,1,0.082271
0.4,F4_max,0.19789,0.2325,ACT,0.19789,0.115619,0.19789,1,0.082271
0.4,F4_max,0.19789,0.2335,ACT,0.19789,0.115619,0.19789,1,0.082271
0.4,F4_max,0.19789,0.2345,ACT,0.19789,0.115619,0.19789,1,0.082271
0.4,F4_max,0.19789,0.2355,ACT,0.19789,0.115619,0.19789,1,0.082271
0.4,F4_max,0.19789,0.2365,ACT,0.19789,0.115619,0.19789,1,0.082271
0.4,F4_max,0.19789,0.2375,ACT,0.19789,0.115619,0.19789,1,0.082271
0.4,F4_max,0.19789,0.2385,ACT,0.19789,0.115619,0.19789,1,0.082271
0.4,F4_max,0.19789,0.2395,ACT,0.19789,0.115619,0.19789,1,0.082271
0.4,F4_max,0.19789,0.2405,ACT,0.19789,0.115619,0.19789,1,0.082271
0.4,F4_max,0.19789,0.2415,ACT,0.19789,0.115619,0.19789,1,0.082271
0.4,F4_max,0.19789,0.2425,ACT,0.19789,0.115619,0.19789,1,0.082271
0.4,F4_max,0.19789,0.2435,ACT,0.19789,0.115619,0.19789,1,0.082271
0.4,F4_max,0.19789,0.2445,ACT,0.19789,0.115619,0.19789,1,0.082271
0.4,F4_max,0.19789,0.2455,ACT,0.19789,0.115619,0.19789,1,0.082271
0.4,F4_max,0.19789,0.2465,ACT,0.19789,0.115619,0.19789,1,0.082271
0.4,F4_max,0.19789,0.2475,ACT,0.19789,0.115619,0.19789,1,0.082271
0.4,F4_max,0.19789,0.2485,ACT,0.19789,0.115619,0.19789,1,0.082271
0.4,F4_max,0.19789,0.2495,ACT,0.19789,0.115619,0.19789,1,0.082271
0.4,F4_max,0.19789,0.2505,ACT,0.19789,0.115619,0.19789,1,0.082271
0.4,F4_max,0.19789,0.2515,ACT,0.19789,0.115619,0.19789,1,0.082271
0.4,F4_max,0.19789,0.2525,ACT,0.19789,0.115619,0.19789,1,0.082271
0.4,F4_max,0.19789,0.2535,ACT,0.19789,0.115619,0.19789,1,0.082271
0.4,F4_max,0.19789,0.2545,ACT,0.19789,0.115619,0.19789,1,0.082271
0.4,F4_max,0.19789,0.2555,ACT,0.19789,0.115619,0.19789,1,0.082271
0.4,F4_max,0.19789,0.2565,ACT,0.19789,0.115619,0.19789,1,0.082271
0.4,F4_max,0.19789,0.2575,ACT,0.19789,0.115619,0.19789,1,0.082271
0.4,F4_max,0.19789,0.2585,ACT,0.19789,0.115619,0.19789,1,0.082271
0.4,F4_max,0.19789,0.2595,ACT,0.19789,0.115619,0.19789,1,0.082271
0.4,F4_max,0.19789,0.2605,ACT,0.19789,0.115619,0.19789,1,0.082271
0.4,F4_max,0.19789,0.2615,ACT,0.19789,0.115619,0.19789,1,0.082271
0.4,F4_max,0.19789,0.2625,ACT,0.19789,0.115619,0.19789,1,0.082271
0.4,F4_max,0.19789,0.2635,ACT,0.19789,0.115619,0.19789,1,0.082271
0.4,F4_max,0.19789,0.2645,ACT,0.19789,0.115619,0.19789,1,0.082271
0.4,F4_max,0.19789,0.2655,ACT,0.19789,0.115619,0.19789,1,0.082271
0.4,F4_max,0.19789,0.2665,ACT,0.19789,0.115619,0.19789,1,0.082271
0.4,F4_max,0.19789,0.2675,ACT,0.19789,0.115619,0.19789,1,0.082271
0.4,F4_max,0.19789,0.2685,ACT,0.19789,0.115619,0.19789,1,0.082271
0.4,F4_max,0.19789,0.2695,ACT,0.19789,0.115619,0.19789,1,0.082271
0.4,F4_max,0.19789,0.2705,ACT,0.19789,0.115619,0.19789,1,0.082271
0.4,F4_max,0.19789,0.2715,ACT,0.19789,0.115619,0.19789,1,0.082271
0.4,F4_max,0.19789,0.2725,ACT,0.19789,0.115619,0.19789,1,0.082271
0.4,F4_max,0.19789,0.2735,ACT,0.19789,0.115619,0.19789,1,0.082271
0.4,F4_max,0.19789,0.2745,ACT,0.19789,0.115619,0.19789,1,0.082271
0.4,F4_max,0.19789,0.2756,ACT,0.19789,0.115619,0.19789,1,0.082271
0.4,F4_max,0.19789,0.2766,ACT,0.19789,0.115619,0.19789,1,0.082271
0.4,F4_max,0.19789,0.2776,ACT,0.19789,0.115619,0.19789,1,0.082271
0.4,F4_max,0.19789,0.2786,ACT,0.19789,0.115619,0.19789,1,0.082271
0.4,F4_max,0.19789,0.2796,ACT,0.19789,0.115619,0.19789,1,0.082271
0.4,F4_max,0.19789,0.2806,ACT,0.19789,0.115619,0.19789,1,0.082271
0.4,F4_max,0.19789,0.2816,ACT,0.19789,0.115619,0.19789,1,0.082271
0.4,F4_max,0.19789,0.2826,ACT,0.19789,0.115619,0.19789,1,0.082271
0.4,F4_max,0.19789,0.2836,ACT,0.19789,0.115619,0.19789,1,0.082271
0.4,F4_max,0.19789,0.2846,ACT,0.19789,0.115619,0.19789,1,0.082271
0.4,F4_max,0.19789,0.2856,ACT,0.19789,0.115619,0.19789,1,0.082271
0.4,F4_max,0.19789,0.2866,ACT,0.19789,0.115619,0.19789,1,0.082271
0.4,F4_max,0.19789,0.2876,ACT,0.19789,0.115619,0.19789,1,0.082271
0.4,F4_max,0.19789,0.2886,ACT,0.19789,0.115619,0.19789,1,0.082271
0.4,F4_max,0.19789,0.2896,ACT,0.19789,0.115619,0.19789,1,0.082271
0.4,F4_max,0.19789,0.2906,ACT,0.19789,0.115619,0.19789,1,0.082271
0.4,F4_max,0.19789,0.2916,ACT,0.19789,0.115619,0.19789,1,0.082271
0.4,F4_max,0.19789,0.2926,ACT,0.19789,0.115619,0.19789,1,0.082271
0.4,F4_max,0.19789,0.2936,ACT,0.19789,0.115619,0.19789,1,0.082271
0.4,F4_max,0.19789,0.2946,ACT,0.19789,0.115619,0.19789,1,0.082271
0.4,F4_max,0.19789,0.2956,ACT,0.19789,0.115619,0.19789,1,0.082271
0.4,F4_max,0.19789,0.2966,ACT,0.19789,0.115619,0.19789,1,0.082271
0.4,F4_max,0.19789,0.2976,ACT,0.19789,0.115619,0.19789,1,0.082271
0.4,F4_max,0.19789,0.2986,ACT,0.19789,0.115619,0.19789,1,0.082271
0.4,F4_max,0.19789,0.2996,ACT,0.19789,0.115619,0.19789,1,0.082271
0.4,F4_max,0.19789,0.3006,ACT,0.19789,0.115619,0.19789,1,0.082271
0.4,F4_max,0.19789,0.3016,ACT,0.19789,0.115619,0.19789,1,0.082271
0.4,F4_max,0.19789,0.3026,ACT,0.19789,0.115619,0.19789,1,0.082271
0.4,F4_max,0.19789,0.3036,ACT,0.19789,0.115619,0.19789,1,0.082271
0.4,F4_max,0.19789,0.3046,ACT,0.19789,0.115619,0.19789,1,0.082271
0.4,F4_max,0.19789,0.3056,ACT,0.19789,0.115619,0.19789,1,0.082271
0.4,F4_max,0.19789,0.3066,ACT,0.19789,0.115619,0.19789,1,0.082271
0.4,F4_max,0.19789,0.3076,ACT,0.19789,0.115619,0.19789,1,0.082271
0.4,F4_max,0.19789,0.3086,ACT,0.19789,0.115619,0.19789,1,0.082271
0.4,F4_max,0.19789,0.3096,ACT,0.19789,0.115619,0.19789,1,0.082271
0.4,F4_max,0.19789,0.3106,ACT,0.19789,0.115619,0.19789,1,0.082271
0.4,F4_max,0.19789,0.3116,ACT,0.19789,0.115619,0.19789,1,0.082271
0.4,F4_max,0.19789,0.3126,ACT,0.19789,0.115619,0.19789,1,0.082271
0.4,F4_max,0.19789,0.3136,ACT,0.19789,0.115619,0.19789,1,0.082271
0.4,F4_max,0.19789,0.3146,ACT,0.19789,0.115619,0.19789,1,0.082271
0.4,F4_max,0.19789,0.3156,ACT,0.19789,0.115619,0.19789,1,0.082271
0.4,F4_max,0.19789,0.3166,ACT,0.19789,0.115619,0.19789,1,0.082271
0.4,F4_max,0.19789,0.3176,ACT,0.19789,0.115619,0.19789,1,0.082271
0.4,F4_max,0.19789,0.3186,ACT,0.19789,0.115619,0.19789,1,0.082271
0.4,F4_max,0.19789,0.3196,ACT,0.19789,0.115619,0.19789,1,0.082271
0.4,F4_max,0.19789,0.3206,ACT,0.19789,0.115619,0.19789,1,0.082271
0.4,F4_max,0.19789,0.3216,ACT,0.19789,0.115619,0.19789,1,0.082271
0.4,F4_max,0.19789,0.3226,ACT,0.19789,0.115619,0.19789,1,0.082271
0.4,F4_max,0.19789,0.3236,ACT,0.19789,0.115619,0.19789,1,0.082271
0.4,F4_max,0.19789,0.3246,ACT,0.19789,0.115619,0.19789,1,0.082271
0.4,F4_max,0.19789,0.3257,ACT,0.19789,0.115619,0.19789,1,0.082271
0.4,F4_max,0.19789,0.3267,ACT,0.19789,0.115619,0.19789,1,0.082271
0.4,F4_max,0.19789,0.3277,ACT,0.19789,0.115619,0.19789,1,0.082271
0.4,F4_max,0.19789,0.3287,ACT,0.19789,0.115619,0.19789,1,0.082271
0.4,F4_max,0.19789,0.3297,ACT,0.19789,0.115619,0.19789,1,0.082271
0.4,F4_max,0.19789,0.3307,ACT,0.19789,0.115619,0.19789,1,0.082271
0.4,F4_max,0.19789,0.3317,ACT,0.19789,0.115619,0.19789,1,0.082271
0.4,F4_max,0.19789,0.3327,ACT,0.19789,0.115619,0.19789,1,0.082271
0.4,F4_max,0.19789,0.3337,ACT,0.19789,0.115619,0.19789,1,0.082271
0.4,F4_max,0.19789,0.3347,ACT,0.19789,0.115619,0.19789,1,0.082271
0.4,F4_max,0.19789,0.3357,ACT,0.19789,0.115619,0.19789,1,0.082271
0.4,F4_max,0.19789,0.3367,ACT,0.19789,0.115619,0.19789,1,0.082271
0.4,F4_max,0.19789,0.3377,ACT,0.19789,0.115619,0.19789,1,0.082271
0.4,F4_max,0.19789,0.3387,ACT,0.19789,0.115619,0.19789,1,0.082271
0.4,F4_max,0.19789,0.3397,ACT,0.19789,0.115619,0.19789,1,0.082271
0.4,F4_max,0.19789,0.3407,ACT,0.19789,0.115619,0.19789,1,0.082271
0.4,F4_max,0.19789,0.3417,ACT,0.19789,0.115619,0.19789,1,0.082271
0.4,F4_max,0.19789,0.3427,ACT,0.19789,0.115619,0.19789,1,0.082271
0.4,F4_max,0.19789,0.3437,ACT,0.19789,0.115619,0.19789,1,0.082271
0.4,F4_max,0.19789,0.3447,ACT,0.19789,0.115619,0.19789,1,0.082271
0.4,F4_max,0.19789,0.3457,ACT,0.19789,0.115619,0.19789,1,0.082271
0.4,F4_max,0.19789,0.3467,ACT,0.19789,0.115619,0.19789,1,0.082271
0.4,F4_max,0.19789,0.3477,ACT,0.19789,0.115619,0.19789,1,0.082271
0.4,F4_max,0.19789,0.3487,ACT,0.19789,0.115619,0.19789,1,0.082271
0.4,F4_max,0.19789,0.3497,ACT,0.19789,0.115619,0.19789,1,0.082271
0.4,F4_max,0.19789,0.3507,ACT,0.19789,0.115619,0.19789,1,0.082271
0.4,F4_max,0.19789,0.3517,ACT,0.19789,0.115619,0.19789,1,0.082271
0.4,F4_max,0.19789,0.3527,ACT,0.19789,0.115619,0.19789,1,0.082271
0.4,F4_max,0.19789,0.3537,ACT,0.19789,0.115619,0.19789,1,0.082271
0.4,F4_max,0.19789,0.3547,ACT,0.19789,0.115619,0.19789,1,0.082271
0.4,F4_max,0.19789,0.3557,ACT,0.19789,0.115619,0.19789,1,0.082271
0.4,F4_max,0.19789,0.3567,ACT,0.19789,0.115619,0.19789,1,0.082271
0.4,F4_max,0.19789,0.3577,ACT,0.19789,0.115619,0.19789,1,0.082271
0.4,F4_max,0.19789,0.3587,ACT,0.19789,0.115619,0.19789,1,0.082271
0.4,F4_max,0.19789,0.3597,ACT,0.19789,0.115619,0.19789,1,0.082271
0.4,F4_max,0.19789,0.3607,ACT,0.19789,0.115619,0.19789,1,0.082271
0.4,F4_max,0.19789,0.3617,ACT,0.19789,0.115619,0.19789,1,0.082271
0.4,F4_max,0.19789,0.3627,ACT,0.19789,0.115619,0.19789,1,0.082271
0.4,F4_max,0.19789,0.3637,ACT,0.19789,0.115619,0.19789,1,0.082271
0.4,F4_max,0.19789,0.3647,ACT,0.19789,0.115619,0.19789,1,0.082271
0.4,F4_max,0.19789,0.3657,ACT,0.19789,0.115619,0.19789,1,0.082271
0.4,F4_max,0.19789,0.3667,ACT,0.19789,0.115619,0.19789,1,0.082271
0.4,F4_max,0.19789,0.3677,ACT,0.19789,0.115619,0.19789,1,0.082271
0.4,F4_max,0.19789,0.3687,ACT,0.19789,0.115619,0.19789,1,0.082271
0.4,F4_max,0.19789,0.3697,ACT,0.19789,0.115619,0.19789,1,0.082271
0.4,F4_max,0.19789,0.3707,ACT,0.19789,0.115619,0.19789,1,0.082271
0.4,F4_max,0.19789,0.3717,ACT,0.19789,0.115619,0.19789,1,0.082271
0.4,F4_max,0.19789,0.3727,ACT,0.19789,0.115619,0.19789,1,0.082271
0.4,F4_max,0.19789,0.3737,ACT,0.19789,0.115619,0.19789,1,0.082271
0.4,F4_max,0.19789,0.3747,ACT,0.19789,0.115619,0.19789,1,0.082271
0.4,F4_max,0.19789,0.3758,ACT,0.19789,0.115619,0.19789,1,0.082271
0.4,F4_max,0.19789,0.3768,ACT,0.19789,0.115619,0.19789,1,0.082271
0.4,F4_max,0.19789,0.3778,ACT,0.19789,0.115619,0.19789,1,0.082271
0.4,F4_max,0.19789,0.3788,ACT,0.19789,0.115619,0.19789,1,0.082271
0.4,F4_max,0.19789,0.3798,ACT,0.19789,0.115619,0.19789,1,0.082271
0.4,F4_max,0.19789,0.3808,ACT,0.19789,0.115619,0.19789,1,0.082271
0.4,F4_max,0.19789,0.3818,ACT,0.19789,0.115619,0.19789,1,0.082271
0.4,F4_max,0.19789,0.3828,ACT,0.19789,0.115619,0.19789,1,0.082271
0.4,F4_max,0.19789,0.3838,ACT,0.19789,0.115619,0.19789,1,0.082271
0.4,F4_max,0.19789,0.3848,ACT,0.19789,0.115619,0.19789,1,0.082271
0.4,F4_max,0.19789,0.3858,ACT,0.19789,0.115619,0.19789,1,0.082271
0.4,F4_max,0.19789,0.3868,ACT,0.19789,0.115619,0.19789,1,0.082271
0.4,F4_max,0.19789,0.3878,ACT,0.19789,0.115619,0.19789,1,0.082271
0.4,F4_max,0.19789,0.3888,ACT,0.19789,0.115619,0.19789,1,0.082271
0.4,F4_max,0.19789,0.3898,ACT,0.19789,0.115619,0.19789,1,0.082271
0.4,F4_max,0.19789,0.3908,ACT,0.19789,0.115619,0.19789,1,0.082271
0.4,F4_max,0.19789,0.3918,ACT,0.19789,0.115619,0.19789,1,0.082271
0.4,F4_max,0.19789,0.3928,ACT,0.19789,0.115619,0.19789,1,0.082271
0.4,F4_max,0.19789,0.3938,ACT,0.19789,0.115619,0.19789,1,0.082271
0.4,F4_max,0.19789,0.3948,ACT,0.19789,0.115619,0.19789,1,0.082271
0.4,F4_max,0.19789,0.3958,ACT,0.19789,0.115619,0.19789,1,0.082271
0.4,F4_max,0.19789,0.3968,ACT,0.19789,0.115619,0.19789,1,0.082271
0.4,F4_max,0.19789,0.3978,ACT,0.19789,0.115619,0.19789,1,0.082271
0.4,F4_max,0.19789,0.3988,ACT,0.19789,0.115619,0.19789,1,0.082271
0.4,F4_max,0.19789,0.3998,ACT,0.19789,0.115619,0.19789,1,0.082271
0.4,F4_max,0.19789,0.4008,ACT,0.19789,0.115619,0.19789,1,0.082271
0.4,F4_max,0.19789,0.4018,ACT,0.19789,0.115619,0.19789,1,0.082271
0.4,F4_max,0.19789,0.4028,ACT,0.19789,0.115619,0.19789,1,0.082271
0.4,F4_max,0.19789,0.4038,ACT,0.19789,0.115619,0.19789,1,0.082271
0.4,F4_max,0.19789,0.4048,ACT,0.19789,0.115619,0.19789,1,0.082271
0.4,F4_max,0.19789,0.4058,ACT,0.19789,0.115619,0.19789,1,0.082271
0.4,F4_max,0.19789,0.4068,ACT,0.19789,0.115619,0.19789,1,0.082271
0.4,F4_max,0.19789,0.4078,ACT,0.19789,0.115619,0.19789,1,0.082271
0.4,F4_max,0.19789,0.4088,ACT,0.19789,0.115619,0.19789,1,0.082271
0.4,F4_max,0.19789,0.4098,ACT,0.19789,0.115619,0.19789,1,0.082271
0.4,F4_max,0.19789,0.4108,ACT,0.19789,0.115619,0.19789,1,0.082271
0.4,F4_max,0.19789,0.4118,ACT,0.19789,0.115619,0.19789,1,0.082271
0.4,F4_max,0.19789,0.4128,ACT,0.19789,0.115619,0.19789,1,0.082271
0.4,F4_max,0.19789,0.4138,ACT,0.19789,0.115619,0.19789,1,0.082271
0.4,F4_max,0.19789,0.4148,ACT,0.19789,0.115619,0.19789,1,0.082271
0.4,F4_max,0.19789,0.4158,ACT,0.19789,0.115619,0.19789,1,0.082271
0.4,F4_max,0.19789,0.4168,ACT,0.19789,0.115619,0.19789,1,0.082271
0.4,F4_max,0.19789,0.4178,ACT,0.19789,0.115619,0.19789,1,0.082271
0.4,F4_max,0.19789,0.4188,ACT,0.19789,0.115619,0.19789,1,0.082271
0.4,F4_max,0.19789,0.4198,ACT,0.19789,0.115619,0.19789,1,0.082271
0.4,F4_max,0.19789,0.4208,ACT,0.19789,0.115619,0.19789,1,0.082271
0.4,F4_max,0.19789,0.4218,ACT,0.19789,0.115619,0.19789,1,0.082271
0.4,F4_max,0.19789,0.4228,ACT,0.19789,0.115619,0.19789,1,0.082271
0.4,F4_max,0.19789,0.4238,ACT,0.19789,0.115619,0.19789,1,0.082271
0.4,F4_max,0.19789,0.4248,ACT,0.19789,0.115619,0.19789,1,0.082271
0.4,F4_max,0.19789,0.4259,ACT,0.19789,0.115619,0.19789,1,0.082271
0.4,F4_max,0.19789,0.4269,ACT,0.19789,0.115619,0.19789,1,0.082271
0.4,F4_max,0.19789,0.4279,ACT,0.19789,0.115619,0.19789,1,0.082271
0.4,F4_max,0.19789,0.4289,ACT,0.19789,0.115619,0.19789,1,0.082271
0.4,F4_max,0.19789,0.4299,ACT,0.19789,0.115619,0.19789,1,0.082271
0.4,F4_max,0.19789,0.4309,ACT,0.19789,0.115619,0.19789,1,0.082271
0.4,F4_max,0.19789,0.4319,ACT,0.19789,0.115619,0.19789,1,0.082271
0.4,F4_max,0.19789,0.4329,ACT,0.19789,0.115619,0.19789,1,0.082271
0.4,F4_max,0.19789,0.4339,ACT,0.19789,0.115619,0.19789,1,0.082271
0.4,F4_max,0.19789,0.4349,ACT,0.19789,0.115619,0.19789,1,0.082271
0.4,F4_max,0.19789,0.4359,ACT,0.19789,0.115619,0.19789,1,0.082271
0.4,F4_max,0.19789,0.4369,ACT,0.19789,0.115619,0.19789,1,0.082271
0.4,F4_max,0.19789,0.4379,ACT,0.19789,0.115619,0.19789,1,0.082271
0.4,F4_max,0.19789,0.4389,ACT,0.19789,0.115619,0.19789,1,0.082271
0.4,F4_max,0.19789,0.4399,ACT,0.19789,0.115619,0.19789,1,0.082271
0.4,F4_max,0.19789,0.4409,ACT,0.19789,0.115619,0.19789,1,0.082271
0.4,F4_max,0.19789,0.4419,ACT,0.19789,0.115619,0.19789,1,0.082271
0.4,F4_max,0.19789,0.4429,ACT,0.19789,0.115619,0.19789,1,0.082271
0.4,F4_max,0.19789,0.4439,ACT,0.19789,0.115619,0.19789,1,0.082271
0.4,F4_max,0.19789,0.4449,ACT,0.19789,0.115619,0.19789,1,0.082271
0.4,F4_max,0.19789,0.4459,ACT,0.19789,0.115619,0.19789,1,0.082271
0.4,F4_max,0.19789,0.4469,ACT,0.19789,0.115619,0.19789,1,0.082271
0.4,F4_max,0.19789,0.4479,ACT,0.19789,0.115619,0.19789,1,0.082271
0.4,F4_max,0.19789,0.4489,ACT,0.19789,0.115619,0.19789,1,0.082271
0.4,F4_max,0.19789,0.4499,ACT,0.19789,0.115619,0.19789,1,0.082271
0.4,F4_max,0.19789,0.4509,ACT,0.19789,0.115619,0.19789,1,0.082271
0.4,F4_max,0.19789,0.4519,ACT,0.19789,0.115619,0.19789,1,0.082271
0.4,F4_max,0.19789,0.4529,ACT,0.19789,0.115619,0.19789,1,0.082271
0.4,F4_max,0.19789,0.4539,ACT,0.19789,0.115619,0.19789,1,0.082271
0.4,F4_max,0.19789,0.4549,ACT,0.19789,0.115619,0.19789,1,0.082271
0.4,F4_max,0.19789,0.4559,ACT,0.19789,0.115619,0.19789,1,0.082271
0.4,F4_max,0.19789,0.4569,ACT,0.19789,0.115619,0.19789,1,0.082271
0.4,F4_max,0.19789,0.4579,ACT,0.19789,0.115619,0.19789,1,0.082271
0.4,F4_max,0.19789,0.4589,ACT,0.19789,0.115619,0.19789,1,0.082271
0.4,F4_max,0.19789,0.4599,ACT,0.19789,0.115619,0.19789,1,0.082271
0.4,F4_max,0.19789,0.4609,ACT,0.19789,0.115619,0.19789,1,0.082271
0.4,F4_max,0.19789,0.4619,ACT,0.19789,0.115619,0.19789,1,0.082271
0.4,F4_max,0.19789,0.4629,ACT,0.19789,0.115619,0.19789,1,0.082271
0.4,F4_max,0.19789,0.4639,ACT,0.19789,0.115619,0.19789,1,0.082271
0.4,F4_max,0.19789,0.4649,ACT,0.19789,0.115619,0.19789,1,0.082271
0.4,F4_max,0.19789,0.4659,ACT,0.19789,0.115619,0.19789,1,0.082271
0.4,F4_max,0.19789,0.4669,ACT,0.19789,0.115619,0.19789,1,0.082271
0.4,F4_max,0.19789,0.4679,ACT,0.19789,0.115619,0.19789,1,0.082271
0.4,F4_max,0.19789,0.4689,ACT,0.19789,0.115619,0.19789,1,0.082271
0.4,F4_max,0.19789,0.4699,ACT,0.19789,0.115619,0.19789,1,0.082271
0.4,F4_max,0.19789,0.4709,ACT,0.19789,0.115619,0.19789,1,0.082271
0.4,F4_max,0.19789,0.4719,ACT,0.19789,0.115619,0.19789,1,0.082271
0.4,F4_max,0.19789,0.4729,ACT,0.19789,0.115619,0.19789,1,0.082271
0.4,F4_max,0.19789,0.4739,ACT,0.19789,0.115619,0.19789,1,0.082271
0.4,F4_max,0.19789,0.4749,ACT,0.19789,0.115619,0.19789,1,0.082271
0.4,F4_max,0.19789,0.476,ACT,0.19789,0.115619,0.19789,1,0.082271
0.4,F4_max,0.19789,0.477,ACT,0.19789,0.115619,0.19789,1,0.082271
0.4,F4_max,0.19789,0.478,ACT,0.19789,0.115619,0.19789,1,0.082271
0.4,F4_max,0.19789,0.479,ACT,0.19789,0.115619,0.19789,1,0.082271
0.4,F4_max,0.19789,0.48,ACT,0.19789,0.115619,0.19789,1,0.082271
0.4,F4_max,0.19789,0.481,ACT,0.19789,0.115619,0.19789,1,0.082271
0.4,F4_max,0.19789,0.482,ACT,0.19789,0.115619,0.19789,1,0.082271
0.4,F4_max,0.19789,0.483,ACT,0.19789,0.115619,0.19789,1,0.082271
0.4,F4_max,0.19789,0.484,ACT,0.19789,0.115619,0.19789,1,0.082271
0.4,F4_max,0.19789,0.485,ACT,0.19789,0.115619,0.19789,1,0.082271
0.4,F4_max,0.19789,0.486,ACT,0.19789,0.115619,0.19789,1,0.082271
0.4,F4_max,0.19789,0.487,ACT,0.19789,0.115619,0.19789,1,0.082271
0.4,F4_max,0.19789,0.488,ACT,0.19789,0.115619,0.19789,1,0.082271
0.4,F4_max,0.19789,0.489,ACT,0.19789,0.115619,0.19789,1,0.082271
0.4,F4_max,0.19789,0.49,ACT,0.19789,0.115619,0.19789,1,0.082271
0.4,F4_max,0.19789,0.491,ACT,0.19789,0.115619,0.19789,1,0.082271
0.4,F4_max,0.19789,0.492,ACT,0.19789,0.115619,0.19789,1,0.082271
0.4,F4_max,0.19789,0.493,ACT,0.19789,0.115619,0.19789,1,0.082271
0.4,F4_max,0.19789,0.494,ACT,0.19789,0.115619,0.19789,1,0.082271
0.4,F4_max,0.19789,0.495,ACT,0.19789,0.115619,0.19789,1,0.082271
0.4,F4_max,0.19789,0.496,ACT,0.19789,0.115619,0.19789,1,0.082271
0.4,F4_max,0.19789,0.497,ACT,0.19789,0.115619,0.19789,1,0.082271
0.4,F4_max,0.19789,0.498,ACT,0.19789,0.115619,0.19789,1,0.082271
0.4,F4_max,0.19789,0.499,ACT,0.19789,0.115619,0.19789,1,0.082271
0.4,F4_max,0.19789,0.5,ACT,0.19789,0.115619,0.19789,1,0.082271
0.44,F1_mean,0.223061,0.0,REFUSE,0.223061,0.223061,0.333843,1,0.110782
0.44,F1_mean,0.223061,0.001,REFUSE,0.223061,0.223061,0.333843,1,0.110782
0.44,F1_mean,0.223061,0.002,REFUSE,0.223061,0.223061,0.333843,1,0.110782
0.44,F1_mean,0.223061,0.003,REFUSE,0.223061,0.223061,0.333843,1,0.110782
0.44,F1_mean,0.223061,0.004,REFUSE,0.223061,0.223061,0.333843,1,0.110782
0.44,F1_mean,0.223061,0.005,REFUSE,0.223061,0.223061,0.333843,1,0.110782
0.44,F1_mean,0.223061,0.006,REFUSE,0.223061,0.223061,0.333843,1,0.110782
0.44,F1_mean,0.223061,0.007,REFUSE,0.223061,0.223061,0.333843,1,0.110782
0.44,F1_mean,0.223061,0.008,REFUSE,0.223061,0.223061,0.333843,1,0.110782
0.44,F1_mean,0.223061,0.009,REFUSE,0.223061,0.223061,0.333843,1,0.110782
0.44,F1_mean,0.223061,0.01,REFUSE,0.223061,0.223061,0.333843,1,0.110782
0.44,F1_mean,0.223061,0.011,REFUSE,0.223061,0.223061,0.333843,1,0.110782
0.44,F1_mean,0.223061,0.012,REFUSE,0.223061,0.223061,0.333843,1,0.110782
0.44,F1_mean,0.223061,0.013,REFUSE,0.223061,0.223061,0.333843,1,0.110782
0.44,F1_mean,0.223061,0.014,REFUSE,0.223061,0.223061,0.333843,1,0.110782
0.44,F1_mean,0.223061,0.015,REFUSE,0.223061,0.223061,0.333843,1,0.110782
0.44,F1_mean,0.223061,0.016,REFUSE,0.223061,0.223061,0.333843,1,0.110782
0.44,F1_mean,0.223061,0.017,REFUSE,0.223061,0.223061,0.333843,1,0.110782
0.44,F1_mean,0.223061,0.018,REFUSE,0.223061,0.223061,0.333843,1,0.110782
0.44,F1_mean,0.223061,0.019,REFUSE,0.223061,0.223061,0.333843,1,0.110782
0.44,F1_mean,0.223061,0.02,REFUSE,0.223061,0.223061,0.333843,1,0.110782
0.44,F1_mean,0.223061,0.021,REFUSE,0.223061,0.223061,0.333843,1,0.110782
0.44,F1_mean,0.223061,0.022,REFUSE,0.223061,0.223061,0.333843,1,0.110782
0.44,F1_mean,0.223061,0.023,REFUSE,0.223061,0.223061,0.333843,1,0.110782
0.44,F1_mean,0.223061,0.024,REFUSE,0.223061,0.223061,0.333843,1,0.110782
0.44,F1_mean,0.223061,0.0251,REFUSE,0.223061,0.223061,0.333843,1,0.110782
0.44,F1_mean,0.223061,0.0261,REFUSE,0.223061,0.223061,0.333843,1,0.110782
0.44,F1_mean,0.223061,0.0271,REFUSE,0.223061,0.223061,0.333843,1,0.110782
0.44,F1_mean,0.223061,0.0281,REFUSE,0.223061,0.223061,0.333843,1,0.110782
0.44,F1_mean,0.223061,0.0291,REFUSE,0.223061,0.223061,0.333843,1,0.110782
0.44,F1_mean,0.223061,0.0301,REFUSE,0.223061,0.223061,0.333843,1,0.110782
0.44,F1_mean,0.223061,0.0311,REFUSE,0.223061,0.223061,0.333843,1,0.110782
0.44,F1_mean,0.223061,0.0321,REFUSE,0.223061,0.223061,0.333843,1,0.110782
0.44,F1_mean,0.223061,0.0331,REFUSE,0.223061,0.223061,0.333843,1,0.110782
0.44,F1_mean,0.223061,0.0341,REFUSE,0.223061,0.223061,0.333843,1,0.110782
0.44,F1_mean,0.223061,0.0351,REFUSE,0.223061,0.223061,0.333843,1,0.110782
0.44,F1_mean,0.223061,0.0361,REFUSE,0.223061,0.223061,0.333843,1,0.110782
0.44,F1_mean,0.223061,0.0371,REFUSE,0.223061,0.223061,0.333843,1,0.110782
0.44,F1_mean,0.223061,0.0381,REFUSE,0.223061,0.223061,0.333843,1,0.110782
0.44,F1_mean,0.223061,0.0391,REFUSE,0.223061,0.223061,0.333843,1,0.110782
0.44,F1_mean,0.223061,0.0401,REFUSE,0.223061,0.223061,0.333843,1,0.110782
0.44,F1_mean,0.223061,0.0411,REFUSE,0.223061,0.223061,0.333843,1,0.110782
0.44,F1_mean,0.223061,0.0421,REFUSE,0.223061,0.223061,0.333843,1,0.110782
0.44,F1_mean,0.223061,0.0431,REFUSE,0.223061,0.223061,0.333843,1,0.110782
0.44,F1_mean,0.223061,0.0441,REFUSE,0.223061,0.223061,0.333843,1,0.110782
0.44,F1_mean,0.223061,0.0451,REFUSE,0.223061,0.223061,0.333843,1,0.110782
0.44,F1_mean,0.223061,0.0461,REFUSE,0.223061,0.223061,0.333843,1,0.110782
0.44,F1_mean,0.223061,0.0471,REFUSE,0.223061,0.223061,0.333843,1,0.110782
0.44,F1_mean,0.223061,0.0481,REFUSE,0.223061,0.223061,0.333843,1,0.110782
0.44,F1_mean,0.223061,0.0491,REFUSE,0.223061,0.223061,0.333843,1,0.110782
0.44,F1_mean,0.223061,0.0501,REFUSE,0.223061,0.223061,0.333843,1,0.110782
0.44,F1_mean,0.223061,0.0511,REFUSE,0.223061,0.223061,0.333843,1,0.110782
0.44,F1_mean,0.223061,0.0521,REFUSE,0.223061,0.223061,0.333843,1,0.110782
0.44,F1_mean,0.223061,0.0531,REFUSE,0.223061,0.223061,0.333843,1,0.110782
0.44,F1_mean,0.223061,0.0541,REFUSE,0.223061,0.223061,0.333843,1,0.110782
0.44,F1_mean,0.223061,0.0551,REFUSE,0.223061,0.223061,0.333843,1,0.110782
0.44,F1_mean,0.223061,0.0561,REFUSE,0.223061,0.223061,0.333843,1,0.110782
0.44,F1_mean,0.223061,0.0571,REFUSE,0.223061,0.223061,0.333843,1,0.110782
0.44,F1_mean,0.223061,0.0581,REFUSE,0.223061,0.223061,0.333843,1,0.110782
0.44,F1_mean,0.223061,0.0591,REFUSE,0.223061,0.223061,0.333843,1,0.110782
0.44,F1_mean,0.223061,0.0601,REFUSE,0.223061,0.223061,0.333843,1,0.110782
0.44,F1_mean,0.223061,0.0611,REFUSE,0.223061,0.223061,0.333843,1,0.110782
0.44,F1_mean,0.223061,0.0621,REFUSE,0.223061,0.223061,0.333843,1,0.110782
0.44,F1_mean,0.223061,0.0631,REFUSE,0.223061,0.223061,0.333843,1,0.110782
0.44,F1_mean,0.223061,0.0641,REFUSE,0.223061,0.223061,0.333843,1,0.110782
0.44,F1_mean,0.223061,0.0651,REFUSE,0.223061,0.223061,0.333843,1,0.110782
0.44,F1_mean,0.223061,0.0661,REFUSE,0.223061,0.223061,0.333843,1,0.110782
0.44,F1_mean,0.223061,0.0671,REFUSE,0.223061,0.223061,0.333843,1,0.110782
0.44,F1_mean,0.223061,0.0681,REFUSE,0.223061,0.223061,0.333843,1,0.110782
0.44,F1_mean,0.223061,0.0691,REFUSE,0.223061,0.223061,0.333843,1,0.110782
0.44,F1_mean,0.223061,0.0701,REFUSE,0.223061,0.223061,0.333843,1,0.110782
0.44,F1_mean,0.223061,0.0711,REFUSE,0.223061,0.223061,0.333843,1,0.110782
0.44,F1_mean,0.223061,0.0721,REFUSE,0.223061,0.223061,0.333843,1,0.110782
0.44,F1_mean,0.223061,0.0731,REFUSE,0.223061,0.223061,0.333843,1,0.110782
0.44,F1_mean,0.223061,0.0741,REFUSE,0.223061,0.223061,0.333843,1,0.110782
0.44,F1_mean,0.223061,0.0752,REFUSE,0.223061,0.223061,0.333843,1,0.110782
0.44,F1_mean,0.223061,0.0762,REFUSE,0.223061,0.223061,0.333843,1,0.110782
0.44,F1_mean,0.223061,0.0772,REFUSE,0.223061,0.223061,0.333843,1,0.110782
0.44,F1_mean,0.223061,0.0782,REFUSE,0.223061,0.223061,0.333843,1,0.110782
0.44,F1_mean,0.223061,0.0792,REFUSE,0.223061,0.223061,0.333843,1,0.110782
0.44,F1_mean,0.223061,0.0802,REFUSE,0.223061,0.223061,0.333843,1,0.110782
0.44,F1_mean,0.223061,0.0812,REFUSE,0.223061,0.223061,0.333843,1,0.110782
0.44,F1_mean,0.223061,0.0822,REFUSE,0.223061,0.223061,0.333843,1,0.110782
0.44,F1_mean,0.223061,0.0832,REFUSE,0.223061,0.223061,0.333843,1,0.110782
0.44,F1_mean,0.223061,0.0842,REFUSE,0.223061,0.223061,0.333843,1,0.110782
0.44,F1_mean,0.223061,0.0852,REFUSE,0.223061,0.223061,0.333843,1,0.110782
0.44,F1_mean,0.223061,0.0862,REFUSE,0.223061,0.223061,0.333843,1,0.110782
0.44,F1_mean,0.223061,0.0872,REFUSE,0.223061,0.223061,0.333843,1,0.110782
0.44,F1_mean,0.223061,0.0882,REFUSE,0.223061,0.223061,0.333843,1,0.110782
0.44,F1_mean,0.223061,0.0892,REFUSE,0.223061,0.223061,0.333843,1,0.110782
0.44,F1_mean,0.223061,0.0902,REFUSE,0.223061,0.223061,0.333843,1,0.110782
0.44,F1_mean,0.223061,0.0912,REFUSE,0.223061,0.223061,0.333843,1,0.110782
0.44,F1_mean,0.223061,0.0922,REFUSE,0.223061,0.223061,0.333843,1,0.110782
0.44,F1_mean,0.223061,0.0932,REFUSE,0.223061,0.223061,0.333843,1,0.110782
0.44,F1_mean,0.223061,0.0942,REFUSE,0.223061,0.223061,0.333843,1,0.110782
0.44,F1_mean,0.223061,0.0952,REFUSE,0.223061,0.223061,0.333843,1,0.110782
0.44,F1_mean,0.223061,0.0962,REFUSE,0.223061,0.223061,0.333843,1,0.110782
0.44,F1_mean,0.223061,0.0972,REFUSE,0.223061,0.223061,0.333843,1,0.110782
0.44,F1_mean,0.223061,0.0982,REFUSE,0.223061,0.223061,0.333843,1,0.110782
0.44,F1_mean,0.223061,0.0992,REFUSE,0.223061,0.223061,0.333843,1,0.110782
0.44,F1_mean,0.223061,0.1002,REFUSE,0.223061,0.223061,0.333843,1,0.110782
0.44,F1_mean,0.223061,0.1012,REFUSE,0.223061,0.223061,0.333843,1,0.110782
0.44,F1_mean,0.223061,0.1022,REFUSE,0.223061,0.223061,0.333843,1,0.110782
0.44,F1_mean,0.223061,0.1032,REFUSE,0.223061,0.223061,0.333843,1,0.110782
0.44,F1_mean,0.223061,0.1042,REFUSE,0.223061,0.223061,0.333843,1,0.110782
0.44,F1_mean,0.223061,0.1052,REFUSE,0.223061,0.223061,0.333843,1,0.110782
0.44,F1_mean,0.223061,0.1062,REFUSE,0.223061,0.223061,0.333843,1,0.110782
0.44,F1_mean,0.223061,0.1072,REFUSE,0.223061,0.223061,0.333843,1,0.110782
0.44,F1_mean,0.223061,0.1082,REFUSE,0.223061,0.223061,0.333843,1,0.110782
0.44,F1_mean,0.223061,0.1092,REFUSE,0.223061,0.223061,0.333843,1,0.110782
0.44,F1_mean,0.223061,0.1102,REFUSE,0.223061,0.223061,0.333843,1,0.110782
0.44,F1_mean,0.223061,0.1112,REFUSE,0.223061,0.223061,0.333843,1,0.110782
0.44,F1_mean,0.223061,0.1122,REFUSE,0.223061,0.223061,0.333843,1,0.110782
0.44,F1_mean,0.223061,0.1132,REFUSE,0.223061,0.223061,0.333843,1,0.110782
0.44,F1_mean,0.223061,0.1142,REFUSE,0.223061,0.223061,0.333843,1,0.110782
0.44,F1_mean,0.223061,0.1152,REFUSE,0.223061,0.223061,0.333843,1,0.110782
0.44,F1_mean,0.223061,0.1162,REFUSE,0.223061,0.223061,0.333843,1,0.110782
0.44,F1_mean,0.223061,0.1172,REFUSE,0.223061,0.223061,0.333843,1,0.110782
0.44,F1_mean,0.223061,0.1182,REFUSE,0.223061,0.223061,0.333843,1,0.110782
0.44,F1_mean,0.223061,0.1192,REFUSE,0.223061,0.223061,0.333843,1,0.110782
0.44,F1_mean,0.223061,0.1202,REFUSE,0.223061,0.223061,0.333843,1,0.110782
0.44,F1_mean,0.223061,0.1212,REFUSE,0.223061,0.223061,0.333843,1,0.110782
0.44,F1_mean,0.223061,0.1222,REFUSE,0.223061,0.223061,0.333843,1,0.110782
0.44,F1_mean,0.223061,0.1232,REFUSE,0.223061,0.223061,0.333843,1,0.110782
0.44,F1_mean,0.223061,0.1242,REFUSE,0.223061,0.223061,0.333843,1,0.110782
0.44,F1_mean,0.223061,0.1253,REFUSE,0.223061,0.223061,0.333843,1,0.110782
0.44,F1_mean,0.223061,0.1263,REFUSE,0.223061,0.223061,0.333843,1,0.110782
0.44,F1_mean,0.223061,0.1273,REFUSE,0.223061,0.223061,0.333843,1,0.110782
0.44,F1_mean,0.223061,0.1283,REFUSE,0.223061,0.223061,0.333843,1,0.110782
0.44,F1_mean,0.223061,0.1293,REFUSE,0.223061,0.223061,0.333843,1,0.110782
0.44,F1_mean,0.223061,0.1303,REFUSE,0.223061,0.223061,0.333843,1,0.110782
0.44,F1_mean,0.223061,0.1313,REFUSE,0.223061,0.223061,0.333843,1,0.110782
0.44,F1_mean,0.223061,0.1323,REFUSE,0.223061,0.223061,0.333843,1,0.110782
0.44,F1_mean,0.223061,0.1333,REFUSE,0.223061,0.223061,0.333843,1,0.110782
0.44,F1_mean,0.223061,0.1343,REFUSE,0.223061,0.223061,0.333843,1,0.110782
0.44,F1_mean,0.223061,0.1353,REFUSE,0.223061,0.223061,0.333843,1,0.110782
0.44,F1_mean,0.223061,0.1363,REFUSE,0.223061,0.223061,0.333843,1,0.110782
0.44,F1_mean,0.223061,0.1373,REFUSE,0.223061,0.223061,0.333843,1,0.110782
0.44,F1_mean,0.223061,0.1383,REFUSE,0.223061,0.223061,0.333843,1,0.110782
0.44,F1_mean,0.223061,0.1393,REFUSE,0.223061,0.223061,0.333843,1,0.110782
0.44,F1_mean,0.223061,0.1403,REFUSE,0.223061,0.223061,0.333843,1,0.110782
0.44,F1_mean,0.223061,0.1413,REFUSE,0.223061,0.223061,0.333843,1,0.110782
0.44,F1_mean,0.223061,0.1423,REFUSE,0.223061,0.223061,0.333843,1,0.110782
0.44,F1_mean,0.223061,0.1433,REFUSE,0.223061,0.223061,0.333843,1,0.110782
0.44,F1_mean,0.223061,0.1443,REFUSE,0.223061,0.223061,0.333843,1,0.110782
0.44,F1_mean,0.223061,0.1453,REFUSE,0.223061,0.223061,0.333843,1,0.110782
0.44,F1_mean,0.223061,0.1463,REFUSE,0.223061,0.223061,0.333843,1,0.110782
0.44,F1_mean,0.223061,0.1473,REFUSE,0.223061,0.223061,0.333843,1,0.110782
0.44,F1_mean,0.223061,0.1483,REFUSE,0.223061,0.223061,0.333843,1,0.110782
0.44,F1_mean,0.223061,0.1493,REFUSE,0.223061,0.223061,0.333843,1,0.110782
0.44,F1_mean,0.223061,0.1503,REFUSE,0.223061,0.223061,0.333843,1,0.110782
0.44,F1_mean,0.223061,0.1513,REFUSE,0.223061,0.223061,0.333843,1,0.110782
0.44,F1_mean,0.223061,0.1523,REFUSE,0.223061,0.223061,0.333843,1,0.110782
0.44,F1_mean,0.223061,0.1533,REFUSE,0.223061,0.223061,0.333843,1,0.110782
0.44,F1_mean,0.223061,0.1543,REFUSE,0.223061,0.223061,0.333843,1,0.110782
0.44,F1_mean,0.223061,0.1553,REFUSE,0.223061,0.223061,0.333843,1,0.110782
0.44,F1_mean,0.223061,0.1563,REFUSE,0.223061,0.223061,0.333843,1,0.110782
0.44,F1_mean,0.223061,0.1573,REFUSE,0.223061,0.223061,0.333843,1,0.110782
0.44,F1_mean,0.223061,0.1583,REFUSE,0.223061,0.223061,0.333843,1,0.110782
0.44,F1_mean,0.223061,0.1593,REFUSE,0.223061,0.223061,0.333843,1,0.110782
0.44,F1_mean,0.223061,0.1603,REFUSE,0.223061,0.223061,0.333843,1,0.110782
0.44,F1_mean,0.223061,0.1613,REFUSE,0.223061,0.223061,0.333843,1,0.110782
0.44,F1_mean,0.223061,0.1623,REFUSE,0.223061,0.223061,0.333843,1,0.110782
0.44,F1_mean,0.223061,0.1633,REFUSE,0.223061,0.223061,0.333843,1,0.110782
0.44,F1_mean,0.223061,0.1643,REFUSE,0.223061,0.223061,0.333843,1,0.110782
0.44,F1_mean,0.223061,0.1653,REFUSE,0.223061,0.223061,0.333843,1,0.110782
0.44,F1_mean,0.223061,0.1663,REFUSE,0.223061,0.223061,0.333843,1,0.110782
0.44,F1_mean,0.223061,0.1673,REFUSE,0.223061,0.223061,0.333843,1,0.110782
0.44,F1_mean,0.223061,0.1683,REFUSE,0.223061,0.223061,0.333843,1,0.110782
0.44,F1_mean,0.223061,0.1693,REFUSE,0.223061,0.223061,0.333843,1,0.110782
0.44,F1_mean,0.223061,0.1703,REFUSE,0.223061,0.223061,0.333843,1,0.110782
0.44,F1_mean,0.223061,0.1713,REFUSE,0.223061,0.223061,0.333843,1,0.110782
0.44,F1_mean,0.223061,0.1723,REFUSE,0.223061,0.223061,0.333843,1,0.110782
0.44,F1_mean,0.223061,0.1733,REFUSE,0.223061,0.223061,0.333843,1,0.110782
0.44,F1_mean,0.223061,0.1743,REFUSE,0.223061,0.223061,0.333843,1,0.110782
0.44,F1_mean,0.223061,0.1754,REFUSE,0.223061,0.223061,0.333843,1,0.110782
0.44,F1_mean,0.223061,0.1764,REFUSE,0.223061,0.223061,0.333843,1,0.110782
0.44,F1_mean,0.223061,0.1774,REFUSE,0.223061,0.223061,0.333843,1,0.110782
0.44,F1_mean,0.223061,0.1784,REFUSE,0.223061,0.223061,0.333843,1,0.110782
0.44,F1_mean,0.223061,0.1794,REFUSE,0.223061,0.223061,0.333843,1,0.110782
0.44,F1_mean,0.223061,0.1804,REFUSE,0.223061,0.223061,0.333843,1,0.110782
0.44,F1_mean,0.223061,0.1814,REFUSE,0.223061,0.223061,0.333843,1,0.110782
0.44,F1_mean,0.223061,0.1824,REFUSE,0.223061,0.223061,0.333843,1,0.110782
0.44,F1_mean,0.223061,0.1834,REFUSE,0.223061,0.223061,0.333843,1,0.110782
0.44,F1_mean,0.223061,0.1844,REFUSE,0.223061,0.223061,0.333843,1,0.110782
0.44,F1_mean,0.223061,0.1854,REFUSE,0.223061,0.223061,0.333843,1,0.110782
0.44,F1_mean,0.223061,0.1864,REFUSE,0.223061,0.223061,0.333843,1,0.110782
0.44,F1_mean,0.223061,0.1874,REFUSE,0.223061,0.223061,0.333843,1,0.110782
0.44,F1_mean,0.223061,0.1884,REFUSE,0.223061,0.223061,0.333843,1,0.110782
0.44,F1_mean,0.223061,0.1894,REFUSE,0.223061,0.223061,0.333843,1,0.110782
0.44,F1_mean,0.223061,0.1904,REFUSE,0.223061,0.223061,0.333843,1,0.110782
0.44,F1_mean,0.223061,0.1914,REFUSE,0.223061,0.223061,0.333843,1,0.110782
0.44,F1_mean,0.223061,0.1924,REFUSE,0.223061,0.223061,0.333843,1,0.110782
0.44,F1_mean,0.223061,0.1934,REFUSE,0.223061,0.223061,0.333843,1,0.110782
0.44,F1_mean,0.223061,0.1944,REFUSE,0.223061,0.223061,0.333843,1,0.110782
0.44,F1_mean,0.223061,0.1954,REFUSE,0.223061,0.223061,0.333843,1,0.110782
0.44,F1_mean,0.223061,0.1964,REFUSE,0.223061,0.223061,0.333843,1,0.110782
0.44,F1_mean,0.223061,0.1974,REFUSE,0.223061,0.223061,0.333843,1,0.110782
0.44,F1_mean,0.223061,0.1984,REFUSE,0.223061,0.223061,0.333843,1,0.110782
0.44,F1_mean,0.223061,0.1994,REFUSE,0.223061,0.223061,0.333843,1,0.110782
0.44,F1_mean,0.223061,0.2004,REFUSE,0.223061,0.223061,0.333843,1,0.110782
0.44,F1_mean,0.223061,0.2014,REFUSE,0.223061,0.223061,0.333843,1,0.110782
0.44,F1_mean,0.223061,0.2024,REFUSE,0.223061,0.223061,0.333843,1,0.110782
0.44,F1_mean,0.223061,0.2034,REFUSE,0.223061,0.223061,0.333843,1,0.110782
0.44,F1_mean,0.223061,0.2044,REFUSE,0.223061,0.223061,0.333843,1,0.110782
0.44,F1_mean,0.223061,0.2054,REFUSE,0.223061,0.223061,0.333843,1,0.110782
0.44,F1_mean,0.223061,0.2064,REFUSE,0.223061,0.223061,0.333843,1,0.110782
0.44,F1_mean,0.223061,0.2074,REFUSE,0.223061,0.223061,0.333843,1,0.110782
0.44,F1_mean,0.223061,0.2084,REFUSE,0.223061,0.223061,0.333843,1,0.110782
0.44,F1_mean,0.223061,0.2094,REFUSE,0.223061,0.223061,0.333843,1,0.110782
0.44,F1_mean,0.223061,0.2104,REFUSE,0.223061,0.223061,0.333843,1,0.110782
0.44,F1_mean,0.223061,0.2114,REFUSE,0.223061,0.223061,0.333843,1,0.110782
0.44,F1_mean,0.223061,0.2124,REFUSE,0.223061,0.223061,0.333843,1,0.110782
0.44,F1_mean,0.223061,0.2134,REFUSE,0.223061,0.223061,0.333843,1,0.110782
0.44,F1_mean,0.223061,0.2144,REFUSE,0.223061,0.223061,0.333843,1,0.110782
0.44,F1_mean,0.223061,0.2154,REFUSE,0.223061,0.223061,0.333843,1,0.110782
0.44,F1_mean,0.223061,0.2164,REFUSE,0.223061,0.223061,0.333843,1,0.110782
0.44,F1_mean,0.223061,0.2174,REFUSE,0.223061,0.223061,0.333843,1,0.110782
0.44,F1_mean,0.223061,0.2184,REFUSE,0.223061,0.223061,0.333843,1,0.110782
0.44,F1_mean,0.223061,0.2194,REFUSE,0.223061,0.223061,0.333843,1,0.110782
0.44,F1_mean,0.223061,0.2204,REFUSE,0.223061,0.223061,0.333843,1,0.110782
0.44,F1_mean,0.223061,0.2214,REFUSE,0.223061,0.223061,0.333843,1,0.110782
0.44,F1_mean,0.223061,0.2224,REFUSE,0.223061,0.223061,0.333843,1,0.110782
0.44,F1_mean,0.223061,0.2234,ACT,0.223061,0.223061,0.333843,1,0.110782
0.44,F1_mean,0.223061,0.2244,ACT,0.223061,0.223061,0.333843,1,0.110782
0.44,F1_mean,0.223061,0.2255,ACT,0.223061,0.223061,0.333843,1,0.110782
0.44,F1_mean,0.223061,0.2265,ACT,0.223061,0.223061,0.333843,1,0.110782
0.44,F1_mean,0.223061,0.2275,ACT,0.223061,0.223061,0.333843,1,0.110782
0.44,F1_mean,0.223061,0.2285,ACT,0.223061,0.223061,0.333843,1,0.110782
0.44,F1_mean,0.223061,0.2295,ACT,0.223061,0.223061,0.333843,1,0.110782
0.44,F1_mean,0.223061,0.2305,ACT,0.223061,0.223061,0.333843,1,0.110782
0.44,F1_mean,0.223061,0.2315,ACT,0.223061,0.223061,0.333843,1,0.110782
0.44,F1_mean,0.223061,0.2325,ACT,0.223061,0.223061,0.333843,1,0.110782
0.44,F1_mean,0.223061,0.2335,ACT,0.223061,0.223061,0.333843,1,0.110782
0.44,F1_mean,0.223061,0.2345,ACT,0.223061,0.223061,0.333843,1,0.110782
0.44,F1_mean,0.223061,0.2355,ACT,0.223061,0.223061,0.333843,1,0.110782
0.44,F1_mean,0.223061,0.2365,ACT,0.223061,0.223061,0.333843,1,0.110782
0.44,F1_mean,0.223061,0.2375,ACT,0.223061,0.223061,0.333843,1,0.110782
0.44,F1_mean,0.223061,0.2385,ACT,0.223061,0.223061,0.333843,1,0.110782
0.44,F1_mean,0.223061,0.2395,ACT,0.223061,0.223061,0.333843,1,0.110782
0.44,F1_mean,0.223061,0.2405,ACT,0.223061,0.223061,0.333843,1,0.110782
0.44,F1_mean,0.223061,0.2415,ACT,0.223061,0.223061,0.333843,1,0.110782
0.44,F1_mean,0.223061,0.2425,ACT,0.223061,0.223061,0.333843,1,0.110782
0.44,F1_mean,0.223061,0.2435,ACT,0.223061,0.223061,0.333843,1,0.110782
0.44,F1_mean,0.223061,0.2445,ACT,0.223061,0.223061,0.333843,1,0.110782
0.44,F1_mean,0.223061,0.2455,ACT,0.223061,0.223061,0.333843,1,0.110782
0.44,F1_mean,0.223061,0.2465,ACT,0.223061,0.223061,0.333843,1,0.110782
0.44,F1_mean,0.223061,0.2475,ACT,0.223061,0.223061,0.333843,1,0.110782
0.44,F1_mean,0.223061,0.2485,ACT,0.223061,0.223061,0.333843,1,0.110782
0.44,F1_mean,0.223061,0.2495,ACT,0.223061,0.223061,0.333843,1,0.110782
0.44,F1_mean,0.223061,0.2505,ACT,0.223061,0.223061,0.333843,1,0.110782
0.44,F1_mean,0.223061,0.2515,ACT,0.223061,0.223061,0.333843,1,0.110782
0.44,F1_mean,0.223061,0.2525,ACT,0.223061,0.223061,0.333843,1,0.110782
0.44,F1_mean,0.223061,0.2535,ACT,0.223061,0.223061,0.333843,1,0.110782
0.44,F1_mean,0.223061,0.2545,ACT,0.223061,0.223061,0.333843,1,0.110782
0.44,F1_mean,0.223061,0.2555,ACT,0.223061,0.223061,0.333843,1,0.110782
0.44,F1_mean,0.223061,0.2565,ACT,0.223061,0.223061,0.333843,1,0.110782
0.44,F1_mean,0.223061,0.2575,ACT,0.223061,0.223061,0.333843,1,0.110782
0.44,F1_mean,0.223061,0.2585,ACT,0.223061,0.223061,0.333843,1,0.110782
0.44,F1_mean,0.223061,0.2595,ACT,0.223061,0.223061,0.333843,1,0.110782
0.44,F1_mean,0.223061,0.2605,ACT,0.223061,0.223061,0.333843,1,0.110782
0.44,F1_mean,0.223061,0.2615,ACT,0.223061,0.223061,0.333843,1,0.110782
0.44,F1_mean,0.223061,0.2625,ACT,0.223061,0.223061,0.333843,1,0.110782
0.44,F1_mean,0.223061,0.2635,ACT,0.223061,0.223061,0.333843,1,0.110782
0.44,F1_mean,0.223061,0.2645,ACT,0.223061,0.223061,0.333843,1,0.110782
0.44,F1_mean,0.223061,0.2655,ACT,0.223061,0.223061,0.333843,1,0.110782
0.44,F1_mean,0.223061,0.2665,ACT,0.223061,0.223061,0.333843,1,0.110782
0.44,F1_mean,0.223061,0.2675,ACT,0.223061,0.223061,0.333843,1,0.110782
0.44,F1_mean,0.223061,0.2685,ACT,0.223061,0.223061,0.333843,1,0.110782
0.44,F1_mean,0.223061,0.2695,ACT,0.223061,0.223061,0.333843,1,0.110782
0.44,F1_mean,0.223061,0.2705,ACT,0.223061,0.223061,0.333843,1,0.110782
0.44,F1_mean,0.223061,0.2715,ACT,0.223061,0.223061,0.333843,1,0.110782
0.44,F1_mean,0.223061,0.2725,ACT,0.223061,0.223061,0.333843,1,0.110782
0.44,F1_mean,0.223061,0.2735,ACT,0.223061,0.223061,0.333843,1,0.110782
0.44,F1_mean,0.223061,0.2745,ACT,0.223061,0.223061,0.333843,1,0.110782
0.44,F1_mean,0.223061,0.2756,ACT,0.223061,0.223061,0.333843,1,0.110782
0.44,F1_mean,0.223061,0.2766,ACT,0.223061,0.223061,0.333843,1,0.110782
0.44,F1_mean,0.223061,0.2776,ACT,0.223061,0.223061,0.333843,1,0.110782
0.44,F1_mean,0.223061,0.2786,ACT,0.223061,0.223061,0.333843,1,0.110782
0.44,F1_mean,0.223061,0.2796,ACT,0.223061,0.223061,0.333843,1,0.110782
0.44,F1_mean,0.223061,0.2806,ACT,0.223061,0.223061,0.333843,1,0.110782
0.44,F1_mean,0.223061,0.2816,ACT,0.223061,0.223061,0.333843,1,0.110782
0.44,F1_mean,0.223061,0.2826,ACT,0.223061,0.223061,0.333843,1,0.110782
0.44,F1_mean,0.223061,0.2836,ACT,0.223061,0.223061,0.333843,1,0.110782
0.44,F1_mean,0.223061,0.2846,ACT,0.223061,0.223061,0.333843,1,0.110782
0.44,F1_mean,0.223061,0.2856,ACT,0.223061,0.223061,0.333843,1,0.110782
0.44,F1_mean,0.223061,0.2866,ACT,0.223061,0.223061,0.333843,1,0.110782
0.44,F1_mean,0.223061,0.2876,ACT,0.223061,0.223061,0.333843,1,0.110782
0.44,F1_mean,0.223061,0.2886,ACT,0.223061,0.223061,0.333843,1,0.110782
0.44,F1_mean,0.223061,0.2896,ACT,0.223061,0.223061,0.333843,1,0.110782
0.44,F1_mean,0.223061,0.2906,ACT,0.223061,0.223061,0.333843,1,0.110782
0.44,F1_mean,0.223061,0.2916,ACT,0.223061,0.223061,0.333843,1,0.110782
0.44,F1_mean,0.223061,0.2926,ACT,0.223061,0.223061,0.333843,1,0.110782
0.44,F1_mean,0.223061,0.2936,ACT,0.223061,0.223061,0.333843,1,0.110782
0.44,F1_mean,0.223061,0.2946,ACT,0.223061,0.223061,0.333843,1,0.110782
0.44,F1_mean,0.223061,0.2956,ACT,0.223061,0.223061,0.333843,1,0.110782
0.44,F1_mean,0.223061,0.2966,ACT,0.223061,0.223061,0.333843,1,0.110782
0.44,F1_mean,0.223061,0.2976,ACT,0.223061,0.223061,0.333843,1,0.110782
0.44,F1_mean,0.223061,0.2986,ACT,0.223061,0.223061,0.333843,1,0.110782
0.44,F1_mean,0.223061,0.2996,ACT,0.223061,0.223061,0.333843,1,0.110782
0.44,F1_mean,0.223061,0.3006,ACT,0.223061,0.223061,0.333843,1,0.110782
0.44,F1_mean,0.223061,0.3016,ACT,0.223061,0.223061,0.333843,1,0.110782
0.44,F1_mean,0.223061,0.3026,ACT,0.223061,0.223061,0.333843,1,0.110782
0.44,F1_mean,0.223061,0.3036,ACT,0.223061,0.223061,0.333843,1,0.110782
0.44,F1_mean,0.223061,0.3046,ACT,0.223061,0.223061,0.333843,1,0.110782
0.44,F1_mean,0.223061,0.3056,ACT,0.223061,0.223061,0.333843,1,0.110782
0.44,F1_mean,0.223061,0.3066,ACT,0.223061,0.223061,0.333843,1,0.110782
0.44,F1_mean,0.223061,0.3076,ACT,0.223061,0.223061,0.333843,1,0.110782
0.44,F1_mean,0.223061,0.3086,ACT,0.223061,0.223061,0.333843,1,0.110782
0.44,F1_mean,0.223061,0.3096,ACT,0.223061,0.223061,0.333843,1,0.110782
0.44,F1_mean,0.223061,0.3106,ACT,0.223061,0.223061,0.333843,1,0.110782
0.44,F1_mean,0.223061,0.3116,ACT,0.223061,0.223061,0.333843,1,0.110782
0.44,F1_mean,0.223061,0.3126,ACT,0.223061,0.223061,0.333843,1,0.110782
0.44,F1_mean,0.223061,0.3136,ACT,0.223061,0.223061,0.333843,1,0.110782
0.44,F1_mean,0.223061,0.3146,ACT,0.223061,0.223061,0.333843,1,0.110782
0.44,F1_mean,0.223061,0.3156,ACT,0.223061,0.223061,0.333843,1,0.110782
0.44,F1_mean,0.223061,0.3166,ACT,0.223061,0.223061,0.333843,1,0.110782
0.44,F1_mean,0.223061,0.3176,ACT,0.223061,0.223061,0.333843,1,0.110782
0.44,F1_mean,0.223061,0.3186,ACT,0.223061,0.223061,0.333843,1,0.110782
0.44,F1_mean,0.223061,0.3196,ACT,0.223061,0.223061,0.333843,1,0.110782
0.44,F1_mean,0.223061,0.3206,ACT,0.223061,0.223061,0.333843,1,0.110782
0.44,F1_mean,0.223061,0.3216,ACT,0.223061,0.223061,0.333843,1,0.110782
0.44,F1_mean,0.223061,0.3226,ACT,0.223061,0.223061,0.333843,1,0.110782
0.44,F1_mean,0.223061,0.3236,ACT,0.223061,0.223061,0.333843,1,0.110782
0.44,F1_mean,0.223061,0.3246,ACT,0.223061,0.223061,0.333843,1,0.110782
0.44,F1_mean,0.223061,0.3257,ACT,0.223061,0.223061,0.333843,1,0.110782
0.44,F1_mean,0.223061,0.3267,ACT,0.223061,0.223061,0.333843,1,0.110782
0.44,F1_mean,0.223061,0.3277,ACT,0.223061,0.223061,0.333843,1,0.110782
0.44,F1_mean,0.223061,0.3287,ACT,0.223061,0.223061,0.333843,1,0.110782
0.44,F1_mean,0.223061,0.3297,ACT,0.223061,0.223061,0.333843,1,0.110782
0.44,F1_mean,0.223061,0.3307,ACT,0.223061,0.223061,0.333843,1,0.110782
0.44,F1_mean,0.223061,0.3317,ACT,0.223061,0.223061,0.333843,1,0.110782
0.44,F1_mean,0.223061,0.3327,ACT,0.223061,0.223061,0.333843,1,0.110782
0.44,F1_mean,0.223061,0.3337,ACT,0.223061,0.223061,0.333843,1,0.110782
0.44,F1_mean,0.223061,0.3347,ACT,0.223061,0.223061,0.333843,1,0.110782
0.44,F1_mean,0.223061,0.3357,ACT,0.223061,0.223061,0.333843,1,0.110782
0.44,F1_mean,0.223061,0.3367,ACT,0.223061,0.223061,0.333843,1,0.110782
0.44,F1_mean,0.223061,0.3377,ACT,0.223061,0.223061,0.333843,1,0.110782
0.44,F1_mean,0.223061,0.3387,ACT,0.223061,0.223061,0.333843,1,0.110782
0.44,F1_mean,0.223061,0.3397,ACT,0.223061,0.223061,0.333843,1,0.110782
0.44,F1_mean,0.223061,0.3407,ACT,0.223061,0.223061,0.333843,1,0.110782
0.44,F1_mean,0.223061,0.3417,ACT,0.223061,0.223061,0.333843,1,0.110782
0.44,F1_mean,0.223061,0.3427,ACT,0.223061,0.223061,0.333843,1,0.110782
0.44,F1_mean,0.223061,0.3437,ACT,0.223061,0.223061,0.333843,1,0.110782
0.44,F1_mean,0.223061,0.3447,ACT,0.223061,0.223061,0.333843,1,0.110782
0.44,F1_mean,0.223061,0.3457,ACT,0.223061,0.223061,0.333843,1,0.110782
0.44,F1_mean,0.223061,0.3467,ACT,0.223061,0.223061,0.333843,1,0.110782
0.44,F1_mean,0.223061,0.3477,ACT,0.223061,0.223061,0.333843,1,0.110782
0.44,F1_mean,0.223061,0.3487,ACT,0.223061,0.223061,0.333843,1,0.110782
0.44,F1_mean,0.223061,0.3497,ACT,0.223061,0.223061,0.333843,1,0.110782
0.44,F1_mean,0.223061,0.3507,ACT,0.223061,0.223061,0.333843,1,0.110782
0.44,F1_mean,0.223061,0.3517,ACT,0.223061,0.223061,0.333843,1,0.110782
0.44,F1_mean,0.223061,0.3527,ACT,0.223061,0.223061,0.333843,1,0.110782
0.44,F1_mean,0.223061,0.3537,ACT,0.223061,0.223061,0.333843,1,0.110782
0.44,F1_mean,0.223061,0.3547,ACT,0.223061,0.223061,0.333843,1,0.110782
0.44,F1_mean,0.223061,0.3557,ACT,0.223061,0.223061,0.333843,1,0.110782
0.44,F1_mean,0.223061,0.3567,ACT,0.223061,0.223061,0.333843,1,0.110782
0.44,F1_mean,0.223061,0.3577,ACT,0.223061,0.223061,0.333843,1,0.110782
0.44,F1_mean,0.223061,0.3587,ACT,0.223061,0.223061,0.333843,1,0.110782
0.44,F1_mean,0.223061,0.3597,ACT,0.223061,0.223061,0.333843,1,0.110782
0.44,F1_mean,0.223061,0.3607,ACT,0.223061,0.223061,0.333843,1,0.110782
0.44,F1_mean,0.223061,0.3617,ACT,0.223061,0.223061,0.333843,1,0.110782
0.44,F1_mean,0.223061,0.3627,ACT,0.223061,0.223061,0.333843,1,0.110782
0.44,F1_mean,0.223061,0.3637,ACT,0.223061,0.223061,0.333843,1,0.110782
0.44,F1_mean,0.223061,0.3647,ACT,0.223061,0.223061,0.333843,1,0.110782
0.44,F1_mean,0.223061,0.3657,ACT,0.223061,0.223061,0.333843,1,0.110782
0.44,F1_mean,0.223061,0.3667,ACT,0.223061,0.223061,0.333843,1,0.110782
0.44,F1_mean,0.223061,0.3677,ACT,0.223061,0.223061,0.333843,1,0.110782
0.44,F1_mean,0.223061,0.3687,ACT,0.223061,0.223061,0.333843,1,0.110782
0.44,F1_mean,0.223061,0.3697,ACT,0.223061,0.223061,0.333843,1,0.110782
0.44,F1_mean,0.223061,0.3707,ACT,0.223061,0.223061,0.333843,1,0.110782
0.44,F1_mean,0.223061,0.3717,ACT,0.223061,0.223061,0.333843,1,0.110782
0.44,F1_mean,0.223061,0.3727,ACT,0.223061,0.223061,0.333843,1,0.110782
0.44,F1_mean,0.223061,0.3737,ACT,0.223061,0.223061,0.333843,1,0.110782
0.44,F1_mean,0.223061,0.3747,ACT,0.223061,0.223061,0.333843,1,0.110782
0.44,F1_mean,0.223061,0.3758,ACT,0.223061,0.223061,0.333843,1,0.110782
0.44,F1_mean,0.223061,0.3768,ACT,0.223061,0.223061,0.333843,1,0.110782
0.44,F1_mean,0.223061,0.3778,ACT,0.223061,0.223061,0.333843,1,0.110782
0.44,F1_mean,0.223061,0.3788,ACT,0.223061,0.223061,0.333843,1,0.110782
0.44,F1_mean,0.223061,0.3798,ACT,0.223061,0.223061,0.333843,1,0.110782
0.44,F1_mean,0.223061,0.3808,ACT,0.223061,0.223061,0.333843,1,0.110782
0.44,F1_mean,0.223061,0.3818,ACT,0.223061,0.223061,0.333843,1,0.110782
0.44,F1_mean,0.223061,0.3828,ACT,0.223061,0.223061,0.333843,1,0.110782
0.44,F1_mean,0.223061,0.3838,ACT,0.223061,0.223061,0.333843,1,0.110782
0.44,F1_mean,0.223061,0.3848,ACT,0.223061,0.223061,0.333843,1,0.110782
0.44,F1_mean,0.223061,0.3858,ACT,0.223061,0.223061,0.333843,1,0.110782
0.44,F1_mean,0.223061,0.3868,ACT,0.223061,0.223061,0.333843,1,0.110782
0.44,F1_mean,0.223061,0.3878,ACT,0.223061,0.223061,0.333843,1,0.110782
0.44,F1_mean,0.223061,0.3888,ACT,0.223061,0.223061,0.333843,1,0.110782
0.44,F1_mean,0.223061,0.3898,ACT,0.223061,0.223061,0.333843,1,0.110782
0.44,F1_mean,0.223061,0.3908,ACT,0.223061,0.223061,0.333843,1,0.110782
0.44,F1_mean,0.223061,0.3918,ACT,0.223061,0.223061,0.333843,1,0.110782
0.44,F1_mean,0.223061,0.3928,ACT,0.223061,0.223061,0.333843,1,0.110782
0.44,F1_mean,0.223061,0.3938,ACT,0.223061,0.223061,0.333843,1,0.110782
0.44,F1_mean,0.223061,0.3948,ACT,0.223061,0.223061,0.333843,1,0.110782
0.44,F1_mean,0.223061,0.3958,ACT,0.223061,0.223061,0.333843,1,0.110782
0.44,F1_mean,0.223061,0.3968,ACT,0.223061,0.223061,0.333843,1,0.110782
0.44,F1_mean,0.223061,0.3978,ACT,0.223061,0.223061,0.333843,1,0.110782
0.44,F1_mean,0.223061,0.3988,ACT,0.223061,0.223061,0.333843,1,0.110782
0.44,F1_mean,0.223061,0.3998,ACT,0.223061,0.223061,0.333843,1,0.110782
0.44,F1_mean,0.223061,0.4008,ACT,0.223061,0.223061,0.333843,1,0.110782
0.44,F1_mean,0.223061,0.4018,ACT,0.223061,0.223061,0.333843,1,0.110782
0.44,F1_mean,0.223061,0.4028,ACT,0.223061,0.223061,0.333843,1,0.110782
0.44,F1_mean,0.223061,0.4038,ACT,0.223061,0.223061,0.333843,1,0.110782
0.44,F1_mean,0.223061,0.4048,ACT,0.223061,0.223061,0.333843,1,0.110782
0.44,F1_mean,0.223061,0.4058,ACT,0.223061,0.223061,0.333843,1,0.110782
0.44,F1_mean,0.223061,0.4068,ACT,0.223061,0.223061,0.333843,1,0.110782
0.44,F1_mean,0.223061,0.4078,ACT,0.223061,0.223061,0.333843,1,0.110782
0.44,F1_mean,0.223061,0.4088,ACT,0.223061,0.223061,0.333843,1,0.110782
0.44,F1_mean,0.223061,0.4098,ACT,0.223061,0.223061,0.333843,1,0.110782
0.44,F1_mean,0.223061,0.4108,ACT,0.223061,0.223061,0.333843,1,0.110782
0.44,F1_mean,0.223061,0.4118,ACT,0.223061,0.223061,0.333843,1,0.110782
0.44,F1_mean,0.223061,0.4128,ACT,0.223061,0.223061,0.333843,1,0.110782
0.44,F1_mean,0.223061,0.4138,ACT,0.223061,0.223061,0.333843,1,0.110782
0.44,F1_mean,0.223061,0.4148,ACT,0.223061,0.223061,0.333843,1,0.110782
0.44,F1_mean,0.223061,0.4158,ACT,0.223061,0.223061,0.333843,1,0.110782
0.44,F1_mean,0.223061,0.4168,ACT,0.223061,0.223061,0.333843,1,0.110782
0.44,F1_mean,0.223061,0.4178,ACT,0.223061,0.223061,0.333843,1,0.110782
0.44,F1_mean,0.223061,0.4188,ACT,0.223061,0.223061,0.333843,1,0.110782
0.44,F1_mean,0.223061,0.4198,ACT,0.223061,0.223061,0.333843,1,0.110782
0.44,F1_mean,0.223061,0.4208,ACT,0.223061,0.223061,0.333843,1,0.110782
0.44,F1_mean,0.223061,0.4218,ACT,0.223061,0.223061,0.333843,1,0.110782
0.44,F1_mean,0.223061,0.4228,ACT,0.223061,0.223061,0.333843,1,0.110782
0.44,F1_mean,0.223061,0.4238,ACT,0.223061,0.223061,0.333843,1,0.110782
0.44,F1_mean,0.223061,0.4248,ACT,0.223061,0.223061,0.333843,1,0.110782
0.44,F1_mean,0.223061,0.4259,ACT,0.223061,0.223061,0.333843,1,0.110782
0.44,F1_mean,0.223061,0.4269,ACT,0.223061,0.223061,0.333843,1,0.110782
0.44,F1_mean,0.223061,0.4279,ACT,0.223061,0.223061,0.333843,1,0.110782
0.44,F1_mean,0.223061,0.4289,ACT,0.223061,0.223061,0.333843,1,0.110782
0.44,F1_mean,0.223061,0.4299,ACT,0.223061,0.223061,0.333843,1,0.110782
0.44,F1_mean,0.223061,0.4309,ACT,0.223061,0.223061,0.333843,1,0.110782
0.44,F1_mean,0.223061,0.4319,ACT,0.223061,0.223061,0.333843,1,0.110782
0.44,F1_mean,0.223061,0.4329,ACT,0.223061,0.223061,0.333843,1,0.110782
0.44,F1_mean,0.223061,0.4339,ACT,0.223061,0.223061,0.333843,1,0.110782
0.44,F1_mean,0.223061,0.4349,ACT,0.223061,0.223061,0.333843,1,0.110782
0.44,F1_mean,0.223061,0.4359,ACT,0.223061,0.223061,0.333843,1,0.110782
0.44,F1_mean,0.223061,0.4369,ACT,0.223061,0.223061,0.333843,1,0.110782
0.44,F1_mean,0.223061,0.4379,ACT,0.223061,0.223061,0.333843,1,0.110782
0.44,F1_mean,0.223061,0.4389,ACT,0.223061,0.223061,0.333843,1,0.110782
0.44,F1_mean,0.223061,0.4399,ACT,0.223061,0.223061,0.333843,1,0.110782
0.44,F1_mean,0.223061,0.4409,ACT,0.223061,0.223061,0.333843,1,0.110782
0.44,F1_mean,0.223061,0.4419,ACT,0.223061,0.223061,0.333843,1,0.110782
0.44,F1_mean,0.223061,0.4429,ACT,0.223061,0.223061,0.333843,1,0.110782
0.44,F1_mean,0.223061,0.4439,ACT,0.223061,0.223061,0.333843,1,0.110782
0.44,F1_mean,0.223061,0.4449,ACT,0.223061,0.223061,0.333843,1,0.110782
0.44,F1_mean,0.223061,0.4459,ACT,0.223061,0.223061,0.333843,1,0.110782
0.44,F1_mean,0.223061,0.4469,ACT,0.223061,0.223061,0.333843,1,0.110782
0.44,F1_mean,0.223061,0.4479,ACT,0.223061,0.223061,0.333843,1,0.110782
0.44,F1_mean,0.223061,0.4489,ACT,0.223061,0.223061,0.333843,1,0.110782
0.44,F1_mean,0.223061,0.4499,ACT,0.223061,0.223061,0.333843,1,0.110782
0.44,F1_mean,0.223061,0.4509,ACT,0.223061,0.223061,0.333843,1,0.110782
0.44,F1_mean,0.223061,0.4519,ACT,0.223061,0.223061,0.333843,1,0.110782
0.44,F1_mean,0.223061,0.4529,ACT,0.223061,0.223061,0.333843,1,0.110782
0.44,F1_mean,0.223061,0.4539,ACT,0.223061,0.223061,0.333843,1,0.110782
0.44,F1_mean,0.223061,0.4549,ACT,0.223061,0.223061,0.333843,1,0.110782
0.44,F1_mean,0.223061,0.4559,ACT,0.223061,0.223061,0.333843,1,0.110782
0.44,F1_mean,0.223061,0.4569,ACT,0.223061,0.223061,0.333843,1,0.110782
0.44,F1_mean,0.223061,0.4579,ACT,0.223061,0.223061,0.333843,1,0.110782
0.44,F1_mean,0.223061,0.4589,ACT,0.223061,0.223061,0.333843,1,0.110782
0.44,F1_mean,0.223061,0.4599,ACT,0.223061,0.223061,0.333843,1,0.110782
0.44,F1_mean,0.223061,0.4609,ACT,0.223061,0.223061,0.333843,1,0.110782
0.44,F1_mean,0.223061,0.4619,ACT,0.223061,0.223061,0.333843,1,0.110782
0.44,F1_mean,0.223061,0.4629,ACT,0.223061,0.223061,0.333843,1,0.110782
0.44,F1_mean,0.223061,0.4639,ACT,0.223061,0.223061,0.333843,1,0.110782
0.44,F1_mean,0.223061,0.4649,ACT,0.223061,0.223061,0.333843,1,0.110782
0.44,F1_mean,0.223061,0.4659,ACT,0.223061,0.223061,0.333843,1,0.110782
0.44,F1_mean,0.223061,0.4669,ACT,0.223061,0.223061,0.333843,1,0.110782
0.44,F1_mean,0.223061,0.4679,ACT,0.223061,0.223061,0.333843,1,0.110782
0.44,F1_mean,0.223061,0.4689,ACT,0.223061,0.223061,0.333843,1,0.110782
0.44,F1_mean,0.223061,0.4699,ACT,0.223061,0.223061,0.333843,1,0.110782
0.44,F1_mean,0.223061,0.4709,ACT,0.223061,0.223061,0.333843,1,0.110782
0.44,F1_mean,0.223061,0.4719,ACT,0.223061,0.223061,0.333843,1,0.110782
0.44,F1_mean,0.223061,0.4729,ACT,0.223061,0.223061,0.333843,1,0.110782
0.44,F1_mean,0.223061,0.4739,ACT,0.223061,0.223061,0.333843,1,0.110782
0.44,F1_mean,0.223061,0.4749,ACT,0.223061,0.223061,0.333843,1,0.110782
0.44,F1_mean,0.223061,0.476,ACT,0.223061,0.223061,0.333843,1,0.110782
0.44,F1_mean,0.223061,0.477,ACT,0.223061,0.223061,0.333843,1,0.110782
0.44,F1_mean,0.223061,0.478,ACT,0.223061,0.223061,0.333843,1,0.110782
0.44,F1_mean,0.223061,0.479,ACT,0.223061,0.223061,0.333843,1,0.110782
0.44,F1_mean,0.223061,0.48,ACT,0.223061,0.223061,0.333843,1,0.110782
0.44,F1_mean,0.223061,0.481,ACT,0.223061,0.223061,0.333843,1,0.110782
0.44,F1_mean,0.223061,0.482,ACT,0.223061,0.223061,0.333843,1,0.110782
0.44,F1_mean,0.223061,0.483,ACT,0.223061,0.223061,0.333843,1,0.110782
0.44,F1_mean,0.223061,0.484,ACT,0.223061,0.223061,0.333843,1,0.110782
0.44,F1_mean,0.223061,0.485,ACT,0.223061,0.223061,0.333843,1,0.110782
0.44,F1_mean,0.223061,0.486,ACT,0.223061,0.223061,0.333843,1,0.110782
0.44,F1_mean,0.223061,0.487,ACT,0.223061,0.223061,0.333843,1,0.110782
0.44,F1_mean,0.223061,0.488,ACT,0.223061,0.223061,0.333843,1,0.110782
0.44,F1_mean,0.223061,0.489,ACT,0.223061,0.223061,0.333843,1,0.110782
0.44,F1_mean,0.223061,0.49,ACT,0.223061,0.223061,0.333843,1,0.110782
0.44,F1_mean,0.223061,0.491,ACT,0.223061,0.223061,0.333843,1,0.110782
0.44,F1_mean,0.223061,0.492,ACT,0.223061,0.223061,0.333843,1,0.110782
0.44,F1_mean,0.223061,0.493,ACT,0.223061,0.223061,0.333843,1,0.110782
0.44,F1_mean,0.223061,0.494,ACT,0.223061,0.223061,0.333843,1,0.110782
0.44,F1_mean,0.223061,0.495,ACT,0.223061,0.223061,0.333843,1,0.110782
0.44,F1_mean,0.223061,0.496,ACT,0.223061,0.223061,0.333843,1,0.110782
0.44,F1_mean,0.223061,0.497,ACT,0.223061,0.223061,0.333843,1,0.110782
0.44,F1_mean,0.223061,0.498,ACT,0.223061,0.223061,0.333843,1,0.110782
0.44,F1_mean,0.223061,0.499,ACT,0.223061,0.223061,0.333843,1,0.110782
0.44,F1_mean,0.223061,0.5,ACT,0.223061,0.223061,0.333843,1,0.110782
0.44,F2_p50,0.213792,0.0,REFUSE,0.213792,0.223061,0.333843,1,0.110782
0.44,F2_p50,0.213792,0.001,REFUSE,0.213792,0.223061,0.333843,1,0.110782
0.44,F2_p50,0.213792,0.002,REFUSE,0.213792,0.223061,0.333843,1,0.110782
0.44,F2_p50,0.213792,0.003,REFUSE,0.213792,0.223061,0.333843,1,0.110782
0.44,F2_p50,0.213792,0.004,REFUSE,0.213792,0.223061,0.333843,1,0.110782
0.44,F2_p50,0.213792,0.005,REFUSE,0.213792,0.223061,0.333843,1,0.110782
0.44,F2_p50,0.213792,0.006,REFUSE,0.213792,0.223061,0.333843,1,0.110782
0.44,F2_p50,0.213792,0.007,REFUSE,0.213792,0.223061,0.333843,1,0.110782
0.44,F2_p50,0.213792,0.008,REFUSE,0.213792,0.223061,0.333843,1,0.110782
0.44,F2_p50,0.213792,0.009,REFUSE,0.213792,0.223061,0.333843,1,0.110782
0.44,F2_p50,0.213792,0.01,REFUSE,0.213792,0.223061,0.333843,1,0.110782
0.44,F2_p50,0.213792,0.011,REFUSE,0.213792,0.223061,0.333843,1,0.110782
0.44,F2_p50,0.213792,0.012,REFUSE,0.213792,0.223061,0.333843,1,0.110782
0.44,F2_p50,0.213792,0.013,REFUSE,0.213792,0.223061,0.333843,1,0.110782
0.44,F2_p50,0.213792,0.014,REFUSE,0.213792,0.223061,0.333843,1,0.110782
0.44,F2_p50,0.213792,0.015,REFUSE,0.213792,0.223061,0.333843,1,0.110782
0.44,F2_p50,0.213792,0.016,REFUSE,0.213792,0.223061,0.333843,1,0.110782
0.44,F2_p50,0.213792,0.017,REFUSE,0.213792,0.223061,0.333843,1,0.110782
0.44,F2_p50,0.213792,0.018,REFUSE,0.213792,0.223061,0.333843,1,0.110782
0.44,F2_p50,0.213792,0.019,REFUSE,0.213792,0.223061,0.333843,1,0.110782
0.44,F2_p50,0.213792,0.02,REFUSE,0.213792,0.223061,0.333843,1,0.110782
0.44,F2_p50,0.213792,0.021,REFUSE,0.213792,0.223061,0.333843,1,0.110782
0.44,F2_p50,0.213792,0.022,REFUSE,0.213792,0.223061,0.333843,1,0.110782
0.44,F2_p50,0.213792,0.023,REFUSE,0.213792,0.223061,0.333843,1,0.110782
0.44,F2_p50,0.213792,0.024,REFUSE,0.213792,0.223061,0.333843,1,0.110782
0.44,F2_p50,0.213792,0.0251,REFUSE,0.213792,0.223061,0.333843,1,0.110782
0.44,F2_p50,0.213792,0.0261,REFUSE,0.213792,0.223061,0.333843,1,0.110782
0.44,F2_p50,0.213792,0.0271,REFUSE,0.213792,0.223061,0.333843,1,0.110782
0.44,F2_p50,0.213792,0.0281,REFUSE,0.213792,0.223061,0.333843,1,0.110782
0.44,F2_p50,0.213792,0.0291,REFUSE,0.213792,0.223061,0.333843,1,0.110782
0.44,F2_p50,0.213792,0.0301,REFUSE,0.213792,0.223061,0.333843,1,0.110782
0.44,F2_p50,0.213792,0.0311,REFUSE,0.213792,0.223061,0.333843,1,0.110782
0.44,F2_p50,0.213792,0.0321,REFUSE,0.213792,0.223061,0.333843,1,0.110782
0.44,F2_p50,0.213792,0.0331,REFUSE,0.213792,0.223061,0.333843,1,0.110782
0.44,F2_p50,0.213792,0.0341,REFUSE,0.213792,0.223061,0.333843,1,0.110782
0.44,F2_p50,0.213792,0.0351,REFUSE,0.213792,0.223061,0.333843,1,0.110782
0.44,F2_p50,0.213792,0.0361,REFUSE,0.213792,0.223061,0.333843,1,0.110782
0.44,F2_p50,0.213792,0.0371,REFUSE,0.213792,0.223061,0.333843,1,0.110782
0.44,F2_p50,0.213792,0.0381,REFUSE,0.213792,0.223061,0.333843,1,0.110782
0.44,F2_p50,0.213792,0.0391,REFUSE,0.213792,0.223061,0.333843,1,0.110782
0.44,F2_p50,0.213792,0.0401,REFUSE,0.213792,0.223061,0.333843,1,0.110782
0.44,F2_p50,0.213792,0.0411,REFUSE,0.213792,0.223061,0.333843,1,0.110782
0.44,F2_p50,0.213792,0.0421,REFUSE,0.213792,0.223061,0.333843,1,0.110782
0.44,F2_p50,0.213792,0.0431,REFUSE,0.213792,0.223061,0.333843,1,0.110782
0.44,F2_p50,0.213792,0.0441,REFUSE,0.213792,0.223061,0.333843,1,0.110782
0.44,F2_p50,0.213792,0.0451,REFUSE,0.213792,0.223061,0.333843,1,0.110782
0.44,F2_p50,0.213792,0.0461,REFUSE,0.213792,0.223061,0.333843,1,0.110782
0.44,F2_p50,0.213792,0.0471,REFUSE,0.213792,0.223061,0.333843,1,0.110782
0.44,F2_p50,0.213792,0.0481,REFUSE,0.213792,0.223061,0.333843,1,0.110782
0.44,F2_p50,0.213792,0.0491,REFUSE,0.213792,0.223061,0.333843,1,0.110782
0.44,F2_p50,0.213792,0.0501,REFUSE,0.213792,0.223061,0.333843,1,0.110782
0.44,F2_p50,0.213792,0.0511,REFUSE,0.213792,0.223061,0.333843,1,0.110782
0.44,F2_p50,0.213792,0.0521,REFUSE,0.213792,0.223061,0.333843,1,0.110782
0.44,F2_p50,0.213792,0.0531,REFUSE,0.213792,0.223061,0.333843,1,0.110782
0.44,F2_p50,0.213792,0.0541,REFUSE,0.213792,0.223061,0.333843,1,0.110782
0.44,F2_p50,0.213792,0.0551,REFUSE,0.213792,0.223061,0.333843,1,0.110782
0.44,F2_p50,0.213792,0.0561,REFUSE,0.213792,0.223061,0.333843,1,0.110782
0.44,F2_p50,0.213792,0.0571,REFUSE,0.213792,0.223061,0.333843,1,0.110782
0.44,F2_p50,0.213792,0.0581,REFUSE,0.213792,0.223061,0.333843,1,0.110782
0.44,F2_p50,0.213792,0.0591,REFUSE,0.213792,0.223061,0.333843,1,0.110782
0.44,F2_p50,0.213792,0.0601,REFUSE,0.213792,0.223061,0.333843,1,0.110782
0.44,F2_p50,0.213792,0.0611,REFUSE,0.213792,0.223061,0.333843,1,0.110782
0.44,F2_p50,0.213792,0.0621,REFUSE,0.213792,0.223061,0.333843,1,0.110782
0.44,F2_p50,0.213792,0.0631,REFUSE,0.213792,0.223061,0.333843,1,0.110782
0.44,F2_p50,0.213792,0.0641,REFUSE,0.213792,0.223061,0.333843,1,0.110782
0.44,F2_p50,0.213792,0.0651,REFUSE,0.213792,0.223061,0.333843,1,0.110782
0.44,F2_p50,0.213792,0.0661,REFUSE,0.213792,0.223061,0.333843,1,0.110782
0.44,F2_p50,0.213792,0.0671,REFUSE,0.213792,0.223061,0.333843,1,0.110782
0.44,F2_p50,0.213792,0.0681,REFUSE,0.213792,0.223061,0.333843,1,0.110782
0.44,F2_p50,0.213792,0.0691,REFUSE,0.213792,0.223061,0.333843,1,0.110782
0.44,F2_p50,0.213792,0.0701,REFUSE,0.213792,0.223061,0.333843,1,0.110782
0.44,F2_p50,0.213792,0.0711,REFUSE,0.213792,0.223061,0.333843,1,0.110782
0.44,F2_p50,0.213792,0.0721,REFUSE,0.213792,0.223061,0.333843,1,0.110782
0.44,F2_p50,0.213792,0.0731,REFUSE,0.213792,0.223061,0.333843,1,0.110782
0.44,F2_p50,0.213792,0.0741,REFUSE,0.213792,0.223061,0.333843,1,0.110782
0.44,F2_p50,0.213792,0.0752,REFUSE,0.213792,0.223061,0.333843,1,0.110782
0.44,F2_p50,0.213792,0.0762,REFUSE,0.213792,0.223061,0.333843,1,0.110782
0.44,F2_p50,0.213792,0.0772,REFUSE,0.213792,0.223061,0.333843,1,0.110782
0.44,F2_p50,0.213792,0.0782,REFUSE,0.213792,0.223061,0.333843,1,0.110782
0.44,F2_p50,0.213792,0.0792,REFUSE,0.213792,0.223061,0.333843,1,0.110782
0.44,F2_p50,0.213792,0.0802,REFUSE,0.213792,0.223061,0.333843,1,0.110782
0.44,F2_p50,0.213792,0.0812,REFUSE,0.213792,0.223061,0.333843,1,0.110782
0.44,F2_p50,0.213792,0.0822,REFUSE,0.213792,0.223061,0.333843,1,0.110782
0.44,F2_p50,0.213792,0.0832,REFUSE,0.213792,0.223061,0.333843,1,0.110782
0.44,F2_p50,0.213792,0.0842,REFUSE,0.213792,0.223061,0.333843,1,0.110782
0.44,F2_p50,0.213792,0.0852,REFUSE,0.213792,0.223061,0.333843,1,0.110782
0.44,F2_p50,0.213792,0.0862,REFUSE,0.213792,0.223061,0.333843,1,0.110782
0.44,F2_p50,0.213792,0.0872,REFUSE,0.213792,0.223061,0.333843,1,0.110782
0.44,F2_p50,0.213792,0.0882,REFUSE,0.213792,0.223061,0.333843,1,0.110782
0.44,F2_p50,0.213792,0.0892,REFUSE,0.213792,0.223061,0.333843,1,0.110782
0.44,F2_p50,0.213792,0.0902,REFUSE,0.213792,0.223061,0.333843,1,0.110782
0.44,F2_p50,0.213792,0.0912,REFUSE,0.213792,0.223061,0.333843,1,0.110782
0.44,F2_p50,0.213792,0.0922,REFUSE,0.213792,0.223061,0.333843,1,0.110782
0.44,F2_p50,0.213792,0.0932,REFUSE,0.213792,0.223061,0.333843,1,0.110782
0.44,F2_p50,0.213792,0.0942,REFUSE,0.213792,0.223061,0.333843,1,0.110782
0.44,F2_p50,0.213792,0.0952,REFUSE,0.213792,0.223061,0.333843,1,0.110782
0.44,F2_p50,0.213792,0.0962,REFUSE,0.213792,0.223061,0.333843,1,0.110782
0.44,F2_p50,0.213792,0.0972,REFUSE,0.213792,0.223061,0.333843,1,0.110782
0.44,F2_p50,0.213792,0.0982,REFUSE,0.213792,0.223061,0.333843,1,0.110782
0.44,F2_p50,0.213792,0.0992,REFUSE,0.213792,0.223061,0.333843,1,0.110782
0.44,F2_p50,0.213792,0.1002,REFUSE,0.213792,0.223061,0.333843,1,0.110782
0.44,F2_p50,0.213792,0.1012,REFUSE,0.213792,0.223061,0.333843,1,0.110782
0.44,F2_p50,0.213792,0.1022,REFUSE,0.213792,0.223061,0.333843,1,0.110782
0.44,F2_p50,0.213792,0.1032,REFUSE,0.213792,0.223061,0.333843,1,0.110782
0.44,F2_p50,0.213792,0.1042,REFUSE,0.213792,0.223061,0.333843,1,0.110782
0.44,F2_p50,0.213792,0.1052,REFUSE,0.213792,0.223061,0.333843,1,0.110782
0.44,F2_p50,0.213792,0.1062,REFUSE,0.213792,0.223061,0.333843,1,0.110782
0.44,F2_p50,0.213792,0.1072,REFUSE,0.213792,0.223061,0.333843,1,0.110782
0.44,F2_p50,0.213792,0.1082,REFUSE,0.213792,0.223061,0.333843,1,0.110782
0.44,F2_p50,0.213792,0.1092,REFUSE,0.213792,0.223061,0.333843,1,0.110782
0.44,F2_p50,0.213792,0.1102,REFUSE,0.213792,0.223061,0.333843,1,0.110782
0.44,F2_p50,0.213792,0.1112,REFUSE,0.213792,0.223061,0.333843,1,0.110782
0.44,F2_p50,0.213792,0.1122,REFUSE,0.213792,0.223061,0.333843,1,0.110782
0.44,F2_p50,0.213792,0.1132,REFUSE,0.213792,0.223061,0.333843,1,0.110782
0.44,F2_p50,0.213792,0.1142,REFUSE,0.213792,0.223061,0.333843,1,0.110782
0.44,F2_p50,0.213792,0.1152,REFUSE,0.213792,0.223061,0.333843,1,0.110782
0.44,F2_p50,0.213792,0.1162,REFUSE,0.213792,0.223061,0.333843,1,0.110782
0.44,F2_p50,0.213792,0.1172,REFUSE,0.213792,0.223061,0.333843,1,0.110782
0.44,F2_p50,0.213792,0.1182,REFUSE,0.213792,0.223061,0.333843,1,0.110782
0.44,F2_p50,0.213792,0.1192,REFUSE,0.213792,0.223061,0.333843,1,0.110782
0.44,F2_p50,0.213792,0.1202,REFUSE,0.213792,0.223061,0.333843,1,0.110782
0.44,F2_p50,0.213792,0.1212,REFUSE,0.213792,0.223061,0.333843,1,0.110782
0.44,F2_p50,0.213792,0.1222,REFUSE,0.213792,0.223061,0.333843,1,0.110782
0.44,F2_p50,0.213792,0.1232,REFUSE,0.213792,0.223061,0.333843,1,0.110782
0.44,F2_p50,0.213792,0.1242,REFUSE,0.213792,0.223061,0.333843,1,0.110782
0.44,F2_p50,0.213792,0.1253,REFUSE,0.213792,0.223061,0.333843,1,0.110782
0.44,F2_p50,0.213792,0.1263,REFUSE,0.213792,0.223061,0.333843,1,0.110782
0.44,F2_p50,0.213792,0.1273,REFUSE,0.213792,0.223061,0.333843,1,0.110782
0.44,F2_p50,0.213792,0.1283,REFUSE,0.213792,0.223061,0.333843,1,0.110782
0.44,F2_p50,0.213792,0.1293,REFUSE,0.213792,0.223061,0.333843,1,0.110782
0.44,F2_p50,0.213792,0.1303,REFUSE,0.213792,0.223061,0.333843,1,0.110782
0.44,F2_p50,0.213792,0.1313,REFUSE,0.213792,0.223061,0.333843,1,0.110782
0.44,F2_p50,0.213792,0.1323,REFUSE,0.213792,0.223061,0.333843,1,0.110782
0.44,F2_p50,0.213792,0.1333,REFUSE,0.213792,0.223061,0.333843,1,0.110782
0.44,F2_p50,0.213792,0.1343,REFUSE,0.213792,0.223061,0.333843,1,0.110782
0.44,F2_p50,0.213792,0.1353,REFUSE,0.213792,0.223061,0.333843,1,0.110782
0.44,F2_p50,0.213792,0.1363,REFUSE,0.213792,0.223061,0.333843,1,0.110782
0.44,F2_p50,0.213792,0.1373,REFUSE,0.213792,0.223061,0.333843,1,0.110782
0.44,F2_p50,0.213792,0.1383,REFUSE,0.213792,0.223061,0.333843,1,0.110782
0.44,F2_p50,0.213792,0.1393,REFUSE,0.213792,0.223061,0.333843,1,0.110782
0.44,F2_p50,0.213792,0.1403,REFUSE,0.213792,0.223061,0.333843,1,0.110782
0.44,F2_p50,0.213792,0.1413,REFUSE,0.213792,0.223061,0.333843,1,0.110782
0.44,F2_p50,0.213792,0.1423,REFUSE,0.213792,0.223061,0.333843,1,0.110782
0.44,F2_p50,0.213792,0.1433,REFUSE,0.213792,0.223061,0.333843,1,0.110782
0.44,F2_p50,0.213792,0.1443,REFUSE,0.213792,0.223061,0.333843,1,0.110782
0.44,F2_p50,0.213792,0.1453,REFUSE,0.213792,0.223061,0.333843,1,0.110782
0.44,F2_p50,0.213792,0.1463,REFUSE,0.213792,0.223061,0.333843,1,0.110782
0.44,F2_p50,0.213792,0.1473,REFUSE,0.213792,0.223061,0.333843,1,0.110782
0.44,F2_p50,0.213792,0.1483,REFUSE,0.213792,0.223061,0.333843,1,0.110782
0.44,F2_p50,0.213792,0.1493,REFUSE,0.213792,0.223061,0.333843,1,0.110782
0.44,F2_p50,0.213792,0.1503,REFUSE,0.213792,0.223061,0.333843,1,0.110782
0.44,F2_p50,0.213792,0.1513,REFUSE,0.213792,0.223061,0.333843,1,0.110782
0.44,F2_p50,0.213792,0.1523,REFUSE,0.213792,0.223061,0.333843,1,0.110782
0.44,F2_p50,0.213792,0.1533,REFUSE,0.213792,0.223061,0.333843,1,0.110782
0.44,F2_p50,0.213792,0.1543,REFUSE,0.213792,0.223061,0.333843,1,0.110782
0.44,F2_p50,0.213792,0.1553,REFUSE,0.213792,0.223061,0.333843,1,0.110782
0.44,F2_p50,0.213792,0.1563,REFUSE,0.213792,0.223061,0.333843,1,0.110782
0.44,F2_p50,0.213792,0.1573,REFUSE,0.213792,0.223061,0.333843,1,0.110782
0.44,F2_p50,0.213792,0.1583,REFUSE,0.213792,0.223061,0.333843,1,0.110782
0.44,F2_p50,0.213792,0.1593,REFUSE,0.213792,0.223061,0.333843,1,0.110782
0.44,F2_p50,0.213792,0.1603,REFUSE,0.213792,0.223061,0.333843,1,0.110782
0.44,F2_p50,0.213792,0.1613,REFUSE,0.213792,0.223061,0.333843,1,0.110782
0.44,F2_p50,0.213792,0.1623,REFUSE,0.213792,0.223061,0.333843,1,0.110782
0.44,F2_p50,0.213792,0.1633,REFUSE,0.213792,0.223061,0.333843,1,0.110782
0.44,F2_p50,0.213792,0.1643,REFUSE,0.213792,0.223061,0.333843,1,0.110782
0.44,F2_p50,0.213792,0.1653,REFUSE,0.213792,0.223061,0.333843,1,0.110782
0.44,F2_p50,0.213792,0.1663,REFUSE,0.213792,0.223061,0.333843,1,0.110782
0.44,F2_p50,0.213792,0.1673,REFUSE,0.213792,0.223061,0.333843,1,0.110782
0.44,F2_p50,0.213792,0.1683,REFUSE,0.213792,0.223061,0.333843,1,0.110782
0.44,F2_p50,0.213792,0.1693,REFUSE,0.213792,0.223061,0.333843,1,0.110782
0.44,F2_p50,0.213792,0.1703,REFUSE,0.213792,0.223061,0.333843,1,0.110782
0.44,F2_p50,0.213792,0.1713,REFUSE,0.213792,0.223061,0.333843,1,0.110782
0.44,F2_p50,0.213792,0.1723,REFUSE,0.213792,0.223061,0.333843,1,0.110782
0.44,F2_p50,0.213792,0.1733,REFUSE,0.213792,0.223061,0.333843,1,0.110782
0.44,F2_p50,0.213792,0.1743,REFUSE,0.213792,0.223061,0.333843,1,0.110782
0.44,F2_p50,0.213792,0.1754,REFUSE,0.213792,0.223061,0.333843,1,0.110782
0.44,F2_p50,0.213792,0.1764,REFUSE,0.213792,0.223061,0.333843,1,0.110782
0.44,F2_p50,0.213792,0.1774,REFUSE,0.213792,0.223061,0.333843,1,0.110782
0.44,F2_p50,0.213792,0.1784,REFUSE,0.213792,0.223061,0.333843,1,0.110782
0.44,F2_p50,0.213792,0.1794,REFUSE,0.213792,0.223061,0.333843,1,0.110782
0.44,F2_p50,0.213792,0.1804,REFUSE,0.213792,0.223061,0.333843,1,0.110782
0.44,F2_p50,0.213792,0.1814,REFUSE,0.213792,0.223061,0.333843,1,0.110782
0.44,F2_p50,0.213792,0.1824,REFUSE,0.213792,0.223061,0.333843,1,0.110782
0.44,F2_p50,0.213792,0.1834,REFUSE,0.213792,0.223061,0.333843,1,0.110782
0.44,F2_p50,0.213792,0.1844,REFUSE,0.213792,0.223061,0.333843,1,0.110782
0.44,F2_p50,0.213792,0.1854,REFUSE,0.213792,0.223061,0.333843,1,0.110782
0.44,F2_p50,0.213792,0.1864,REFUSE,0.213792,0.223061,0.333843,1,0.110782
0.44,F2_p50,0.213792,0.1874,REFUSE,0.213792,0.223061,0.333843,1,0.110782
0.44,F2_p50,0.213792,0.1884,REFUSE,0.213792,0.223061,0.333843,1,0.110782
0.44,F2_p50,0.213792,0.1894,REFUSE,0.213792,0.223061,0.333843,1,0.110782
0.44,F2_p50,0.213792,0.1904,REFUSE,0.213792,0.223061,0.333843,1,0.110782
0.44,F2_p50,0.213792,0.1914,REFUSE,0.213792,0.223061,0.333843,1,0.110782
0.44,F2_p50,0.213792,0.1924,REFUSE,0.213792,0.223061,0.333843,1,0.110782
0.44,F2_p50,0.213792,0.1934,REFUSE,0.213792,0.223061,0.333843,1,0.110782
0.44,F2_p50,0.213792,0.1944,REFUSE,0.213792,0.223061,0.333843,1,0.110782
0.44,F2_p50,0.213792,0.1954,REFUSE,0.213792,0.223061,0.333843,1,0.110782
0.44,F2_p50,0.213792,0.1964,REFUSE,0.213792,0.223061,0.333843,1,0.110782
0.44,F2_p50,0.213792,0.1974,REFUSE,0.213792,0.223061,0.333843,1,0.110782
0.44,F2_p50,0.213792,0.1984,REFUSE,0.213792,0.223061,0.333843,1,0.110782
0.44,F2_p50,0.213792,0.1994,REFUSE,0.213792,0.223061,0.333843,1,0.110782
0.44,F2_p50,0.213792,0.2004,REFUSE,0.213792,0.223061,0.333843,1,0.110782
0.44,F2_p50,0.213792,0.2014,REFUSE,0.213792,0.223061,0.333843,1,0.110782
0.44,F2_p50,0.213792,0.2024,REFUSE,0.213792,0.223061,0.333843,1,0.110782
0.44,F2_p50,0.213792,0.2034,REFUSE,0.213792,0.223061,0.333843,1,0.110782
0.44,F2_p50,0.213792,0.2044,REFUSE,0.213792,0.223061,0.333843,1,0.110782
0.44,F2_p50,0.213792,0.2054,REFUSE,0.213792,0.223061,0.333843,1,0.110782
0.44,F2_p50,0.213792,0.2064,REFUSE,0.213792,0.223061,0.333843,1,0.110782
0.44,F2_p50,0.213792,0.2074,REFUSE,0.213792,0.223061,0.333843,1,0.110782
0.44,F2_p50,0.213792,0.2084,REFUSE,0.213792,0.223061,0.333843,1,0.110782
0.44,F2_p50,0.213792,0.2094,REFUSE,0.213792,0.223061,0.333843,1,0.110782
0.44,F2_p50,0.213792,0.2104,REFUSE,0.213792,0.223061,0.333843,1,0.110782
0.44,F2_p50,0.213792,0.2114,REFUSE,0.213792,0.223061,0.333843,1,0.110782
0.44,F2_p50,0.213792,0.2124,REFUSE,0.213792,0.223061,0.333843,1,0.110782
0.44,F2_p50,0.213792,0.2134,REFUSE,0.213792,0.223061,0.333843,1,0.110782
0.44,F2_p50,0.213792,0.2144,ACT,0.213792,0.223061,0.333843,1,0.110782
0.44,F2_p50,0.213792,0.2154,ACT,0.213792,0.223061,0.333843,1,0.110782
0.44,F2_p50,0.213792,0.2164,ACT,0.213792,0.223061,0.333843,1,0.110782
0.44,F2_p50,0.213792,0.2174,ACT,0.213792,0.223061,0.333843,1,0.110782
0.44,F2_p50,0.213792,0.2184,ACT,0.213792,0.223061,0.333843,1,0.110782
0.44,F2_p50,0.213792,0.2194,ACT,0.213792,0.223061,0.333843,1,0.110782
0.44,F2_p50,0.213792,0.2204,ACT,0.213792,0.223061,0.333843,1,0.110782
0.44,F2_p50,0.213792,0.2214,ACT,0.213792,0.223061,0.333843,1,0.110782
0.44,F2_p50,0.213792,0.2224,ACT,0.213792,0.223061,0.333843,1,0.110782
0.44,F2_p50,0.213792,0.2234,ACT,0.213792,0.223061,0.333843,1,0.110782
0.44,F2_p50,0.213792,0.2244,ACT,0.213792,0.223061,0.333843,1,0.110782
0.44,F2_p50,0.213792,0.2255,ACT,0.213792,0.223061,0.333843,1,0.110782
0.44,F2_p50,0.213792,0.2265,ACT,0.213792,0.223061,0.333843,1,0.110782
0.44,F2_p50,0.213792,0.2275,ACT,0.213792,0.223061,0.333843,1,0.110782
0.44,F2_p50,0.213792,0.2285,ACT,0.213792,0.223061,0.333843,1,0.110782
0.44,F2_p50,0.213792,0.2295,ACT,0.213792,0.223061,0.333843,1,0.110782
0.44,F2_p50,0.213792,0.2305,ACT,0.213792,0.223061,0.333843,1,0.110782
0.44,F2_p50,0.213792,0.2315,ACT,0.213792,0.223061,0.333843,1,0.110782
0.44,F2_p50,0.213792,0.2325,ACT,0.213792,0.223061,0.333843,1,0.110782
0.44,F2_p50,0.213792,0.2335,ACT,0.213792,0.223061,0.333843,1,0.110782
0.44,F2_p50,0.213792,0.2345,ACT,0.213792,0.223061,0.333843,1,0.110782
0.44,F2_p50,0.213792,0.2355,ACT,0.213792,0.223061,0.333843,1,0.110782
0.44,F2_p50,0.213792,0.2365,ACT,0.213792,0.223061,0.333843,1,0.110782
0.44,F2_p50,0.213792,0.2375,ACT,0.213792,0.223061,0.333843,1,0.110782
0.44,F2_p50,0.213792,0.2385,ACT,0.213792,0.223061,0.333843,1,0.110782
0.44,F2_p50,0.213792,0.2395,ACT,0.213792,0.223061,0.333843,1,0.110782
0.44,F2_p50,0.213792,0.2405,ACT,0.213792,0.223061,0.333843,1,0.110782
0.44,F2_p50,0.213792,0.2415,ACT,0.213792,0.223061,0.333843,1,0.110782
0.44,F2_p50,0.213792,0.2425,ACT,0.213792,0.223061,0.333843,1,0.110782
0.44,F2_p50,0.213792,0.2435,ACT,0.213792,0.223061,0.333843,1,0.110782
0.44,F2_p50,0.213792,0.2445,ACT,0.213792,0.223061,0.333843,1,0.110782
0.44,F2_p50,0.213792,0.2455,ACT,0.213792,0.223061,0.333843,1,0.110782
0.44,F2_p50,0.213792,0.2465,ACT,0.213792,0.223061,0.333843,1,0.110782
0.44,F2_p50,0.213792,0.2475,ACT,0.213792,0.223061,0.333843,1,0.110782
0.44,F2_p50,0.213792,0.2485,ACT,0.213792,0.223061,0.333843,1,0.110782
0.44,F2_p50,0.213792,0.2495,ACT,0.213792,0.223061,0.333843,1,0.110782
0.44,F2_p50,0.213792,0.2505,ACT,0.213792,0.223061,0.333843,1,0.110782
0.44,F2_p50,0.213792,0.2515,ACT,0.213792,0.223061,0.333843,1,0.110782
0.44,F2_p50,0.213792,0.2525,ACT,0.213792,0.223061,0.333843,1,0.110782
0.44,F2_p50,0.213792,0.2535,ACT,0.213792,0.223061,0.333843,1,0.110782
0.44,F2_p50,0.213792,0.2545,ACT,0.213792,0.223061,0.333843,1,0.110782
0.44,F2_p50,0.213792,0.2555,ACT,0.213792,0.223061,0.333843,1,0.110782
0.44,F2_p50,0.213792,0.2565,ACT,0.213792,0.223061,0.333843,1,0.110782
0.44,F2_p50,0.213792,0.2575,ACT,0.213792,0.223061,0.333843,1,0.110782
0.44,F2_p50,0.213792,0.2585,ACT,0.213792,0.223061,0.333843,1,0.110782
0.44,F2_p50,0.213792,0.2595,ACT,0.213792,0.223061,0.333843,1,0.110782
0.44,F2_p50,0.213792,0.2605,ACT,0.213792,0.223061,0.333843,1,0.110782
0.44,F2_p50,0.213792,0.2615,ACT,0.213792,0.223061,0.333843,1,0.110782
0.44,F2_p50,0.213792,0.2625,ACT,0.213792,0.223061,0.333843,1,0.110782
0.44,F2_p50,0.213792,0.2635,ACT,0.213792,0.223061,0.333843,1,0.110782
0.44,F2_p50,0.213792,0.2645,ACT,0.213792,0.223061,0.333843,1,0.110782
0.44,F2_p50,0.213792,0.2655,ACT,0.213792,0.223061,0.333843,1,0.110782
0.44,F2_p50,0.213792,0.2665,ACT,0.213792,0.223061,0.333843,1,0.110782
0.44,F2_p50,0.213792,0.2675,ACT,0.213792,0.223061,0.333843,1,0.110782
0.44,F2_p50,0.213792,0.2685,ACT,0.213792,0.223061,0.333843,1,0.110782
0.44,F2_p50,0.213792,0.2695,ACT,0.213792,0.223061,0.333843,1,0.110782
0.44,F2_p50,0.213792,0.2705,ACT,0.213792,0.223061,0.333843,1,0.110782
0.44,F2_p50,0.213792,0.2715,ACT,0.213792,0.223061,0.333843,1,0.110782
0.44,F2_p50,0.213792,0.2725,ACT,0.213792,0.223061,0.333843,1,0.110782
0.44,F2_p50,0.213792,0.2735,ACT,0.213792,0.223061,0.333843,1,0.110782
0.44,F2_p50,0.213792,0.2745,ACT,0.213792,0.223061,0.333843,1,0.110782
0.44,F2_p50,0.213792,0.2756,ACT,0.213792,0.223061,0.333843,1,0.110782
0.44,F2_p50,0.213792,0.2766,ACT,0.213792,0.223061,0.333843,1,0.110782
0.44,F2_p50,0.213792,0.2776,ACT,0.213792,0.223061,0.333843,1,0.110782
0.44,F2_p50,0.213792,0.2786,ACT,0.213792,0.223061,0.333843,1,0.110782
0.44,F2_p50,0.213792,0.2796,ACT,0.213792,0.223061,0.333843,1,0.110782
0.44,F2_p50,0.213792,0.2806,ACT,0.213792,0.223061,0.333843,1,0.110782
0.44,F2_p50,0.213792,0.2816,ACT,0.213792,0.223061,0.333843,1,0.110782
0.44,F2_p50,0.213792,0.2826,ACT,0.213792,0.223061,0.333843,1,0.110782
0.44,F2_p50,0.213792,0.2836,ACT,0.213792,0.223061,0.333843,1,0.110782
0.44,F2_p50,0.213792,0.2846,ACT,0.213792,0.223061,0.333843,1,0.110782
0.44,F2_p50,0.213792,0.2856,ACT,0.213792,0.223061,0.333843,1,0.110782
0.44,F2_p50,0.213792,0.2866,ACT,0.213792,0.223061,0.333843,1,0.110782
0.44,F2_p50,0.213792,0.2876,ACT,0.213792,0.223061,0.333843,1,0.110782
0.44,F2_p50,0.213792,0.2886,ACT,0.213792,0.223061,0.333843,1,0.110782
0.44,F2_p50,0.213792,0.2896,ACT,0.213792,0.223061,0.333843,1,0.110782
0.44,F2_p50,0.213792,0.2906,ACT,0.213792,0.223061,0.333843,1,0.110782
0.44,F2_p50,0.213792,0.2916,ACT,0.213792,0.223061,0.333843,1,0.110782
0.44,F2_p50,0.213792,0.2926,ACT,0.213792,0.223061,0.333843,1,0.110782
0.44,F2_p50,0.213792,0.2936,ACT,0.213792,0.223061,0.333843,1,0.110782
0.44,F2_p50,0.213792,0.2946,ACT,0.213792,0.223061,0.333843,1,0.110782
0.44,F2_p50,0.213792,0.2956,ACT,0.213792,0.223061,0.333843,1,0.110782
0.44,F2_p50,0.213792,0.2966,ACT,0.213792,0.223061,0.333843,1,0.110782
0.44,F2_p50,0.213792,0.2976,ACT,0.213792,0.223061,0.333843,1,0.110782
0.44,F2_p50,0.213792,0.2986,ACT,0.213792,0.223061,0.333843,1,0.110782
0.44,F2_p50,0.213792,0.2996,ACT,0.213792,0.223061,0.333843,1,0.110782
0.44,F2_p50,0.213792,0.3006,ACT,0.213792,0.223061,0.333843,1,0.110782
0.44,F2_p50,0.213792,0.3016,ACT,0.213792,0.223061,0.333843,1,0.110782
0.44,F2_p50,0.213792,0.3026,ACT,0.213792,0.223061,0.333843,1,0.110782
0.44,F2_p50,0.213792,0.3036,ACT,0.213792,0.223061,0.333843,1,0.110782
0.44,F2_p50,0.213792,0.3046,ACT,0.213792,0.223061,0.333843,1,0.110782
0.44,F2_p50,0.213792,0.3056,ACT,0.213792,0.223061,0.333843,1,0.110782
0.44,F2_p50,0.213792,0.3066,ACT,0.213792,0.223061,0.333843,1,0.110782
0.44,F2_p50,0.213792,0.3076,ACT,0.213792,0.223061,0.333843,1,0.110782
0.44,F2_p50,0.213792,0.3086,ACT,0.213792,0.223061,0.333843,1,0.110782
0.44,F2_p50,0.213792,0.3096,ACT,0.213792,0.223061,0.333843,1,0.110782
0.44,F2_p50,0.213792,0.3106,ACT,0.213792,0.223061,0.333843,1,0.110782
0.44,F2_p50,0.213792,0.3116,ACT,0.213792,0.223061,0.333843,1,0.110782
0.44,F2_p50,0.213792,0.3126,ACT,0.213792,0.223061,0.333843,1,0.110782
0.44,F2_p50,0.213792,0.3136,ACT,0.213792,0.223061,0.333843,1,0.110782
0.44,F2_p50,0.213792,0.3146,ACT,0.213792,0.223061,0.333843,1,0.110782
0.44,F2_p50,0.213792,0.3156,ACT,0.213792,0.223061,0.333843,1,0.110782
0.44,F2_p50,0.213792,0.3166,ACT,0.213792,0.223061,0.333843,1,0.110782
0.44,F2_p50,0.213792,0.3176,ACT,0.213792,0.223061,0.333843,1,0.110782
0.44,F2_p50,0.213792,0.3186,ACT,0.213792,0.223061,0.333843,1,0.110782
0.44,F2_p50,0.213792,0.3196,ACT,0.213792,0.223061,0.333843,1,0.110782
0.44,F2_p50,0.213792,0.3206,ACT,0.213792,0.223061,0.333843,1,0.110782
0.44,F2_p50,0.213792,0.3216,ACT,0.213792,0.223061,0.333843,1,0.110782
0.44,F2_p50,0.213792,0.3226,ACT,0.213792,0.223061,0.333843,1,0.110782
0.44,F2_p50,0.213792,0.3236,ACT,0.213792,0.223061,0.333843,1,0.110782
0.44,F2_p50,0.213792,0.3246,ACT,0.213792,0.223061,0.333843,1,0.110782
0.44,F2_p50,0.213792,0.3257,ACT,0.213792,0.223061,0.333843,1,0.110782
0.44,F2_p50,0.213792,0.3267,ACT,0.213792,0.223061,0.333843,1,0.110782
0.44,F2_p50,0.213792,0.3277,ACT,0.213792,0.223061,0.333843,1,0.110782
0.44,F2_p50,0.213792,0.3287,ACT,0.213792,0.223061,0.333843,1,0.110782
0.44,F2_p50,0.213792,0.3297,ACT,0.213792,0.223061,0.333843,1,0.110782
0.44,F2_p50,0.213792,0.3307,ACT,0.213792,0.223061,0.333843,1,0.110782
0.44,F2_p50,0.213792,0.3317,ACT,0.213792,0.223061,0.333843,1,0.110782
0.44,F2_p50,0.213792,0.3327,ACT,0.213792,0.223061,0.333843,1,0.110782
0.44,F2_p50,0.213792,0.3337,ACT,0.213792,0.223061,0.333843,1,0.110782
0.44,F2_p50,0.213792,0.3347,ACT,0.213792,0.223061,0.333843,1,0.110782
0.44,F2_p50,0.213792,0.3357,ACT,0.213792,0.223061,0.333843,1,0.110782
0.44,F2_p50,0.213792,0.3367,ACT,0.213792,0.223061,0.333843,1,0.110782
0.44,F2_p50,0.213792,0.3377,ACT,0.213792,0.223061,0.333843,1,0.110782
0.44,F2_p50,0.213792,0.3387,ACT,0.213792,0.223061,0.333843,1,0.110782
0.44,F2_p50,0.213792,0.3397,ACT,0.213792,0.223061,0.333843,1,0.110782
0.44,F2_p50,0.213792,0.3407,ACT,0.213792,0.223061,0.333843,1,0.110782
0.44,F2_p50,0.213792,0.3417,ACT,0.213792,0.223061,0.333843,1,0.110782
0.44,F2_p50,0.213792,0.3427,ACT,0.213792,0.223061,0.333843,1,0.110782
0.44,F2_p50,0.213792,0.3437,ACT,0.213792,0.223061,0.333843,1,0.110782
0.44,F2_p50,0.213792,0.3447,ACT,0.213792,0.223061,0.333843,1,0.110782
0.44,F2_p50,0.213792,0.3457,ACT,0.213792,0.223061,0.333843,1,0.110782
0.44,F2_p50,0.213792,0.3467,ACT,0.213792,0.223061,0.333843,1,0.110782
0.44,F2_p50,0.213792,0.3477,ACT,0.213792,0.223061,0.333843,1,0.110782
0.44,F2_p50,0.213792,0.3487,ACT,0.213792,0.223061,0.333843,1,0.110782
0.44,F2_p50,0.213792,0.3497,ACT,0.213792,0.223061,0.333843,1,0.110782
0.44,F2_p50,0.213792,0.3507,ACT,0.213792,0.223061,0.333843,1,0.110782
0.44,F2_p50,0.213792,0.3517,ACT,0.213792,0.223061,0.333843,1,0.110782
0.44,F2_p50,0.213792,0.3527,ACT,0.213792,0.223061,0.333843,1,0.110782
0.44,F2_p50,0.213792,0.3537,ACT,0.213792,0.223061,0.333843,1,0.110782
0.44,F2_p50,0.213792,0.3547,ACT,0.213792,0.223061,0.333843,1,0.110782
0.44,F2_p50,0.213792,0.3557,ACT,0.213792,0.223061,0.333843,1,0.110782
0.44,F2_p50,0.213792,0.3567,ACT,0.213792,0.223061,0.333843,1,0.110782
0.44,F2_p50,0.213792,0.3577,ACT,0.213792,0.223061,0.333843,1,0.110782
0.44,F2_p50,0.213792,0.3587,ACT,0.213792,0.223061,0.333843,1,0.110782
0.44,F2_p50,0.213792,0.3597,ACT,0.213792,0.223061,0.333843,1,0.110782
0.44,F2_p50,0.213792,0.3607,ACT,0.213792,0.223061,0.333843,1,0.110782
0.44,F2_p50,0.213792,0.3617,ACT,0.213792,0.223061,0.333843,1,0.110782
0.44,F2_p50,0.213792,0.3627,ACT,0.213792,0.223061,0.333843,1,0.110782
0.44,F2_p50,0.213792,0.3637,ACT,0.213792,0.223061,0.333843,1,0.110782
0.44,F2_p50,0.213792,0.3647,ACT,0.213792,0.223061,0.333843,1,0.110782
0.44,F2_p50,0.213792,0.3657,ACT,0.213792,0.223061,0.333843,1,0.110782
0.44,F2_p50,0.213792,0.3667,ACT,0.213792,0.223061,0.333843,1,0.110782
0.44,F2_p50,0.213792,0.3677,ACT,0.213792,0.223061,0.333843,1,0.110782
0.44,F2_p50,0.213792,0.3687,ACT,0.213792,0.223061,0.333843,1,0.110782
0.44,F2_p50,0.213792,0.3697,ACT,0.213792,0.223061,0.333843,1,0.110782
0.44,F2_p50,0.213792,0.3707,ACT,0.213792,0.223061,0.333843,1,0.110782
0.44,F2_p50,0.213792,0.3717,ACT,0.213792,0.223061,0.333843,1,0.110782
0.44,F2_p50,0.213792,0.3727,ACT,0.213792,0.223061,0.333843,1,0.110782
0.44,F2_p50,0.213792,0.3737,ACT,0.213792,0.223061,0.333843,1,0.110782
0.44,F2_p50,0.213792,0.3747,ACT,0.213792,0.223061,0.333843,1,0.110782
0.44,F2_p50,0.213792,0.3758,ACT,0.213792,0.223061,0.333843,1,0.110782
0.44,F2_p50,0.213792,0.3768,ACT,0.213792,0.223061,0.333843,1,0.110782
0.44,F2_p50,0.213792,0.3778,ACT,0.213792,0.223061,0.333843,1,0.110782
0.44,F2_p50,0.213792,0.3788,ACT,0.213792,0.223061,0.333843,1,0.110782
0.44,F2_p50,0.213792,0.3798,ACT,0.213792,0.223061,0.333843,1,0.110782
0.44,F2_p50,0.213792,0.3808,ACT,0.213792,0.223061,0.333843,1,0.110782
0.44,F2_p50,0.213792,0.3818,ACT,0.213792,0.223061,0.333843,1,0.110782
0.44,F2_p50,0.213792,0.3828,ACT,0.213792,0.223061,0.333843,1,0.110782
0.44,F2_p50,0.213792,0.3838,ACT,0.213792,0.223061,0.333843,1,0.110782
0.44,F2_p50,0.213792,0.3848,ACT,0.213792,0.223061,0.333843,1,0.110782
0.44,F2_p50,0.213792,0.3858,ACT,0.213792,0.223061,0.333843,1,0.110782
0.44,F2_p50,0.213792,0.3868,ACT,0.213792,0.223061,0.333843,1,0.110782
0.44,F2_p50,0.213792,0.3878,ACT,0.213792,0.223061,0.333843,1,0.110782
0.44,F2_p50,0.213792,0.3888,ACT,0.213792,0.223061,0.333843,1,0.110782
0.44,F2_p50,0.213792,0.3898,ACT,0.213792,0.223061,0.333843,1,0.110782
0.44,F2_p50,0.213792,0.3908,ACT,0.213792,0.223061,0.333843,1,0.110782
0.44,F2_p50,0.213792,0.3918,ACT,0.213792,0.223061,0.333843,1,0.110782
0.44,F2_p50,0.213792,0.3928,ACT,0.213792,0.223061,0.333843,1,0.110782
0.44,F2_p50,0.213792,0.3938,ACT,0.213792,0.223061,0.333843,1,0.110782
0.44,F2_p50,0.213792,0.3948,ACT,0.213792,0.223061,0.333843,1,0.110782
0.44,F2_p50,0.213792,0.3958,ACT,0.213792,0.223061,0.333843,1,0.110782
0.44,F2_p50,0.213792,0.3968,ACT,0.213792,0.223061,0.333843,1,0.110782
0.44,F2_p50,0.213792,0.3978,ACT,0.213792,0.223061,0.333843,1,0.110782
0.44,F2_p50,0.213792,0.3988,ACT,0.213792,0.223061,0.333843,1,0.110782
0.44,F2_p50,0.213792,0.3998,ACT,0.213792,0.223061,0.333843,1,0.110782
0.44,F2_p50,0.213792,0.4008,ACT,0.213792,0.223061,0.333843,1,0.110782
0.44,F2_p50,0.213792,0.4018,ACT,0.213792,0.223061,0.333843,1,0.110782
0.44,F2_p50,0.213792,0.4028,ACT,0.213792,0.223061,0.333843,1,0.110782
0.44,F2_p50,0.213792,0.4038,ACT,0.213792,0.223061,0.333843,1,0.110782
0.44,F2_p50,0.213792,0.4048,ACT,0.213792,0.223061,0.333843,1,0.110782
0.44,F2_p50,0.213792,0.4058,ACT,0.213792,0.223061,0.333843,1,0.110782
0.44,F2_p50,0.213792,0.4068,ACT,0.213792,0.223061,0.333843,1,0.110782
0.44,F2_p50,0.213792,0.4078,ACT,0.213792,0.223061,0.333843,1,0.110782
0.44,F2_p50,0.213792,0.4088,ACT,0.213792,0.223061,0.333843,1,0.110782
0.44,F2_p50,0.213792,0.4098,ACT,0.213792,0.223061,0.333843,1,0.110782
0.44,F2_p50,0.213792,0.4108,ACT,0.213792,0.223061,0.333843,1,0.110782
0.44,F2_p50,0.213792,0.4118,ACT,0.213792,0.223061,0.333843,1,0.110782
0.44,F2_p50,0.213792,0.4128,ACT,0.213792,0.223061,0.333843,1,0.110782
0.44,F2_p50,0.213792,0.4138,ACT,0.213792,0.223061,0.333843,1,0.110782
0.44,F2_p50,0.213792,0.4148,ACT,0.213792,0.223061,0.333843,1,0.110782
0.44,F2_p50,0.213792,0.4158,ACT,0.213792,0.223061,0.333843,1,0.110782
0.44,F2_p50,0.213792,0.4168,ACT,0.213792,0.223061,0.333843,1,0.110782
0.44,F2_p50,0.213792,0.4178,ACT,0.213792,0.223061,0.333843,1,0.110782
0.44,F2_p50,0.213792,0.4188,ACT,0.213792,0.223061,0.333843,1,0.110782
0.44,F2_p50,0.213792,0.4198,ACT,0.213792,0.223061,0.333843,1,0.110782
0.44,F2_p50,0.213792,0.4208,ACT,0.213792,0.223061,0.333843,1,0.110782
0.44,F2_p50,0.213792,0.4218,ACT,0.213792,0.223061,0.333843,1,0.110782
0.44,F2_p50,0.213792,0.4228,ACT,0.213792,0.223061,0.333843,1,0.110782
0.44,F2_p50,0.213792,0.4238,ACT,0.213792,0.223061,0.333843,1,0.110782
0.44,F2_p50,0.213792,0.4248,ACT,0.213792,0.223061,0.333843,1,0.110782
0.44,F2_p50,0.213792,0.4259,ACT,0.213792,0.223061,0.333843,1,0.110782
0.44,F2_p50,0.213792,0.4269,ACT,0.213792,0.223061,0.333843,1,0.110782
0.44,F2_p50,0.213792,0.4279,ACT,0.213792,0.223061,0.333843,1,0.110782
0.44,F2_p50,0.213792,0.4289,ACT,0.213792,0.223061,0.333843,1,0.110782
0.44,F2_p50,0.213792,0.4299,ACT,0.213792,0.223061,0.333843,1,0.110782
0.44,F2_p50,0.213792,0.4309,ACT,0.213792,0.223061,0.333843,1,0.110782
0.44,F2_p50,0.213792,0.4319,ACT,0.213792,0.223061,0.333843,1,0.110782
0.44,F2_p50,0.213792,0.4329,ACT,0.213792,0.223061,0.333843,1,0.110782
0.44,F2_p50,0.213792,0.4339,ACT,0.213792,0.223061,0.333843,1,0.110782
0.44,F2_p50,0.213792,0.4349,ACT,0.213792,0.223061,0.333843,1,0.110782
0.44,F2_p50,0.213792,0.4359,ACT,0.213792,0.223061,0.333843,1,0.110782
0.44,F2_p50,0.213792,0.4369,ACT,0.213792,0.223061,0.333843,1,0.110782
0.44,F2_p50,0.213792,0.4379,ACT,0.213792,0.223061,0.333843,1,0.110782
0.44,F2_p50,0.213792,0.4389,ACT,0.213792,0.223061,0.333843,1,0.110782
0.44,F2_p50,0.213792,0.4399,ACT,0.213792,0.223061,0.333843,1,0.110782
0.44,F2_p50,0.213792,0.4409,ACT,0.213792,0.223061,0.333843,1,0.110782
0.44,F2_p50,0.213792,0.4419,ACT,0.213792,0.223061,0.333843,1,0.110782
0.44,F2_p50,0.213792,0.4429,ACT,0.213792,0.223061,0.333843,1,0.110782
0.44,F2_p50,0.213792,0.4439,ACT,0.213792,0.223061,0.333843,1,0.110782
0.44,F2_p50,0.213792,0.4449,ACT,0.213792,0.223061,0.333843,1,0.110782
0.44,F2_p50,0.213792,0.4459,ACT,0.213792,0.223061,0.333843,1,0.110782
0.44,F2_p50,0.213792,0.4469,ACT,0.213792,0.223061,0.333843,1,0.110782
0.44,F2_p50,0.213792,0.4479,ACT,0.213792,0.223061,0.333843,1,0.110782
0.44,F2_p50,0.213792,0.4489,ACT,0.213792,0.223061,0.333843,1,0.110782
0.44,F2_p50,0.213792,0.4499,ACT,0.213792,0.223061,0.333843,1,0.110782
0.44,F2_p50,0.213792,0.4509,ACT,0.213792,0.223061,0.333843,1,0.110782
0.44,F2_p50,0.213792,0.4519,ACT,0.213792,0.223061,0.333843,1,0.110782
0.44,F2_p50,0.213792,0.4529,ACT,0.213792,0.223061,0.333843,1,0.110782
0.44,F2_p50,0.213792,0.4539,ACT,0.213792,0.223061,0.333843,1,0.110782
0.44,F2_p50,0.213792,0.4549,ACT,0.213792,0.223061,0.333843,1,0.110782
0.44,F2_p50,0.213792,0.4559,ACT,0.213792,0.223061,0.333843,1,0.110782
0.44,F2_p50,0.213792,0.4569,ACT,0.213792,0.223061,0.333843,1,0.110782
0.44,F2_p50,0.213792,0.4579,ACT,0.213792,0.223061,0.333843,1,0.110782
0.44,F2_p50,0.213792,0.4589,ACT,0.213792,0.223061,0.333843,1,0.110782
0.44,F2_p50,0.213792,0.4599,ACT,0.213792,0.223061,0.333843,1,0.110782
0.44,F2_p50,0.213792,0.4609,ACT,0.213792,0.223061,0.333843,1,0.110782
0.44,F2_p50,0.213792,0.4619,ACT,0.213792,0.223061,0.333843,1,0.110782
0.44,F2_p50,0.213792,0.4629,ACT,0.213792,0.223061,0.333843,1,0.110782
0.44,F2_p50,0.213792,0.4639,ACT,0.213792,0.223061,0.333843,1,0.110782
0.44,F2_p50,0.213792,0.4649,ACT,0.213792,0.223061,0.333843,1,0.110782
0.44,F2_p50,0.213792,0.4659,ACT,0.213792,0.223061,0.333843,1,0.110782
0.44,F2_p50,0.213792,0.4669,ACT,0.213792,0.223061,0.333843,1,0.110782
0.44,F2_p50,0.213792,0.4679,ACT,0.213792,0.223061,0.333843,1,0.110782
0.44,F2_p50,0.213792,0.4689,ACT,0.213792,0.223061,0.333843,1,0.110782
0.44,F2_p50,0.213792,0.4699,ACT,0.213792,0.223061,0.333843,1,0.110782
0.44,F2_p50,0.213792,0.4709,ACT,0.213792,0.223061,0.333843,1,0.110782
0.44,F2_p50,0.213792,0.4719,ACT,0.213792,0.223061,0.333843,1,0.110782
0.44,F2_p50,0.213792,0.4729,ACT,0.213792,0.223061,0.333843,1,0.110782
0.44,F2_p50,0.213792,0.4739,ACT,0.213792,0.223061,0.333843,1,0.110782
0.44,F2_p50,0.213792,0.4749,ACT,0.213792,0.223061,0.333843,1,0.110782
0.44,F2_p50,0.213792,0.476,ACT,0.213792,0.223061,0.333843,1,0.110782
0.44,F2_p50,0.213792,0.477,ACT,0.213792,0.223061,0.333843,1,0.110782
0.44,F2_p50,0.213792,0.478,ACT,0.213792,0.223061,0.333843,1,0.110782
0.44,F2_p50,0.213792,0.479,ACT,0.213792,0.223061,0.333843,1,0.110782
0.44,F2_p50,0.213792,0.48,ACT,0.213792,0.223061,0.333843,1,0.110782
0.44,F2_p50,0.213792,0.481,ACT,0.213792,0.223061,0.333843,1,0.110782
0.44,F2_p50,0.213792,0.482,ACT,0.213792,0.223061,0.333843,1,0.110782
0.44,F2_p50,0.213792,0.483,ACT,0.213792,0.223061,0.333843,1,0.110782
0.44,F2_p50,0.213792,0.484,ACT,0.213792,0.223061,0.333843,1,0.110782
0.44,F2_p50,0.213792,0.485,ACT,0.213792,0.223061,0.333843,1,0.110782
0.44,F2_p50,0.213792,0.486,ACT,0.213792,0.223061,0.333843,1,0.110782
0.44,F2_p50,0.213792,0.487,ACT,0.213792,0.223061,0.333843,1,0.110782
0.44,F2_p50,0.213792,0.488,ACT,0.213792,0.223061,0.333843,1,0.110782
0.44,F2_p50,0.213792,0.489,ACT,0.213792,0.223061,0.333843,1,0.110782
0.44,F2_p50,0.213792,0.49,ACT,0.213792,0.223061,0.333843,1,0.110782
0.44,F2_p50,0.213792,0.491,ACT,0.213792,0.223061,0.333843,1,0.110782
0.44,F2_p50,0.213792,0.492,ACT,0.213792,0.223061,0.333843,1,0.110782
0.44,F2_p50,0.213792,0.493,ACT,0.213792,0.223061,0.333843,1,0.110782
0.44,F2_p50,0.213792,0.494,ACT,0.213792,0.223061,0.333843,1,0.110782
0.44,F2_p50,0.213792,0.495,ACT,0.213792,0.223061,0.333843,1,0.110782
0.44,F2_p50,0.213792,0.496,ACT,0.213792,0.223061,0.333843,1,0.110782
0.44,F2_p50,0.213792,0.497,ACT,0.213792,0.223061,0.333843,1,0.110782
0.44,F2_p50,0.213792,0.498,ACT,0.213792,0.223061,0.333843,1,0.110782
0.44,F2_p50,0.213792,0.499,ACT,0.213792,0.223061,0.333843,1,0.110782
0.44,F2_p50,0.213792,0.5,ACT,0.213792,0.223061,0.333843,1,0.110782
0.44,F3_p75,0.266253,0.0,REFUSE,0.266253,0.223061,0.333843,1,0.110782
0.44,F3_p75,0.266253,0.001,REFUSE,0.266253,0.223061,0.333843,1,0.110782
0.44,F3_p75,0.266253,0.002,REFUSE,0.266253,0.223061,0.333843,1,0.110782
0.44,F3_p75,0.266253,0.003,REFUSE,0.266253,0.223061,0.333843,1,0.110782
0.44,F3_p75,0.266253,0.004,REFUSE,0.266253,0.223061,0.333843,1,0.110782
0.44,F3_p75,0.266253,0.005,REFUSE,0.266253,0.223061,0.333843,1,0.110782
0.44,F3_p75,0.266253,0.006,REFUSE,0.266253,0.223061,0.333843,1,0.110782
0.44,F3_p75,0.266253,0.007,REFUSE,0.266253,0.223061,0.333843,1,0.110782
0.44,F3_p75,0.266253,0.008,REFUSE,0.266253,0.223061,0.333843,1,0.110782
0.44,F3_p75,0.266253,0.009,REFUSE,0.266253,0.223061,0.333843,1,0.110782
0.44,F3_p75,0.266253,0.01,REFUSE,0.266253,0.223061,0.333843,1,0.110782
0.44,F3_p75,0.266253,0.011,REFUSE,0.266253,0.223061,0.333843,1,0.110782
0.44,F3_p75,0.266253,0.012,REFUSE,0.266253,0.223061,0.333843,1,0.110782
0.44,F3_p75,0.266253,0.013,REFUSE,0.266253,0.223061,0.333843,1,0.110782
0.44,F3_p75,0.266253,0.014,REFUSE,0.266253,0.223061,0.333843,1,0.110782
0.44,F3_p75,0.266253,0.015,REFUSE,0.266253,0.223061,0.333843,1,0.110782
0.44,F3_p75,0.266253,0.016,REFUSE,0.266253,0.223061,0.333843,1,0.110782
0.44,F3_p75,0.266253,0.017,REFUSE,0.266253,0.223061,0.333843,1,0.110782
0.44,F3_p75,0.266253,0.018,REFUSE,0.266253,0.223061,0.333843,1,0.110782
0.44,F3_p75,0.266253,0.019,REFUSE,0.266253,0.223061,0.333843,1,0.110782
0.44,F3_p75,0.266253,0.02,REFUSE,0.266253,0.223061,0.333843,1,0.110782
0.44,F3_p75,0.266253,0.021,REFUSE,0.266253,0.223061,0.333843,1,0.110782
0.44,F3_p75,0.266253,0.022,REFUSE,0.266253,0.223061,0.333843,1,0.110782
0.44,F3_p75,0.266253,0.023,REFUSE,0.266253,0.223061,0.333843,1,0.110782
0.44,F3_p75,0.266253,0.024,REFUSE,0.266253,0.223061,0.333843,1,0.110782
0.44,F3_p75,0.266253,0.0251,REFUSE,0.266253,0.223061,0.333843,1,0.110782
0.44,F3_p75,0.266253,0.0261,REFUSE,0.266253,0.223061,0.333843,1,0.110782
0.44,F3_p75,0.266253,0.0271,REFUSE,0.266253,0.223061,0.333843,1,0.110782
0.44,F3_p75,0.266253,0.0281,REFUSE,0.266253,0.223061,0.333843,1,0.110782
0.44,F3_p75,0.266253,0.0291,REFUSE,0.266253,0.223061,0.333843,1,0.110782
0.44,F3_p75,0.266253,0.0301,REFUSE,0.266253,0.223061,0.333843,1,0.110782
0.44,F3_p75,0.266253,0.0311,REFUSE,0.266253,0.223061,0.333843,1,0.110782
0.44,F3_p75,0.266253,0.0321,REFUSE,0.266253,0.223061,0.333843,1,0.110782
0.44,F3_p75,0.266253,0.0331,REFUSE,0.266253,0.223061,0.333843,1,0.110782
0.44,F3_p75,0.266253,0.0341,REFUSE,0.266253,0.223061,0.333843,1,0.110782
0.44,F3_p75,0.266253,0.0351,REFUSE,0.266253,0.223061,0.333843,1,0.110782
0.44,F3_p75,0.266253,0.0361,REFUSE,0.266253,0.223061,0.333843,1,0.110782
0.44,F3_p75,0.266253,0.0371,REFUSE,0.266253,0.223061,0.333843,1,0.110782
0.44,F3_p75,0.266253,0.0381,REFUSE,0.266253,0.223061,0.333843,1,0.110782
0.44,F3_p75,0.266253,0.0391,REFUSE,0.266253,0.223061,0.333843,1,0.110782
0.44,F3_p75,0.266253,0.0401,REFUSE,0.266253,0.223061,0.333843,1,0.110782
0.44,F3_p75,0.266253,0.0411,REFUSE,0.266253,0.223061,0.333843,1,0.110782
0.44,F3_p75,0.266253,0.0421,REFUSE,0.266253,0.223061,0.333843,1,0.110782
0.44,F3_p75,0.266253,0.0431,REFUSE,0.266253,0.223061,0.333843,1,0.110782
0.44,F3_p75,0.266253,0.0441,REFUSE,0.266253,0.223061,0.333843,1,0.110782
0.44,F3_p75,0.266253,0.0451,REFUSE,0.266253,0.223061,0.333843,1,0.110782
0.44,F3_p75,0.266253,0.0461,REFUSE,0.266253,0.223061,0.333843,1,0.110782
0.44,F3_p75,0.266253,0.0471,REFUSE,0.266253,0.223061,0.333843,1,0.110782
0.44,F3_p75,0.266253,0.0481,REFUSE,0.266253,0.223061,0.333843,1,0.110782
0.44,F3_p75,0.266253,0.0491,REFUSE,0.266253,0.223061,0.333843,1,0.110782
0.44,F3_p75,0.266253,0.0501,REFUSE,0.266253,0.223061,0.333843,1,0.110782
0.44,F3_p75,0.266253,0.0511,REFUSE,0.266253,0.223061,0.333843,1,0.110782
0.44,F3_p75,0.266253,0.0521,REFUSE,0.266253,0.223061,0.333843,1,0.110782
0.44,F3_p75,0.266253,0.0531,REFUSE,0.266253,0.223061,0.333843,1,0.110782
0.44,F3_p75,0.266253,0.0541,REFUSE,0.266253,0.223061,0.333843,1,0.110782
0.44,F3_p75,0.266253,0.0551,REFUSE,0.266253,0.223061,0.333843,1,0.110782
0.44,F3_p75,0.266253,0.0561,REFUSE,0.266253,0.223061,0.333843,1,0.110782
0.44,F3_p75,0.266253,0.0571,REFUSE,0.266253,0.223061,0.333843,1,0.110782
0.44,F3_p75,0.266253,0.0581,REFUSE,0.266253,0.223061,0.333843,1,0.110782
0.44,F3_p75,0.266253,0.0591,REFUSE,0.266253,0.223061,0.333843,1,0.110782
0.44,F3_p75,0.266253,0.0601,REFUSE,0.266253,0.223061,0.333843,1,0.110782
0.44,F3_p75,0.266253,0.0611,REFUSE,0.266253,0.223061,0.333843,1,0.110782
0.44,F3_p75,0.266253,0.0621,REFUSE,0.266253,0.223061,0.333843,1,0.110782
0.44,F3_p75,0.266253,0.0631,REFUSE,0.266253,0.223061,0.333843,1,0.110782
0.44,F3_p75,0.266253,0.0641,REFUSE,0.266253,0.223061,0.333843,1,0.110782
0.44,F3_p75,0.266253,0.0651,REFUSE,0.266253,0.223061,0.333843,1,0.110782
0.44,F3_p75,0.266253,0.0661,REFUSE,0.266253,0.223061,0.333843,1,0.110782
0.44,F3_p75,0.266253,0.0671,REFUSE,0.266253,0.223061,0.333843,1,0.110782
0.44,F3_p75,0.266253,0.0681,REFUSE,0.266253,0.223061,0.333843,1,0.110782
0.44,F3_p75,0.266253,0.0691,REFUSE,0.266253,0.223061,0.333843,1,0.110782
0.44,F3_p75,0.266253,0.0701,REFUSE,0.266253,0.223061,0.333843,1,0.110782
0.44,F3_p75,0.266253,0.0711,REFUSE,0.266253,0.223061,0.333843,1,0.110782
0.44,F3_p75,0.266253,0.0721,REFUSE,0.266253,0.223061,0.333843,1,0.110782
0.44,F3_p75,0.266253,0.0731,REFUSE,0.266253,0.223061,0.333843,1,0.110782
0.44,F3_p75,0.266253,0.0741,REFUSE,0.266253,0.223061,0.333843,1,0.110782
0.44,F3_p75,0.266253,0.0752,REFUSE,0.266253,0.223061,0.333843,1,0.110782
0.44,F3_p75,0.266253,0.0762,REFUSE,0.266253,0.223061,0.333843,1,0.110782
0.44,F3_p75,0.266253,0.0772,REFUSE,0.266253,0.223061,0.333843,1,0.110782
0.44,F3_p75,0.266253,0.0782,REFUSE,0.266253,0.223061,0.333843,1,0.110782
0.44,F3_p75,0.266253,0.0792,REFUSE,0.266253,0.223061,0.333843,1,0.110782
0.44,F3_p75,0.266253,0.0802,REFUSE,0.266253,0.223061,0.333843,1,0.110782
0.44,F3_p75,0.266253,0.0812,REFUSE,0.266253,0.223061,0.333843,1,0.110782
0.44,F3_p75,0.266253,0.0822,REFUSE,0.266253,0.223061,0.333843,1,0.110782
0.44,F3_p75,0.266253,0.0832,REFUSE,0.266253,0.223061,0.333843,1,0.110782
0.44,F3_p75,0.266253,0.0842,REFUSE,0.266253,0.223061,0.333843,1,0.110782
0.44,F3_p75,0.266253,0.0852,REFUSE,0.266253,0.223061,0.333843,1,0.110782
0.44,F3_p75,0.266253,0.0862,REFUSE,0.266253,0.223061,0.333843,1,0.110782
0.44,F3_p75,0.266253,0.0872,REFUSE,0.266253,0.223061,0.333843,1,0.110782
0.44,F3_p75,0.266253,0.0882,REFUSE,0.266253,0.223061,0.333843,1,0.110782
0.44,F3_p75,0.266253,0.0892,REFUSE,0.266253,0.223061,0.333843,1,0.110782
0.44,F3_p75,0.266253,0.0902,REFUSE,0.266253,0.223061,0.333843,1,0.110782
0.44,F3_p75,0.266253,0.0912,REFUSE,0.266253,0.223061,0.333843,1,0.110782
0.44,F3_p75,0.266253,0.0922,REFUSE,0.266253,0.223061,0.333843,1,0.110782
0.44,F3_p75,0.266253,0.0932,REFUSE,0.266253,0.223061,0.333843,1,0.110782
0.44,F3_p75,0.266253,0.0942,REFUSE,0.266253,0.223061,0.333843,1,0.110782
0.44,F3_p75,0.266253,0.0952,REFUSE,0.266253,0.223061,0.333843,1,0.110782
0.44,F3_p75,0.266253,0.0962,REFUSE,0.266253,0.223061,0.333843,1,0.110782
0.44,F3_p75,0.266253,0.0972,REFUSE,0.266253,0.223061,0.333843,1,0.110782
0.44,F3_p75,0.266253,0.0982,REFUSE,0.266253,0.223061,0.333843,1,0.110782
0.44,F3_p75,0.266253,0.0992,REFUSE,0.266253,0.223061,0.333843,1,0.110782
0.44,F3_p75,0.266253,0.1002,REFUSE,0.266253,0.223061,0.333843,1,0.110782
0.44,F3_p75,0.266253,0.1012,REFUSE,0.266253,0.223061,0.333843,1,0.110782
0.44,F3_p75,0.266253,0.1022,REFUSE,0.266253,0.223061,0.333843,1,0.110782
0.44,F3_p75,0.266253,0.1032,REFUSE,0.266253,0.223061,0.333843,1,0.110782
0.44,F3_p75,0.266253,0.1042,REFUSE,0.266253,0.223061,0.333843,1,0.110782
0.44,F3_p75,0.266253,0.1052,REFUSE,0.266253,0.223061,0.333843,1,0.110782
0.44,F3_p75,0.266253,0.1062,REFUSE,0.266253,0.223061,0.333843,1,0.110782
0.44,F3_p75,0.266253,0.1072,REFUSE,0.266253,0.223061,0.333843,1,0.110782
0.44,F3_p75,0.266253,0.1082,REFUSE,0.266253,0.223061,0.333843,1,0.110782
0.44,F3_p75,0.266253,0.1092,REFUSE,0.266253,0.223061,0.333843,1,0.110782
0.44,F3_p75,0.266253,0.1102,REFUSE,0.266253,0.223061,0.333843,1,0.110782
0.44,F3_p75,0.266253,0.1112,REFUSE,0.266253,0.223061,0.333843,1,0.110782
0.44,F3_p75,0.266253,0.1122,REFUSE,0.266253,0.223061,0.333843,1,0.110782
0.44,F3_p75,0.266253,0.1132,REFUSE,0.266253,0.223061,0.333843,1,0.110782
0.44,F3_p75,0.266253,0.1142,REFUSE,0.266253,0.223061,0.333843,1,0.110782
0.44,F3_p75,0.266253,0.1152,REFUSE,0.266253,0.223061,0.333843,1,0.110782
0.44,F3_p75,0.266253,0.1162,REFUSE,0.266253,0.223061,0.333843,1,0.110782
0.44,F3_p75,0.266253,0.1172,REFUSE,0.266253,0.223061,0.333843,1,0.110782
0.44,F3_p75,0.266253,0.1182,REFUSE,0.266253,0.223061,0.333843,1,0.110782
0.44,F3_p75,0.266253,0.1192,REFUSE,0.266253,0.223061,0.333843,1,0.110782
0.44,F3_p75,0.266253,0.1202,REFUSE,0.266253,0.223061,0.333843,1,0.110782
0.44,F3_p75,0.266253,0.1212,REFUSE,0.266253,0.223061,0.333843,1,0.110782
0.44,F3_p75,0.266253,0.1222,REFUSE,0.266253,0.223061,0.333843,1,0.110782
0.44,F3_p75,0.266253,0.1232,REFUSE,0.266253,0.223061,0.333843,1,0.110782
0.44,F3_p75,0.266253,0.1242,REFUSE,0.266253,0.223061,0.333843,1,0.110782
0.44,F3_p75,0.266253,0.1253,REFUSE,0.266253,0.223061,0.333843,1,0.110782
0.44,F3_p75,0.266253,0.1263,REFUSE,0.266253,0.223061,0.333843,1,0.110782
0.44,F3_p75,0.266253,0.1273,REFUSE,0.266253,0.223061,0.333843,1,0.110782
0.44,F3_p75,0.266253,0.1283,REFUSE,0.266253,0.223061,0.333843,1,0.110782
0.44,F3_p75,0.266253,0.1293,REFUSE,0.266253,0.223061,0.333843,1,0.110782
0.44,F3_p75,0.266253,0.1303,REFUSE,0.266253,0.223061,0.333843,1,0.110782
0.44,F3_p75,0.266253,0.1313,REFUSE,0.266253,0.223061,0.333843,1,0.110782
0.44,F3_p75,0.266253,0.1323,REFUSE,0.266253,0.223061,0.333843,1,0.110782
0.44,F3_p75,0.266253,0.1333,REFUSE,0.266253,0.223061,0.333843,1,0.110782
0.44,F3_p75,0.266253,0.1343,REFUSE,0.266253,0.223061,0.333843,1,0.110782
0.44,F3_p75,0.266253,0.1353,REFUSE,0.266253,0.223061,0.333843,1,0.110782
0.44,F3_p75,0.266253,0.1363,REFUSE,0.266253,0.223061,0.333843,1,0.110782
0.44,F3_p75,0.266253,0.1373,REFUSE,0.266253,0.223061,0.333843,1,0.110782
0.44,F3_p75,0.266253,0.1383,REFUSE,0.266253,0.223061,0.333843,1,0.110782
0.44,F3_p75,0.266253,0.1393,REFUSE,0.266253,0.223061,0.333843,1,0.110782
0.44,F3_p75,0.266253,0.1403,REFUSE,0.266253,0.223061,0.333843,1,0.110782
0.44,F3_p75,0.266253,0.1413,REFUSE,0.266253,0.223061,0.333843,1,0.110782
0.44,F3_p75,0.266253,0.1423,REFUSE,0.266253,0.223061,0.333843,1,0.110782
0.44,F3_p75,0.266253,0.1433,REFUSE,0.266253,0.223061,0.333843,1,0.110782
0.44,F3_p75,0.266253,0.1443,REFUSE,0.266253,0.223061,0.333843,1,0.110782
0.44,F3_p75,0.266253,0.1453,REFUSE,0.266253,0.223061,0.333843,1,0.110782
0.44,F3_p75,0.266253,0.1463,REFUSE,0.266253,0.223061,0.333843,1,0.110782
0.44,F3_p75,0.266253,0.1473,REFUSE,0.266253,0.223061,0.333843,1,0.110782
0.44,F3_p75,0.266253,0.1483,REFUSE,0.266253,0.223061,0.333843,1,0.110782
0.44,F3_p75,0.266253,0.1493,REFUSE,0.266253,0.223061,0.333843,1,0.110782
0.44,F3_p75,0.266253,0.1503,REFUSE,0.266253,0.223061,0.333843,1,0.110782
0.44,F3_p75,0.266253,0.1513,REFUSE,0.266253,0.223061,0.333843,1,0.110782
0.44,F3_p75,0.266253,0.1523,REFUSE,0.266253,0.223061,0.333843,1,0.110782
0.44,F3_p75,0.266253,0.1533,REFUSE,0.266253,0.223061,0.333843,1,0.110782
0.44,F3_p75,0.266253,0.1543,REFUSE,0.266253,0.223061,0.333843,1,0.110782
0.44,F3_p75,0.266253,0.1553,REFUSE,0.266253,0.223061,0.333843,1,0.110782
0.44,F3_p75,0.266253,0.1563,REFUSE,0.266253,0.223061,0.333843,1,0.110782
0.44,F3_p75,0.266253,0.1573,REFUSE,0.266253,0.223061,0.333843,1,0.110782
0.44,F3_p75,0.266253,0.1583,REFUSE,0.266253,0.223061,0.333843,1,0.110782
0.44,F3_p75,0.266253,0.1593,REFUSE,0.266253,0.223061,0.333843,1,0.110782
0.44,F3_p75,0.266253,0.1603,REFUSE,0.266253,0.223061,0.333843,1,0.110782
0.44,F3_p75,0.266253,0.1613,REFUSE,0.266253,0.223061,0.333843,1,0.110782
0.44,F3_p75,0.266253,0.1623,REFUSE,0.266253,0.223061,0.333843,1,0.110782
0.44,F3_p75,0.266253,0.1633,REFUSE,0.266253,0.223061,0.333843,1,0.110782
0.44,F3_p75,0.266253,0.1643,REFUSE,0.266253,0.223061,0.333843,1,0.110782
0.44,F3_p75,0.266253,0.1653,REFUSE,0.266253,0.223061,0.333843,1,0.110782
0.44,F3_p75,0.266253,0.1663,REFUSE,0.266253,0.223061,0.333843,1,0.110782
0.44,F3_p75,0.266253,0.1673,REFUSE,0.266253,0.223061,0.333843,1,0.110782
0.44,F3_p75,0.266253,0.1683,REFUSE,0.266253,0.223061,0.333843,1,0.110782
0.44,F3_p75,0.266253,0.1693,REFUSE,0.266253,0.223061,0.333843,1,0.110782
0.44,F3_p75,0.266253,0.1703,REFUSE,0.266253,0.223061,0.333843,1,0.110782
0.44,F3_p75,0.266253,0.1713,REFUSE,0.266253,0.223061,0.333843,1,0.110782
0.44,F3_p75,0.266253,0.1723,REFUSE,0.266253,0.223061,0.333843,1,0.110782
0.44,F3_p75,0.266253,0.1733,REFUSE,0.266253,0.223061,0.333843,1,0.110782
0.44,F3_p75,0.266253,0.1743,REFUSE,0.266253,0.223061,0.333843,1,0.110782
0.44,F3_p75,0.266253,0.1754,REFUSE,0.266253,0.223061,0.333843,1,0.110782
0.44,F3_p75,0.266253,0.1764,REFUSE,0.266253,0.223061,0.333843,1,0.110782
0.44,F3_p75,0.266253,0.1774,REFUSE,0.266253,0.223061,0.333843,1,0.110782
0.44,F3_p75,0.266253,0.1784,REFUSE,0.266253,0.223061,0.333843,1,0.110782
0.44,F3_p75,0.266253,0.1794,REFUSE,0.266253,0.223061,0.333843,1,0.110782
0.44,F3_p75,0.266253,0.1804,REFUSE,0.266253,0.223061,0.333843,1,0.110782
0.44,F3_p75,0.266253,0.1814,REFUSE,0.266253,0.223061,0.333843,1,0.110782
0.44,F3_p75,0.266253,0.1824,REFUSE,0.266253,0.223061,0.333843,1,0.110782
0.44,F3_p75,0.266253,0.1834,REFUSE,0.266253,0.223061,0.333843,1,0.110782
0.44,F3_p75,0.266253,0.1844,REFUSE,0.266253,0.223061,0.333843,1,0.110782
0.44,F3_p75,0.266253,0.1854,REFUSE,0.266253,0.223061,0.333843,1,0.110782
0.44,F3_p75,0.266253,0.1864,REFUSE,0.266253,0.223061,0.333843,1,0.110782
0.44,F3_p75,0.266253,0.1874,REFUSE,0.266253,0.223061,0.333843,1,0.110782
0.44,F3_p75,0.266253,0.1884,REFUSE,0.266253,0.223061,0.333843,1,0.110782
0.44,F3_p75,0.266253,0.1894,REFUSE,0.266253,0.223061,0.333843,1,0.110782
0.44,F3_p75,0.266253,0.1904,REFUSE,0.266253,0.223061,0.333843,1,0.110782
0.44,F3_p75,0.266253,0.1914,REFUSE,0.266253,0.223061,0.333843,1,0.110782
0.44,F3_p75,0.266253,0.1924,REFUSE,0.266253,0.223061,0.333843,1,0.110782
0.44,F3_p75,0.266253,0.1934,REFUSE,0.266253,0.223061,0.333843,1,0.110782
0.44,F3_p75,0.266253,0.1944,REFUSE,0.266253,0.223061,0.333843,1,0.110782
0.44,F3_p75,0.266253,0.1954,REFUSE,0.266253,0.223061,0.333843,1,0.110782
0.44,F3_p75,0.266253,0.1964,REFUSE,0.266253,0.223061,0.333843,1,0.110782
0.44,F3_p75,0.266253,0.1974,REFUSE,0.266253,0.223061,0.333843,1,0.110782
0.44,F3_p75,0.266253,0.1984,REFUSE,0.266253,0.223061,0.333843,1,0.110782
0.44,F3_p75,0.266253,0.1994,REFUSE,0.266253,0.223061,0.333843,1,0.110782
0.44,F3_p75,0.266253,0.2004,REFUSE,0.266253,0.223061,0.333843,1,0.110782
0.44,F3_p75,0.266253,0.2014,REFUSE,0.266253,0.223061,0.333843,1,0.110782
0.44,F3_p75,0.266253,0.2024,REFUSE,0.266253,0.223061,0.333843,1,0.110782
0.44,F3_p75,0.266253,0.2034,REFUSE,0.266253,0.223061,0.333843,1,0.110782
0.44,F3_p75,0.266253,0.2044,REFUSE,0.266253,0.223061,0.333843,1,0.110782
0.44,F3_p75,0.266253,0.2054,REFUSE,0.266253,0.223061,0.333843,1,0.110782
0.44,F3_p75,0.266253,0.2064,REFUSE,0.266253,0.223061,0.333843,1,0.110782
0.44,F3_p75,0.266253,0.2074,REFUSE,0.266253,0.223061,0.333843,1,0.110782
0.44,F3_p75,0.266253,0.2084,REFUSE,0.266253,0.223061,0.333843,1,0.110782
0.44,F3_p75,0.266253,0.2094,REFUSE,0.266253,0.223061,0.333843,1,0.110782
0.44,F3_p75,0.266253,0.2104,REFUSE,0.266253,0.223061,0.333843,1,0.110782
0.44,F3_p75,0.266253,0.2114,REFUSE,0.266253,0.223061,0.333843,1,0.110782
0.44,F3_p75,0.266253,0.2124,REFUSE,0.266253,0.223061,0.333843,1,0.110782
0.44,F3_p75,0.266253,0.2134,REFUSE,0.266253,0.223061,0.333843,1,0.110782
0.44,F3_p75,0.266253,0.2144,REFUSE,0.266253,0.223061,0.333843,1,0.110782
0.44,F3_p75,0.266253,0.2154,REFUSE,0.266253,0.223061,0.333843,1,0.110782
0.44,F3_p75,0.266253,0.2164,REFUSE,0.266253,0.223061,0.333843,1,0.110782
0.44,F3_p75,0.266253,0.2174,REFUSE,0.266253,0.223061,0.333843,1,0.110782
0.44,F3_p75,0.266253,0.2184,REFUSE,0.266253,0.223061,0.333843,1,0.110782
0.44,F3_p75,0.266253,0.2194,REFUSE,0.266253,0.223061,0.333843,1,0.110782
0.44,F3_p75,0.266253,0.2204,REFUSE,0.266253,0.223061,0.333843,1,0.110782
0.44,F3_p75,0.266253,0.2214,REFUSE,0.266253,0.223061,0.333843,1,0.110782
0.44,F3_p75,0.266253,0.2224,REFUSE,0.266253,0.223061,0.333843,1,0.110782
0.44,F3_p75,0.266253,0.2234,REFUSE,0.266253,0.223061,0.333843,1,0.110782
0.44,F3_p75,0.266253,0.2244,REFUSE,0.266253,0.223061,0.333843,1,0.110782
0.44,F3_p75,0.266253,0.2255,REFUSE,0.266253,0.223061,0.333843,1,0.110782
0.44,F3_p75,0.266253,0.2265,REFUSE,0.266253,0.223061,0.333843,1,0.110782
0.44,F3_p75,0.266253,0.2275,REFUSE,0.266253,0.223061,0.333843,1,0.110782
0.44,F3_p75,0.266253,0.2285,REFUSE,0.266253,0.223061,0.333843,1,0.110782
0.44,F3_p75,0.266253,0.2295,REFUSE,0.266253,0.223061,0.333843,1,0.110782
0.44,F3_p75,0.266253,0.2305,REFUSE,0.266253,0.223061,0.333843,1,0.110782
0.44,F3_p75,0.266253,0.2315,REFUSE,0.266253,0.223061,0.333843,1,0.110782
0.44,F3_p75,0.266253,0.2325,REFUSE,0.266253,0.223061,0.333843,1,0.110782
0.44,F3_p75,0.266253,0.2335,REFUSE,0.266253,0.223061,0.333843,1,0.110782
0.44,F3_p75,0.266253,0.2345,REFUSE,0.266253,0.223061,0.333843,1,0.110782
0.44,F3_p75,0.266253,0.2355,REFUSE,0.266253,0.223061,0.333843,1,0.110782
0.44,F3_p75,0.266253,0.2365,REFUSE,0.266253,0.223061,0.333843,1,0.110782
0.44,F3_p75,0.266253,0.2375,REFUSE,0.266253,0.223061,0.333843,1,0.110782
0.44,F3_p75,0.266253,0.2385,REFUSE,0.266253,0.223061,0.333843,1,0.110782
0.44,F3_p75,0.266253,0.2395,REFUSE,0.266253,0.223061,0.333843,1,0.110782
0.44,F3_p75,0.266253,0.2405,REFUSE,0.266253,0.223061,0.333843,1,0.110782
0.44,F3_p75,0.266253,0.2415,REFUSE,0.266253,0.223061,0.333843,1,0.110782
0.44,F3_p75,0.266253,0.2425,REFUSE,0.266253,0.223061,0.333843,1,0.110782
0.44,F3_p75,0.266253,0.2435,REFUSE,0.266253,0.223061,0.333843,1,0.110782
0.44,F3_p75,0.266253,0.2445,REFUSE,0.266253,0.223061,0.333843,1,0.110782
0.44,F3_p75,0.266253,0.2455,REFUSE,0.266253,0.223061,0.333843,1,0.110782
0.44,F3_p75,0.266253,0.2465,REFUSE,0.266253,0.223061,0.333843,1,0.110782
0.44,F3_p75,0.266253,0.2475,REFUSE,0.266253,0.223061,0.333843,1,0.110782
0.44,F3_p75,0.266253,0.2485,REFUSE,0.266253,0.223061,0.333843,1,0.110782
0.44,F3_p75,0.266253,0.2495,REFUSE,0.266253,0.223061,0.333843,1,0.110782
0.44,F3_p75,0.266253,0.2505,REFUSE,0.266253,0.223061,0.333843,1,0.110782
0.44,F3_p75,0.266253,0.2515,REFUSE,0.266253,0.223061,0.333843,1,0.110782
0.44,F3_p75,0.266253,0.2525,REFUSE,0.266253,0.223061,0.333843,1,0.110782
0.44,F3_p75,0.266253,0.2535,REFUSE,0.266253,0.223061,0.333843,1,0.110782
0.44,F3_p75,0.266253,0.2545,REFUSE,0.266253,0.223061,0.333843,1,0.110782
0.44,F3_p75,0.266253,0.2555,REFUSE,0.266253,0.223061,0.333843,1,0.110782
0.44,F3_p75,0.266253,0.2565,REFUSE,0.266253,0.223061,0.333843,1,0.110782
0.44,F3_p75,0.266253,0.2575,REFUSE,0.266253,0.223061,0.333843,1,0.110782
0.44,F3_p75,0.266253,0.2585,REFUSE,0.266253,0.223061,0.333843,1,0.110782
0.44,F3_p75,0.266253,0.2595,REFUSE,0.266253,0.223061,0.333843,1,0.110782
0.44,F3_p75,0.266253,0.2605,REFUSE,0.266253,0.223061,0.333843,1,0.110782
0.44,F3_p75,0.266253,0.2615,REFUSE,0.266253,0.223061,0.333843,1,0.110782
0.44,F3_p75,0.266253,0.2625,REFUSE,0.266253,0.223061,0.333843,1,0.110782
0.44,F3_p75,0.266253,0.2635,REFUSE,0.266253,0.223061,0.333843,1,0.110782
0.44,F3_p75,0.266253,0.2645,REFUSE,0.266253,0.223061,0.333843,1,0.110782
0.44,F3_p75,0.266253,0.2655,REFUSE,0.266253,0.223061,0.333843,1,0.110782
0.44,F3_p75,0.266253,0.2665,ACT,0.266253,0.223061,0.333843,1,0.110782
0.44,F3_p75,0.266253,0.2675,ACT,0.266253,0.223061,0.333843,1,0.110782
0.44,F3_p75,0.266253,0.2685,ACT,0.266253,0.223061,0.333843,1,0.110782
0.44,F3_p75,0.266253,0.2695,ACT,0.266253,0.223061,0.333843,1,0.110782
0.44,F3_p75,0.266253,0.2705,ACT,0.266253,0.223061,0.333843,1,0.110782
0.44,F3_p75,0.266253,0.2715,ACT,0.266253,0.223061,0.333843,1,0.110782
0.44,F3_p75,0.266253,0.2725,ACT,0.266253,0.223061,0.333843,1,0.110782
0.44,F3_p75,0.266253,0.2735,ACT,0.266253,0.223061,0.333843,1,0.110782
0.44,F3_p75,0.266253,0.2745,ACT,0.266253,0.223061,0.333843,1,0.110782
0.44,F3_p75,0.266253,0.2756,ACT,0.266253,0.223061,0.333843,1,0.110782
0.44,F3_p75,0.266253,0.2766,ACT,0.266253,0.223061,0.333843,1,0.110782
0.44,F3_p75,0.266253,0.2776,ACT,0.266253,0.223061,0.333843,1,0.110782
0.44,F3_p75,0.266253,0.2786,ACT,0.266253,0.223061,0.333843,1,0.110782
0.44,F3_p75,0.266253,0.2796,ACT,0.266253,0.223061,0.333843,1,0.110782
0.44,F3_p75,0.266253,0.2806,ACT,0.266253,0.223061,0.333843,1,0.110782
0.44,F3_p75,0.266253,0.2816,ACT,0.266253,0.223061,0.333843,1,0.110782
0.44,F3_p75,0.266253,0.2826,ACT,0.266253,0.223061,0.333843,1,0.110782
0.44,F3_p75,0.266253,0.2836,ACT,0.266253,0.223061,0.333843,1,0.110782
0.44,F3_p75,0.266253,0.2846,ACT,0.266253,0.223061,0.333843,1,0.110782
0.44,F3_p75,0.266253,0.2856,ACT,0.266253,0.223061,0.333843,1,0.110782
0.44,F3_p75,0.266253,0.2866,ACT,0.266253,0.223061,0.333843,1,0.110782
0.44,F3_p75,0.266253,0.2876,ACT,0.266253,0.223061,0.333843,1,0.110782
0.44,F3_p75,0.266253,0.2886,ACT,0.266253,0.223061,0.333843,1,0.110782
0.44,F3_p75,0.266253,0.2896,ACT,0.266253,0.223061,0.333843,1,0.110782
0.44,F3_p75,0.266253,0.2906,ACT,0.266253,0.223061,0.333843,1,0.110782
0.44,F3_p75,0.266253,0.2916,ACT,0.266253,0.223061,0.333843,1,0.110782
0.44,F3_p75,0.266253,0.2926,ACT,0.266253,0.223061,0.333843,1,0.110782
0.44,F3_p75,0.266253,0.2936,ACT,0.266253,0.223061,0.333843,1,0.110782
0.44,F3_p75,0.266253,0.2946,ACT,0.266253,0.223061,0.333843,1,0.110782
0.44,F3_p75,0.266253,0.2956,ACT,0.266253,0.223061,0.333843,1,0.110782
0.44,F3_p75,0.266253,0.2966,ACT,0.266253,0.223061,0.333843,1,0.110782
0.44,F3_p75,0.266253,0.2976,ACT,0.266253,0.223061,0.333843,1,0.110782
0.44,F3_p75,0.266253,0.2986,ACT,0.266253,0.223061,0.333843,1,0.110782
0.44,F3_p75,0.266253,0.2996,ACT,0.266253,0.223061,0.333843,1,0.110782
0.44,F3_p75,0.266253,0.3006,ACT,0.266253,0.223061,0.333843,1,0.110782
0.44,F3_p75,0.266253,0.3016,ACT,0.266253,0.223061,0.333843,1,0.110782
0.44,F3_p75,0.266253,0.3026,ACT,0.266253,0.223061,0.333843,1,0.110782
0.44,F3_p75,0.266253,0.3036,ACT,0.266253,0.223061,0.333843,1,0.110782
0.44,F3_p75,0.266253,0.3046,ACT,0.266253,0.223061,0.333843,1,0.110782
0.44,F3_p75,0.266253,0.3056,ACT,0.266253,0.223061,0.333843,1,0.110782
0.44,F3_p75,0.266253,0.3066,ACT,0.266253,0.223061,0.333843,1,0.110782
0.44,F3_p75,0.266253,0.3076,ACT,0.266253,0.223061,0.333843,1,0.110782
0.44,F3_p75,0.266253,0.3086,ACT,0.266253,0.223061,0.333843,1,0.110782
0.44,F3_p75,0.266253,0.3096,ACT,0.266253,0.223061,0.333843,1,0.110782
0.44,F3_p75,0.266253,0.3106,ACT,0.266253,0.223061,0.333843,1,0.110782
0.44,F3_p75,0.266253,0.3116,ACT,0.266253,0.223061,0.333843,1,0.110782
0.44,F3_p75,0.266253,0.3126,ACT,0.266253,0.223061,0.333843,1,0.110782
0.44,F3_p75,0.266253,0.3136,ACT,0.266253,0.223061,0.333843,1,0.110782
0.44,F3_p75,0.266253,0.3146,ACT,0.266253,0.223061,0.333843,1,0.110782
0.44,F3_p75,0.266253,0.3156,ACT,0.266253,0.223061,0.333843,1,0.110782
0.44,F3_p75,0.266253,0.3166,ACT,0.266253,0.223061,0.333843,1,0.110782
0.44,F3_p75,0.266253,0.3176,ACT,0.266253,0.223061,0.333843,1,0.110782
0.44,F3_p75,0.266253,0.3186,ACT,0.266253,0.223061,0.333843,1,0.110782
0.44,F3_p75,0.266253,0.3196,ACT,0.266253,0.223061,0.333843,1,0.110782
0.44,F3_p75,0.266253,0.3206,ACT,0.266253,0.223061,0.333843,1,0.110782
0.44,F3_p75,0.266253,0.3216,ACT,0.266253,0.223061,0.333843,1,0.110782
0.44,F3_p75,0.266253,0.3226,ACT,0.266253,0.223061,0.333843,1,0.110782
0.44,F3_p75,0.266253,0.3236,ACT,0.266253,0.223061,0.333843,1,0.110782
0.44,F3_p75,0.266253,0.3246,ACT,0.266253,0.223061,0.333843,1,0.110782
0.44,F3_p75,0.266253,0.3257,ACT,0.266253,0.223061,0.333843,1,0.110782
0.44,F3_p75,0.266253,0.3267,ACT,0.266253,0.223061,0.333843,1,0.110782
0.44,F3_p75,0.266253,0.3277,ACT,0.266253,0.223061,0.333843,1,0.110782
0.44,F3_p75,0.266253,0.3287,ACT,0.266253,0.223061,0.333843,1,0.110782
0.44,F3_p75,0.266253,0.3297,ACT,0.266253,0.223061,0.333843,1,0.110782
0.44,F3_p75,0.266253,0.3307,ACT,0.266253,0.223061,0.333843,1,0.110782
0.44,F3_p75,0.266253,0.3317,ACT,0.266253,0.223061,0.333843,1,0.110782
0.44,F3_p75,0.266253,0.3327,ACT,0.266253,0.223061,0.333843,1,0.110782
0.44,F3_p75,0.266253,0.3337,ACT,0.266253,0.223061,0.333843,1,0.110782
0.44,F3_p75,0.266253,0.3347,ACT,0.266253,0.223061,0.333843,1,0.110782
0.44,F3_p75,0.266253,0.3357,ACT,0.266253,0.223061,0.333843,1,0.110782
0.44,F3_p75,0.266253,0.3367,ACT,0.266253,0.223061,0.333843,1,0.110782
0.44,F3_p75,0.266253,0.3377,ACT,0.266253,0.223061,0.333843,1,0.110782
0.44,F3_p75,0.266253,0.3387,ACT,0.266253,0.223061,0.333843,1,0.110782
0.44,F3_p75,0.266253,0.3397,ACT,0.266253,0.223061,0.333843,1,0.110782
0.44,F3_p75,0.266253,0.3407,ACT,0.266253,0.223061,0.333843,1,0.110782
0.44,F3_p75,0.266253,0.3417,ACT,0.266253,0.223061,0.333843,1,0.110782
0.44,F3_p75,0.266253,0.3427,ACT,0.266253,0.223061,0.333843,1,0.110782
0.44,F3_p75,0.266253,0.3437,ACT,0.266253,0.223061,0.333843,1,0.110782
0.44,F3_p75,0.266253,0.3447,ACT,0.266253,0.223061,0.333843,1,0.110782
0.44,F3_p75,0.266253,0.3457,ACT,0.266253,0.223061,0.333843,1,0.110782
0.44,F3_p75,0.266253,0.3467,ACT,0.266253,0.223061,0.333843,1,0.110782
0.44,F3_p75,0.266253,0.3477,ACT,0.266253,0.223061,0.333843,1,0.110782
0.44,F3_p75,0.266253,0.3487,ACT,0.266253,0.223061,0.333843,1,0.110782
0.44,F3_p75,0.266253,0.3497,ACT,0.266253,0.223061,0.333843,1,0.110782
0.44,F3_p75,0.266253,0.3507,ACT,0.266253,0.223061,0.333843,1,0.110782
0.44,F3_p75,0.266253,0.3517,ACT,0.266253,0.223061,0.333843,1,0.110782
0.44,F3_p75,0.266253,0.3527,ACT,0.266253,0.223061,0.333843,1,0.110782
0.44,F3_p75,0.266253,0.3537,ACT,0.266253,0.223061,0.333843,1,0.110782
0.44,F3_p75,0.266253,0.3547,ACT,0.266253,0.223061,0.333843,1,0.110782
0.44,F3_p75,0.266253,0.3557,ACT,0.266253,0.223061,0.333843,1,0.110782
0.44,F3_p75,0.266253,0.3567,ACT,0.266253,0.223061,0.333843,1,0.110782
0.44,F3_p75,0.266253,0.3577,ACT,0.266253,0.223061,0.333843,1,0.110782
0.44,F3_p75,0.266253,0.3587,ACT,0.266253,0.223061,0.333843,1,0.110782
0.44,F3_p75,0.266253,0.3597,ACT,0.266253,0.223061,0.333843,1,0.110782
0.44,F3_p75,0.266253,0.3607,ACT,0.266253,0.223061,0.333843,1,0.110782
0.44,F3_p75,0.266253,0.3617,ACT,0.266253,0.223061,0.333843,1,0.110782
0.44,F3_p75,0.266253,0.3627,ACT,0.266253,0.223061,0.333843,1,0.110782
0.44,F3_p75,0.266253,0.3637,ACT,0.266253,0.223061,0.333843,1,0.110782
0.44,F3_p75,0.266253,0.3647,ACT,0.266253,0.223061,0.333843,1,0.110782
0.44,F3_p75,0.266253,0.3657,ACT,0.266253,0.223061,0.333843,1,0.110782
0.44,F3_p75,0.266253,0.3667,ACT,0.266253,0.223061,0.333843,1,0.110782
0.44,F3_p75,0.266253,0.3677,ACT,0.266253,0.223061,0.333843,1,0.110782
0.44,F3_p75,0.266253,0.3687,ACT,0.266253,0.223061,0.333843,1,0.110782
0.44,F3_p75,0.266253,0.3697,ACT,0.266253,0.223061,0.333843,1,0.110782
0.44,F3_p75,0.266253,0.3707,ACT,0.266253,0.223061,0.333843,1,0.110782
0.44,F3_p75,0.266253,0.3717,ACT,0.266253,0.223061,0.333843,1,0.110782
0.44,F3_p75,0.266253,0.3727,ACT,0.266253,0.223061,0.333843,1,0.110782
0.44,F3_p75,0.266253,0.3737,ACT,0.266253,0.223061,0.333843,1,0.110782
0.44,F3_p75,0.266253,0.3747,ACT,0.266253,0.223061,0.333843,1,0.110782
0.44,F3_p75,0.266253,0.3758,ACT,0.266253,0.223061,0.333843,1,0.110782
0.44,F3_p75,0.266253,0.3768,ACT,0.266253,0.223061,0.333843,1,0.110782
0.44,F3_p75,0.266253,0.3778,ACT,0.266253,0.223061,0.333843,1,0.110782
0.44,F3_p75,0.266253,0.3788,ACT,0.266253,0.223061,0.333843,1,0.110782
0.44,F3_p75,0.266253,0.3798,ACT,0.266253,0.223061,0.333843,1,0.110782
0.44,F3_p75,0.266253,0.3808,ACT,0.266253,0.223061,0.333843,1,0.110782
0.44,F3_p75,0.266253,0.3818,ACT,0.266253,0.223061,0.333843,1,0.110782
0.44,F3_p75,0.266253,0.3828,ACT,0.266253,0.223061,0.333843,1,0.110782
0.44,F3_p75,0.266253,0.3838,ACT,0.266253,0.223061,0.333843,1,0.110782
0.44,F3_p75,0.266253,0.3848,ACT,0.266253,0.223061,0.333843,1,0.110782
0.44,F3_p75,0.266253,0.3858,ACT,0.266253,0.223061,0.333843,1,0.110782
0.44,F3_p75,0.266253,0.3868,ACT,0.266253,0.223061,0.333843,1,0.110782
0.44,F3_p75,0.266253,0.3878,ACT,0.266253,0.223061,0.333843,1,0.110782
0.44,F3_p75,0.266253,0.3888,ACT,0.266253,0.223061,0.333843,1,0.110782
0.44,F3_p75,0.266253,0.3898,ACT,0.266253,0.223061,0.333843,1,0.110782
0.44,F3_p75,0.266253,0.3908,ACT,0.266253,0.223061,0.333843,1,0.110782
0.44,F3_p75,0.266253,0.3918,ACT,0.266253,0.223061,0.333843,1,0.110782
0.44,F3_p75,0.266253,0.3928,ACT,0.266253,0.223061,0.333843,1,0.110782
0.44,F3_p75,0.266253,0.3938,ACT,0.266253,0.223061,0.333843,1,0.110782
0.44,F3_p75,0.266253,0.3948,ACT,0.266253,0.223061,0.333843,1,0.110782
0.44,F3_p75,0.266253,0.3958,ACT,0.266253,0.223061,0.333843,1,0.110782
0.44,F3_p75,0.266253,0.3968,ACT,0.266253,0.223061,0.333843,1,0.110782
0.44,F3_p75,0.266253,0.3978,ACT,0.266253,0.223061,0.333843,1,0.110782
0.44,F3_p75,0.266253,0.3988,ACT,0.266253,0.223061,0.333843,1,0.110782
0.44,F3_p75,0.266253,0.3998,ACT,0.266253,0.223061,0.333843,1,0.110782
0.44,F3_p75,0.266253,0.4008,ACT,0.266253,0.223061,0.333843,1,0.110782
0.44,F3_p75,0.266253,0.4018,ACT,0.266253,0.223061,0.333843,1,0.110782
0.44,F3_p75,0.266253,0.4028,ACT,0.266253,0.223061,0.333843,1,0.110782
0.44,F3_p75,0.266253,0.4038,ACT,0.266253,0.223061,0.333843,1,0.110782
0.44,F3_p75,0.266253,0.4048,ACT,0.266253,0.223061,0.333843,1,0.110782
0.44,F3_p75,0.266253,0.4058,ACT,0.266253,0.223061,0.333843,1,0.110782
0.44,F3_p75,0.266253,0.4068,ACT,0.266253,0.223061,0.333843,1,0.110782
0.44,F3_p75,0.266253,0.4078,ACT,0.266253,0.223061,0.333843,1,0.110782
0.44,F3_p75,0.266253,0.4088,ACT,0.266253,0.223061,0.333843,1,0.110782
0.44,F3_p75,0.266253,0.4098,ACT,0.266253,0.223061,0.333843,1,0.110782
0.44,F3_p75,0.266253,0.4108,ACT,0.266253,0.223061,0.333843,1,0.110782
0.44,F3_p75,0.266253,0.4118,ACT,0.266253,0.223061,0.333843,1,0.110782
0.44,F3_p75,0.266253,0.4128,ACT,0.266253,0.223061,0.333843,1,0.110782
0.44,F3_p75,0.266253,0.4138,ACT,0.266253,0.223061,0.333843,1,0.110782
0.44,F3_p75,0.266253,0.4148,ACT,0.266253,0.223061,0.333843,1,0.110782
0.44,F3_p75,0.266253,0.4158,ACT,0.266253,0.223061,0.333843,1,0.110782
0.44,F3_p75,0.266253,0.4168,ACT,0.266253,0.223061,0.333843,1,0.110782
0.44,F3_p75,0.266253,0.4178,ACT,0.266253,0.223061,0.333843,1,0.110782
0.44,F3_p75,0.266253,0.4188,ACT,0.266253,0.223061,0.333843,1,0.110782
0.44,F3_p75,0.266253,0.4198,ACT,0.266253,0.223061,0.333843,1,0.110782
0.44,F3_p75,0.266253,0.4208,ACT,0.266253,0.223061,0.333843,1,0.110782
0.44,F3_p75,0.266253,0.4218,ACT,0.266253,0.223061,0.333843,1,0.110782
0.44,F3_p75,0.266253,0.4228,ACT,0.266253,0.223061,0.333843,1,0.110782
0.44,F3_p75,0.266253,0.4238,ACT,0.266253,0.223061,0.333843,1,0.110782
0.44,F3_p75,0.266253,0.4248,ACT,0.266253,0.223061,0.333843,1,0.110782
0.44,F3_p75,0.266253,0.4259,ACT,0.266253,0.223061,0.333843,1,0.110782
0.44,F3_p75,0.266253,0.4269,ACT,0.266253,0.223061,0.333843,1,0.110782
0.44,F3_p75,0.266253,0.4279,ACT,0.266253,0.223061,0.333843,1,0.110782
0.44,F3_p75,0.266253,0.4289,ACT,0.266253,0.223061,0.333843,1,0.110782
0.44,F3_p75,0.266253,0.4299,ACT,0.266253,0.223061,0.333843,1,0.110782
0.44,F3_p75,0.266253,0.4309,ACT,0.266253,0.223061,0.333843,1,0.110782
0.44,F3_p75,0.266253,0.4319,ACT,0.266253,0.223061,0.333843,1,0.110782
0.44,F3_p75,0.266253,0.4329,ACT,0.266253,0.223061,0.333843,1,0.110782
0.44,F3_p75,0.266253,0.4339,ACT,0.266253,0.223061,0.333843,1,0.110782
0.44,F3_p75,0.266253,0.4349,ACT,0.266253,0.223061,0.333843,1,0.110782
0.44,F3_p75,0.266253,0.4359,ACT,0.266253,0.223061,0.333843,1,0.110782
0.44,F3_p75,0.266253,0.4369,ACT,0.266253,0.223061,0.333843,1,0.110782
0.44,F3_p75,0.266253,0.4379,ACT,0.266253,0.223061,0.333843,1,0.110782
0.44,F3_p75,0.266253,0.4389,ACT,0.266253,0.223061,0.333843,1,0.110782
0.44,F3_p75,0.266253,0.4399,ACT,0.266253,0.223061,0.333843,1,0.110782
0.44,F3_p75,0.266253,0.4409,ACT,0.266253,0.223061,0.333843,1,0.110782
0.44,F3_p75,0.266253,0.4419,ACT,0.266253,0.223061,0.333843,1,0.110782
0.44,F3_p75,0.266253,0.4429,ACT,0.266253,0.223061,0.333843,1,0.110782
0.44,F3_p75,0.266253,0.4439,ACT,0.266253,0.223061,0.333843,1,0.110782
0.44,F3_p75,0.266253,0.4449,ACT,0.266253,0.223061,0.333843,1,0.110782
0.44,F3_p75,0.266253,0.4459,ACT,0.266253,0.223061,0.333843,1,0.110782
0.44,F3_p75,0.266253,0.4469,ACT,0.266253,0.223061,0.333843,1,0.110782
0.44,F3_p75,0.266253,0.4479,ACT,0.266253,0.223061,0.333843,1,0.110782
0.44,F3_p75,0.266253,0.4489,ACT,0.266253,0.223061,0.333843,1,0.110782
0.44,F3_p75,0.266253,0.4499,ACT,0.266253,0.223061,0.333843,1,0.110782
0.44,F3_p75,0.266253,0.4509,ACT,0.266253,0.223061,0.333843,1,0.110782
0.44,F3_p75,0.266253,0.4519,ACT,0.266253,0.223061,0.333843,1,0.110782
0.44,F3_p75,0.266253,0.4529,ACT,0.266253,0.223061,0.333843,1,0.110782
0.44,F3_p75,0.266253,0.4539,ACT,0.266253,0.223061,0.333843,1,0.110782
0.44,F3_p75,0.266253,0.4549,ACT,0.266253,0.223061,0.333843,1,0.110782
0.44,F3_p75,0.266253,0.4559,ACT,0.266253,0.223061,0.333843,1,0.110782
0.44,F3_p75,0.266253,0.4569,ACT,0.266253,0.223061,0.333843,1,0.110782
0.44,F3_p75,0.266253,0.4579,ACT,0.266253,0.223061,0.333843,1,0.110782
0.44,F3_p75,0.266253,0.4589,ACT,0.266253,0.223061,0.333843,1,0.110782
0.44,F3_p75,0.266253,0.4599,ACT,0.266253,0.223061,0.333843,1,0.110782
0.44,F3_p75,0.266253,0.4609,ACT,0.266253,0.223061,0.333843,1,0.110782
0.44,F3_p75,0.266253,0.4619,ACT,0.266253,0.223061,0.333843,1,0.110782
0.44,F3_p75,0.266253,0.4629,ACT,0.266253,0.223061,0.333843,1,0.110782
0.44,F3_p75,0.266253,0.4639,ACT,0.266253,0.223061,0.333843,1,0.110782
0.44,F3_p75,0.266253,0.4649,ACT,0.266253,0.223061,0.333843,1,0.110782
0.44,F3_p75,0.266253,0.4659,ACT,0.266253,0.223061,0.333843,1,0.110782
0.44,F3_p75,0.266253,0.4669,ACT,0.266253,0.223061,0.333843,1,0.110782
0.44,F3_p75,0.266253,0.4679,ACT,0.266253,0.223061,0.333843,1,0.110782
0.44,F3_p75,0.266253,0.4689,ACT,0.266253,0.223061,0.333843,1,0.110782
0.44,F3_p75,0.266253,0.4699,ACT,0.266253,0.223061,0.333843,1,0.110782
0.44,F3_p75,0.266253,0.4709,ACT,0.266253,0.223061,0.333843,1,0.110782
0.44,F3_p75,0.266253,0.4719,ACT,0.266253,0.223061,0.333843,1,0.110782
0.44,F3_p75,0.266253,0.4729,ACT,0.266253,0.223061,0.333843,1,0.110782
0.44,F3_p75,0.266253,0.4739,ACT,0.266253,0.223061,0.333843,1,0.110782
0.44,F3_p75,0.266253,0.4749,ACT,0.266253,0.223061,0.333843,1,0.110782
0.44,F3_p75,0.266253,0.476,ACT,0.266253,0.223061,0.333843,1,0.110782
0.44,F3_p75,0.266253,0.477,ACT,0.266253,0.223061,0.333843,1,0.110782
0.44,F3_p75,0.266253,0.478,ACT,0.266253,0.223061,0.333843,1,0.110782
0.44,F3_p75,0.266253,0.479,ACT,0.266253,0.223061,0.333843,1,0.110782
0.44,F3_p75,0.266253,0.48,ACT,0.266253,0.223061,0.333843,1,0.110782
0.44,F3_p75,0.266253,0.481,ACT,0.266253,0.223061,0.333843,1,0.110782
0.44,F3_p75,0.266253,0.482,ACT,0.266253,0.223061,0.333843,1,0.110782
0.44,F3_p75,0.266253,0.483,ACT,0.266253,0.223061,0.333843,1,0.110782
0.44,F3_p75,0.266253,0.484,ACT,0.266253,0.223061,0.333843,1,0.110782
0.44,F3_p75,0.266253,0.485,ACT,0.266253,0.223061,0.333843,1,0.110782
0.44,F3_p75,0.266253,0.486,ACT,0.266253,0.223061,0.333843,1,0.110782
0.44,F3_p75,0.266253,0.487,ACT,0.266253,0.223061,0.333843,1,0.110782
0.44,F3_p75,0.266253,0.488,ACT,0.266253,0.223061,0.333843,1,0.110782
0.44,F3_p75,0.266253,0.489,ACT,0.266253,0.223061,0.333843,1,0.110782
0.44,F3_p75,0.266253,0.49,ACT,0.266253,0.223061,0.333843,1,0.110782
0.44,F3_p75,0.266253,0.491,ACT,0.266253,0.223061,0.333843,1,0.110782
0.44,F3_p75,0.266253,0.492,ACT,0.266253,0.223061,0.333843,1,0.110782
0.44,F3_p75,0.266253,0.493,ACT,0.266253,0.223061,0.333843,1,0.110782
0.44,F3_p75,0.266253,0.494,ACT,0.266253,0.223061,0.333843,1,0.110782
0.44,F3_p75,0.266253,0.495,ACT,0.266253,0.223061,0.333843,1,0.110782
0.44,F3_p75,0.266253,0.496,ACT,0.266253,0.223061,0.333843,1,0.110782
0.44,F3_p75,0.266253,0.497,ACT,0.266253,0.223061,0.333843,1,0.110782
0.44,F3_p75,0.266253,0.498,ACT,0.266253,0.223061,0.333843,1,0.110782
0.44,F3_p75,0.266253,0.499,ACT,0.266253,0.223061,0.333843,1,0.110782
0.44,F3_p75,0.266253,0.5,ACT,0.266253,0.223061,0.333843,1,0.110782
0.44,F4_max,0.333843,0.0,REFUSE,0.333843,0.223061,0.333843,1,0.110782
0.44,F4_max,0.333843,0.001,REFUSE,0.333843,0.223061,0.333843,1,0.110782
0.44,F4_max,0.333843,0.002,REFUSE,0.333843,0.223061,0.333843,1,0.110782
0.44,F4_max,0.333843,0.003,REFUSE,0.333843,0.223061,0.333843,1,0.110782
0.44,F4_max,0.333843,0.004,REFUSE,0.333843,0.223061,0.333843,1,0.110782
0.44,F4_max,0.333843,0.005,REFUSE,0.333843,0.223061,0.333843,1,0.110782
0.44,F4_max,0.333843,0.006,REFUSE,0.333843,0.223061,0.333843,1,0.110782
0.44,F4_max,0.333843,0.007,REFUSE,0.333843,0.223061,0.333843,1,0.110782
0.44,F4_max,0.333843,0.008,REFUSE,0.333843,0.223061,0.333843,1,0.110782
0.44,F4_max,0.333843,0.009,REFUSE,0.333843,0.223061,0.333843,1,0.110782
0.44,F4_max,0.333843,0.01,REFUSE,0.333843,0.223061,0.333843,1,0.110782
0.44,F4_max,0.333843,0.011,REFUSE,0.333843,0.223061,0.333843,1,0.110782
0.44,F4_max,0.333843,0.012,REFUSE,0.333843,0.223061,0.333843,1,0.110782
0.44,F4_max,0.333843,0.013,REFUSE,0.333843,0.223061,0.333843,1,0.110782
0.44,F4_max,0.333843,0.014,REFUSE,0.333843,0.223061,0.333843,1,0.110782
0.44,F4_max,0.333843,0.015,REFUSE,0.333843,0.223061,0.333843,1,0.110782
0.44,F4_max,0.333843,0.016,REFUSE,0.333843,0.223061,0.333843,1,0.110782
0.44,F4_max,0.333843,0.017,REFUSE,0.333843,0.223061,0.333843,1,0.110782
0.44,F4_max,0.333843,0.018,REFUSE,0.333843,0.223061,0.333843,1,0.110782
0.44,F4_max,0.333843,0.019,REFUSE,0.333843,0.223061,0.333843,1,0.110782
0.44,F4_max,0.333843,0.02,REFUSE,0.333843,0.223061,0.333843,1,0.110782
0.44,F4_max,0.333843,0.021,REFUSE,0.333843,0.223061,0.333843,1,0.110782
0.44,F4_max,0.333843,0.022,REFUSE,0.333843,0.223061,0.333843,1,0.110782
0.44,F4_max,0.333843,0.023,REFUSE,0.333843,0.223061,0.333843,1,0.110782
0.44,F4_max,0.333843,0.024,REFUSE,0.333843,0.223061,0.333843,1,0.110782
0.44,F4_max,0.333843,0.0251,REFUSE,0.333843,0.223061,0.333843,1,0.110782
0.44,F4_max,0.333843,0.0261,REFUSE,0.333843,0.223061,0.333843,1,0.110782
0.44,F4_max,0.333843,0.0271,REFUSE,0.333843,0.223061,0.333843,1,0.110782
0.44,F4_max,0.333843,0.0281,REFUSE,0.333843,0.223061,0.333843,1,0.110782
0.44,F4_max,0.333843,0.0291,REFUSE,0.333843,0.223061,0.333843,1,0.110782
0.44,F4_max,0.333843,0.0301,REFUSE,0.333843,0.223061,0.333843,1,0.110782
0.44,F4_max,0.333843,0.0311,REFUSE,0.333843,0.223061,0.333843,1,0.110782
0.44,F4_max,0.333843,0.0321,REFUSE,0.333843,0.223061,0.333843,1,0.110782
0.44,F4_max,0.333843,0.0331,REFUSE,0.333843,0.223061,0.333843,1,0.110782
0.44,F4_max,0.333843,0.0341,REFUSE,0.333843,0.223061,0.333843,1,0.110782
0.44,F4_max,0.333843,0.0351,REFUSE,0.333843,0.223061,0.333843,1,0.110782
0.44,F4_max,0.333843,0.0361,REFUSE,0.333843,0.223061,0.333843,1,0.110782
0.44,F4_max,0.333843,0.0371,REFUSE,0.333843,0.223061,0.333843,1,0.110782
0.44,F4_max,0.333843,0.0381,REFUSE,0.333843,0.223061,0.333843,1,0.110782
0.44,F4_max,0.333843,0.0391,REFUSE,0.333843,0.223061,0.333843,1,0.110782
0.44,F4_max,0.333843,0.0401,REFUSE,0.333843,0.223061,0.333843,1,0.110782
0.44,F4_max,0.333843,0.0411,REFUSE,0.333843,0.223061,0.333843,1,0.110782
0.44,F4_max,0.333843,0.0421,REFUSE,0.333843,0.223061,0.333843,1,0.110782
0.44,F4_max,0.333843,0.0431,REFUSE,0.333843,0.223061,0.333843,1,0.110782
0.44,F4_max,0.333843,0.0441,REFUSE,0.333843,0.223061,0.333843,1,0.110782
0.44,F4_max,0.333843,0.0451,REFUSE,0.333843,0.223061,0.333843,1,0.110782
0.44,F4_max,0.333843,0.0461,REFUSE,0.333843,0.223061,0.333843,1,0.110782
0.44,F4_max,0.333843,0.0471,REFUSE,0.333843,0.223061,0.333843,1,0.110782
0.44,F4_max,0.333843,0.0481,REFUSE,0.333843,0.223061,0.333843,1,0.110782
0.44,F4_max,0.333843,0.0491,REFUSE,0.333843,0.223061,0.333843,1,0.110782
0.44,F4_max,0.333843,0.0501,REFUSE,0.333843,0.223061,0.333843,1,0.110782
0.44,F4_max,0.333843,0.0511,REFUSE,0.333843,0.223061,0.333843,1,0.110782
0.44,F4_max,0.333843,0.0521,REFUSE,0.333843,0.223061,0.333843,1,0.110782
0.44,F4_max,0.333843,0.0531,REFUSE,0.333843,0.223061,0.333843,1,0.110782
0.44,F4_max,0.333843,0.0541,REFUSE,0.333843,0.223061,0.333843,1,0.110782
0.44,F4_max,0.333843,0.0551,REFUSE,0.333843,0.223061,0.333843,1,0.110782
0.44,F4_max,0.333843,0.0561,REFUSE,0.333843,0.223061,0.333843,1,0.110782
0.44,F4_max,0.333843,0.0571,REFUSE,0.333843,0.223061,0.333843,1,0.110782
0.44,F4_max,0.333843,0.0581,REFUSE,0.333843,0.223061,0.333843,1,0.110782
0.44,F4_max,0.333843,0.0591,REFUSE,0.333843,0.223061,0.333843,1,0.110782
0.44,F4_max,0.333843,0.0601,REFUSE,0.333843,0.223061,0.333843,1,0.110782
0.44,F4_max,0.333843,0.0611,REFUSE,0.333843,0.223061,0.333843,1,0.110782
0.44,F4_max,0.333843,0.0621,REFUSE,0.333843,0.223061,0.333843,1,0.110782
0.44,F4_max,0.333843,0.0631,REFUSE,0.333843,0.223061,0.333843,1,0.110782
0.44,F4_max,0.333843,0.0641,REFUSE,0.333843,0.223061,0.333843,1,0.110782
0.44,F4_max,0.333843,0.0651,REFUSE,0.333843,0.223061,0.333843,1,0.110782
0.44,F4_max,0.333843,0.0661,REFUSE,0.333843,0.223061,0.333843,1,0.110782
0.44,F4_max,0.333843,0.0671,REFUSE,0.333843,0.223061,0.333843,1,0.110782
0.44,F4_max,0.333843,0.0681,REFUSE,0.333843,0.223061,0.333843,1,0.110782
0.44,F4_max,0.333843,0.0691,REFUSE,0.333843,0.223061,0.333843,1,0.110782
0.44,F4_max,0.333843,0.0701,REFUSE,0.333843,0.223061,0.333843,1,0.110782
0.44,F4_max,0.333843,0.0711,REFUSE,0.333843,0.223061,0.333843,1,0.110782
0.44,F4_max,0.333843,0.0721,REFUSE,0.333843,0.223061,0.333843,1,0.110782
0.44,F4_max,0.333843,0.0731,REFUSE,0.333843,0.223061,0.333843,1,0.110782
0.44,F4_max,0.333843,0.0741,REFUSE,0.333843,0.223061,0.333843,1,0.110782
0.44,F4_max,0.333843,0.0752,REFUSE,0.333843,0.223061,0.333843,1,0.110782
0.44,F4_max,0.333843,0.0762,REFUSE,0.333843,0.223061,0.333843,1,0.110782
0.44,F4_max,0.333843,0.0772,REFUSE,0.333843,0.223061,0.333843,1,0.110782
0.44,F4_max,0.333843,0.0782,REFUSE,0.333843,0.223061,0.333843,1,0.110782
0.44,F4_max,0.333843,0.0792,REFUSE,0.333843,0.223061,0.333843,1,0.110782
0.44,F4_max,0.333843,0.0802,REFUSE,0.333843,0.223061,0.333843,1,0.110782
0.44,F4_max,0.333843,0.0812,REFUSE,0.333843,0.223061,0.333843,1,0.110782
0.44,F4_max,0.333843,0.0822,REFUSE,0.333843,0.223061,0.333843,1,0.110782
0.44,F4_max,0.333843,0.0832,REFUSE,0.333843,0.223061,0.333843,1,0.110782
0.44,F4_max,0.333843,0.0842,REFUSE,0.333843,0.223061,0.333843,1,0.110782
0.44,F4_max,0.333843,0.0852,REFUSE,0.333843,0.223061,0.333843,1,0.110782
0.44,F4_max,0.333843,0.0862,REFUSE,0.333843,0.223061,0.333843,1,0.110782
0.44,F4_max,0.333843,0.0872,REFUSE,0.333843,0.223061,0.333843,1,0.110782
0.44,F4_max,0.333843,0.0882,REFUSE,0.333843,0.223061,0.333843,1,0.110782
0.44,F4_max,0.333843,0.0892,REFUSE,0.333843,0.223061,0.333843,1,0.110782
0.44,F4_max,0.333843,0.0902,REFUSE,0.333843,0.223061,0.333843,1,0.110782
0.44,F4_max,0.333843,0.0912,REFUSE,0.333843,0.223061,0.333843,1,0.110782
0.44,F4_max,0.333843,0.0922,REFUSE,0.333843,0.223061,0.333843,1,0.110782
0.44,F4_max,0.333843,0.0932,REFUSE,0.333843,0.223061,0.333843,1,0.110782
0.44,F4_max,0.333843,0.0942,REFUSE,0.333843,0.223061,0.333843,1,0.110782
0.44,F4_max,0.333843,0.0952,REFUSE,0.333843,0.223061,0.333843,1,0.110782
0.44,F4_max,0.333843,0.0962,REFUSE,0.333843,0.223061,0.333843,1,0.110782
0.44,F4_max,0.333843,0.0972,REFUSE,0.333843,0.223061,0.333843,1,0.110782
0.44,F4_max,0.333843,0.0982,REFUSE,0.333843,0.223061,0.333843,1,0.110782
0.44,F4_max,0.333843,0.0992,REFUSE,0.333843,0.223061,0.333843,1,0.110782
0.44,F4_max,0.333843,0.1002,REFUSE,0.333843,0.223061,0.333843,1,0.110782
0.44,F4_max,0.333843,0.1012,REFUSE,0.333843,0.223061,0.333843,1,0.110782
0.44,F4_max,0.333843,0.1022,REFUSE,0.333843,0.223061,0.333843,1,0.110782
0.44,F4_max,0.333843,0.1032,REFUSE,0.333843,0.223061,0.333843,1,0.110782
0.44,F4_max,0.333843,0.1042,REFUSE,0.333843,0.223061,0.333843,1,0.110782
0.44,F4_max,0.333843,0.1052,REFUSE,0.333843,0.223061,0.333843,1,0.110782
0.44,F4_max,0.333843,0.1062,REFUSE,0.333843,0.223061,0.333843,1,0.110782
0.44,F4_max,0.333843,0.1072,REFUSE,0.333843,0.223061,0.333843,1,0.110782
0.44,F4_max,0.333843,0.1082,REFUSE,0.333843,0.223061,0.333843,1,0.110782
0.44,F4_max,0.333843,0.1092,REFUSE,0.333843,0.223061,0.333843,1,0.110782
0.44,F4_max,0.333843,0.1102,REFUSE,0.333843,0.223061,0.333843,1,0.110782
0.44,F4_max,0.333843,0.1112,REFUSE,0.333843,0.223061,0.333843,1,0.110782
0.44,F4_max,0.333843,0.1122,REFUSE,0.333843,0.223061,0.333843,1,0.110782
0.44,F4_max,0.333843,0.1132,REFUSE,0.333843,0.223061,0.333843,1,0.110782
0.44,F4_max,0.333843,0.1142,REFUSE,0.333843,0.223061,0.333843,1,0.110782
0.44,F4_max,0.333843,0.1152,REFUSE,0.333843,0.223061,0.333843,1,0.110782
0.44,F4_max,0.333843,0.1162,REFUSE,0.333843,0.223061,0.333843,1,0.110782
0.44,F4_max,0.333843,0.1172,REFUSE,0.333843,0.223061,0.333843,1,0.110782
0.44,F4_max,0.333843,0.1182,REFUSE,0.333843,0.223061,0.333843,1,0.110782
0.44,F4_max,0.333843,0.1192,REFUSE,0.333843,0.223061,0.333843,1,0.110782
0.44,F4_max,0.333843,0.1202,REFUSE,0.333843,0.223061,0.333843,1,0.110782
0.44,F4_max,0.333843,0.1212,REFUSE,0.333843,0.223061,0.333843,1,0.110782
0.44,F4_max,0.333843,0.1222,REFUSE,0.333843,0.223061,0.333843,1,0.110782
0.44,F4_max,0.333843,0.1232,REFUSE,0.333843,0.223061,0.333843,1,0.110782
0.44,F4_max,0.333843,0.1242,REFUSE,0.333843,0.223061,0.333843,1,0.110782
0.44,F4_max,0.333843,0.1253,REFUSE,0.333843,0.223061,0.333843,1,0.110782
0.44,F4_max,0.333843,0.1263,REFUSE,0.333843,0.223061,0.333843,1,0.110782
0.44,F4_max,0.333843,0.1273,REFUSE,0.333843,0.223061,0.333843,1,0.110782
0.44,F4_max,0.333843,0.1283,REFUSE,0.333843,0.223061,0.333843,1,0.110782
0.44,F4_max,0.333843,0.1293,REFUSE,0.333843,0.223061,0.333843,1,0.110782
0.44,F4_max,0.333843,0.1303,REFUSE,0.333843,0.223061,0.333843,1,0.110782
0.44,F4_max,0.333843,0.1313,REFUSE,0.333843,0.223061,0.333843,1,0.110782
0.44,F4_max,0.333843,0.1323,REFUSE,0.333843,0.223061,0.333843,1,0.110782
0.44,F4_max,0.333843,0.1333,REFUSE,0.333843,0.223061,0.333843,1,0.110782
0.44,F4_max,0.333843,0.1343,REFUSE,0.333843,0.223061,0.333843,1,0.110782
0.44,F4_max,0.333843,0.1353,REFUSE,0.333843,0.223061,0.333843,1,0.110782
0.44,F4_max,0.333843,0.1363,REFUSE,0.333843,0.223061,0.333843,1,0.110782
0.44,F4_max,0.333843,0.1373,REFUSE,0.333843,0.223061,0.333843,1,0.110782
0.44,F4_max,0.333843,0.1383,REFUSE,0.333843,0.223061,0.333843,1,0.110782
0.44,F4_max,0.333843,0.1393,REFUSE,0.333843,0.223061,0.333843,1,0.110782
0.44,F4_max,0.333843,0.1403,REFUSE,0.333843,0.223061,0.333843,1,0.110782
0.44,F4_max,0.333843,0.1413,REFUSE,0.333843,0.223061,0.333843,1,0.110782
0.44,F4_max,0.333843,0.1423,REFUSE,0.333843,0.223061,0.333843,1,0.110782
0.44,F4_max,0.333843,0.1433,REFUSE,0.333843,0.223061,0.333843,1,0.110782
0.44,F4_max,0.333843,0.1443,REFUSE,0.333843,0.223061,0.333843,1,0.110782
0.44,F4_max,0.333843,0.1453,REFUSE,0.333843,0.223061,0.333843,1,0.110782
0.44,F4_max,0.333843,0.1463,REFUSE,0.333843,0.223061,0.333843,1,0.110782
0.44,F4_max,0.333843,0.1473,REFUSE,0.333843,0.223061,0.333843,1,0.110782
0.44,F4_max,0.333843,0.1483,REFUSE,0.333843,0.223061,0.333843,1,0.110782
0.44,F4_max,0.333843,0.1493,REFUSE,0.333843,0.223061,0.333843,1,0.110782
0.44,F4_max,0.333843,0.1503,REFUSE,0.333843,0.223061,0.333843,1,0.110782
0.44,F4_max,0.333843,0.1513,REFUSE,0.333843,0.223061,0.333843,1,0.110782
0.44,F4_max,0.333843,0.1523,REFUSE,0.333843,0.223061,0.333843,1,0.110782
0.44,F4_max,0.333843,0.1533,REFUSE,0.333843,0.223061,0.333843,1,0.110782
0.44,F4_max,0.333843,0.1543,REFUSE,0.333843,0.223061,0.333843,1,0.110782
0.44,F4_max,0.333843,0.1553,REFUSE,0.333843,0.223061,0.333843,1,0.110782
0.44,F4_max,0.333843,0.1563,REFUSE,0.333843,0.223061,0.333843,1,0.110782
0.44,F4_max,0.333843,0.1573,REFUSE,0.333843,0.223061,0.333843,1,0.110782
0.44,F4_max,0.333843,0.1583,REFUSE,0.333843,0.223061,0.333843,1,0.110782
0.44,F4_max,0.333843,0.1593,REFUSE,0.333843,0.223061,0.333843,1,0.110782
0.44,F4_max,0.333843,0.1603,REFUSE,0.333843,0.223061,0.333843,1,0.110782
0.44,F4_max,0.333843,0.1613,REFUSE,0.333843,0.223061,0.333843,1,0.110782
0.44,F4_max,0.333843,0.1623,REFUSE,0.333843,0.223061,0.333843,1,0.110782
0.44,F4_max,0.333843,0.1633,REFUSE,0.333843,0.223061,0.333843,1,0.110782
0.44,F4_max,0.333843,0.1643,REFUSE,0.333843,0.223061,0.333843,1,0.110782
0.44,F4_max,0.333843,0.1653,REFUSE,0.333843,0.223061,0.333843,1,0.110782
0.44,F4_max,0.333843,0.1663,REFUSE,0.333843,0.223061,0.333843,1,0.110782
0.44,F4_max,0.333843,0.1673,REFUSE,0.333843,0.223061,0.333843,1,0.110782
0.44,F4_max,0.333843,0.1683,REFUSE,0.333843,0.223061,0.333843,1,0.110782
0.44,F4_max,0.333843,0.1693,REFUSE,0.333843,0.223061,0.333843,1,0.110782
0.44,F4_max,0.333843,0.1703,REFUSE,0.333843,0.223061,0.333843,1,0.110782
0.44,F4_max,0.333843,0.1713,REFUSE,0.333843,0.223061,0.333843,1,0.110782
0.44,F4_max,0.333843,0.1723,REFUSE,0.333843,0.223061,0.333843,1,0.110782
0.44,F4_max,0.333843,0.1733,REFUSE,0.333843,0.223061,0.333843,1,0.110782
0.44,F4_max,0.333843,0.1743,REFUSE,0.333843,0.223061,0.333843,1,0.110782
0.44,F4_max,0.333843,0.1754,REFUSE,0.333843,0.223061,0.333843,1,0.110782
0.44,F4_max,0.333843,0.1764,REFUSE,0.333843,0.223061,0.333843,1,0.110782
0.44,F4_max,0.333843,0.1774,REFUSE,0.333843,0.223061,0.333843,1,0.110782
0.44,F4_max,0.333843,0.1784,REFUSE,0.333843,0.223061,0.333843,1,0.110782
0.44,F4_max,0.333843,0.1794,REFUSE,0.333843,0.223061,0.333843,1,0.110782
0.44,F4_max,0.333843,0.1804,REFUSE,0.333843,0.223061,0.333843,1,0.110782
0.44,F4_max,0.333843,0.1814,REFUSE,0.333843,0.223061,0.333843,1,0.110782
0.44,F4_max,0.333843,0.1824,REFUSE,0.333843,0.223061,0.333843,1,0.110782
0.44,F4_max,0.333843,0.1834,REFUSE,0.333843,0.223061,0.333843,1,0.110782
0.44,F4_max,0.333843,0.1844,REFUSE,0.333843,0.223061,0.333843,1,0.110782
0.44,F4_max,0.333843,0.1854,REFUSE,0.333843,0.223061,0.333843,1,0.110782
0.44,F4_max,0.333843,0.1864,REFUSE,0.333843,0.223061,0.333843,1,0.110782
0.44,F4_max,0.333843,0.1874,REFUSE,0.333843,0.223061,0.333843,1,0.110782
0.44,F4_max,0.333843,0.1884,REFUSE,0.333843,0.223061,0.333843,1,0.110782
0.44,F4_max,0.333843,0.1894,REFUSE,0.333843,0.223061,0.333843,1,0.110782
0.44,F4_max,0.333843,0.1904,REFUSE,0.333843,0.223061,0.333843,1,0.110782
0.44,F4_max,0.333843,0.1914,REFUSE,0.333843,0.223061,0.333843,1,0.110782
0.44,F4_max,0.333843,0.1924,REFUSE,0.333843,0.223061,0.333843,1,0.110782
0.44,F4_max,0.333843,0.1934,REFUSE,0.333843,0.223061,0.333843,1,0.110782
0.44,F4_max,0.333843,0.1944,REFUSE,0.333843,0.223061,0.333843,1,0.110782
0.44,F4_max,0.333843,0.1954,REFUSE,0.333843,0.223061,0.333843,1,0.110782
0.44,F4_max,0.333843,0.1964,REFUSE,0.333843,0.223061,0.333843,1,0.110782
0.44,F4_max,0.333843,0.1974,REFUSE,0.333843,0.223061,0.333843,1,0.110782
0.44,F4_max,0.333843,0.1984,REFUSE,0.333843,0.223061,0.333843,1,0.110782
0.44,F4_max,0.333843,0.1994,REFUSE,0.333843,0.223061,0.333843,1,0.110782
0.44,F4_max,0.333843,0.2004,REFUSE,0.333843,0.223061,0.333843,1,0.110782
0.44,F4_max,0.333843,0.2014,REFUSE,0.333843,0.223061,0.333843,1,0.110782
0.44,F4_max,0.333843,0.2024,REFUSE,0.333843,0.223061,0.333843,1,0.110782
0.44,F4_max,0.333843,0.2034,REFUSE,0.333843,0.223061,0.333843,1,0.110782
0.44,F4_max,0.333843,0.2044,REFUSE,0.333843,0.223061,0.333843,1,0.110782
0.44,F4_max,0.333843,0.2054,REFUSE,0.333843,0.223061,0.333843,1,0.110782
0.44,F4_max,0.333843,0.2064,REFUSE,0.333843,0.223061,0.333843,1,0.110782
0.44,F4_max,0.333843,0.2074,REFUSE,0.333843,0.223061,0.333843,1,0.110782
0.44,F4_max,0.333843,0.2084,REFUSE,0.333843,0.223061,0.333843,1,0.110782
0.44,F4_max,0.333843,0.2094,REFUSE,0.333843,0.223061,0.333843,1,0.110782
0.44,F4_max,0.333843,0.2104,REFUSE,0.333843,0.223061,0.333843,1,0.110782
0.44,F4_max,0.333843,0.2114,REFUSE,0.333843,0.223061,0.333843,1,0.110782
0.44,F4_max,0.333843,0.2124,REFUSE,0.333843,0.223061,0.333843,1,0.110782
0.44,F4_max,0.333843,0.2134,REFUSE,0.333843,0.223061,0.333843,1,0.110782
0.44,F4_max,0.333843,0.2144,REFUSE,0.333843,0.223061,0.333843,1,0.110782
0.44,F4_max,0.333843,0.2154,REFUSE,0.333843,0.223061,0.333843,1,0.110782
0.44,F4_max,0.333843,0.2164,REFUSE,0.333843,0.223061,0.333843,1,0.110782
0.44,F4_max,0.333843,0.2174,REFUSE,0.333843,0.223061,0.333843,1,0.110782
0.44,F4_max,0.333843,0.2184,REFUSE,0.333843,0.223061,0.333843,1,0.110782
0.44,F4_max,0.333843,0.2194,REFUSE,0.333843,0.223061,0.333843,1,0.110782
0.44,F4_max,0.333843,0.2204,REFUSE,0.333843,0.223061,0.333843,1,0.110782
0.44,F4_max,0.333843,0.2214,REFUSE,0.333843,0.223061,0.333843,1,0.110782
0.44,F4_max,0.333843,0.2224,REFUSE,0.333843,0.223061,0.333843,1,0.110782
0.44,F4_max,0.333843,0.2234,REFUSE,0.333843,0.223061,0.333843,1,0.110782
0.44,F4_max,0.333843,0.2244,REFUSE,0.333843,0.223061,0.333843,1,0.110782
0.44,F4_max,0.333843,0.2255,REFUSE,0.333843,0.223061,0.333843,1,0.110782
0.44,F4_max,0.333843,0.2265,REFUSE,0.333843,0.223061,0.333843,1,0.110782
0.44,F4_max,0.333843,0.2275,REFUSE,0.333843,0.223061,0.333843,1,0.110782
0.44,F4_max,0.333843,0.2285,REFUSE,0.333843,0.223061,0.333843,1,0.110782
0.44,F4_max,0.333843,0.2295,REFUSE,0.333843,0.223061,0.333843,1,0.110782
0.44,F4_max,0.333843,0.2305,REFUSE,0.333843,0.223061,0.333843,1,0.110782
0.44,F4_max,0.333843,0.2315,REFUSE,0.333843,0.223061,0.333843,1,0.110782
0.44,F4_max,0.333843,0.2325,REFUSE,0.333843,0.223061,0.333843,1,0.110782
0.44,F4_max,0.333843,0.2335,REFUSE,0.333843,0.223061,0.333843,1,0.110782
0.44,F4_max,0.333843,0.2345,REFUSE,0.333843,0.223061,0.333843,1,0.110782
0.44,F4_max,0.333843,0.2355,REFUSE,0.333843,0.223061,0.333843,1,0.110782
0.44,F4_max,0.333843,0.2365,REFUSE,0.333843,0.223061,0.333843,1,0.110782
0.44,F4_max,0.333843,0.2375,REFUSE,0.333843,0.223061,0.333843,1,0.110782
0.44,F4_max,0.333843,0.2385,REFUSE,0.333843,0.223061,0.333843,1,0.110782
0.44,F4_max,0.333843,0.2395,REFUSE,0.333843,0.223061,0.333843,1,0.110782
0.44,F4_max,0.333843,0.2405,REFUSE,0.333843,0.223061,0.333843,1,0.110782
0.44,F4_max,0.333843,0.2415,REFUSE,0.333843,0.223061,0.333843,1,0.110782
0.44,F4_max,0.333843,0.2425,REFUSE,0.333843,0.223061,0.333843,1,0.110782
0.44,F4_max,0.333843,0.2435,REFUSE,0.333843,0.223061,0.333843,1,0.110782
0.44,F4_max,0.333843,0.2445,REFUSE,0.333843,0.223061,0.333843,1,0.110782
0.44,F4_max,0.333843,0.2455,REFUSE,0.333843,0.223061,0.333843,1,0.110782
0.44,F4_max,0.333843,0.2465,REFUSE,0.333843,0.223061,0.333843,1,0.110782
0.44,F4_max,0.333843,0.2475,REFUSE,0.333843,0.223061,0.333843,1,0.110782
0.44,F4_max,0.333843,0.2485,REFUSE,0.333843,0.223061,0.333843,1,0.110782
0.44,F4_max,0.333843,0.2495,REFUSE,0.333843,0.223061,0.333843,1,0.110782
0.44,F4_max,0.333843,0.2505,REFUSE,0.333843,0.223061,0.333843,1,0.110782
0.44,F4_max,0.333843,0.2515,REFUSE,0.333843,0.223061,0.333843,1,0.110782
0.44,F4_max,0.333843,0.2525,REFUSE,0.333843,0.223061,0.333843,1,0.110782
0.44,F4_max,0.333843,0.2535,REFUSE,0.333843,0.223061,0.333843,1,0.110782
0.44,F4_max,0.333843,0.2545,REFUSE,0.333843,0.223061,0.333843,1,0.110782
0.44,F4_max,0.333843,0.2555,REFUSE,0.333843,0.223061,0.333843,1,0.110782
0.44,F4_max,0.333843,0.2565,REFUSE,0.333843,0.223061,0.333843,1,0.110782
0.44,F4_max,0.333843,0.2575,REFUSE,0.333843,0.223061,0.333843,1,0.110782
0.44,F4_max,0.333843,0.2585,REFUSE,0.333843,0.223061,0.333843,1,0.110782
0.44,F4_max,0.333843,0.2595,REFUSE,0.333843,0.223061,0.333843,1,0.110782
0.44,F4_max,0.333843,0.2605,REFUSE,0.333843,0.223061,0.333843,1,0.110782
0.44,F4_max,0.333843,0.2615,REFUSE,0.333843,0.223061,0.333843,1,0.110782
0.44,F4_max,0.333843,0.2625,REFUSE,0.333843,0.223061,0.333843,1,0.110782
0.44,F4_max,0.333843,0.2635,REFUSE,0.333843,0.223061,0.333843,1,0.110782
0.44,F4_max,0.333843,0.2645,REFUSE,0.333843,0.223061,0.333843,1,0.110782
0.44,F4_max,0.333843,0.2655,REFUSE,0.333843,0.223061,0.333843,1,0.110782
0.44,F4_max,0.333843,0.2665,REFUSE,0.333843,0.223061,0.333843,1,0.110782
0.44,F4_max,0.333843,0.2675,REFUSE,0.333843,0.223061,0.333843,1,0.110782
0.44,F4_max,0.333843,0.2685,REFUSE,0.333843,0.223061,0.333843,1,0.110782
0.44,F4_max,0.333843,0.2695,REFUSE,0.333843,0.223061,0.333843,1,0.110782
0.44,F4_max,0.333843,0.2705,REFUSE,0.333843,0.223061,0.333843,1,0.110782
0.44,F4_max,0.333843,0.2715,REFUSE,0.333843,0.223061,0.333843,1,0.110782
0.44,F4_max,0.333843,0.2725,REFUSE,0.333843,0.223061,0.333843,1,0.110782
0.44,F4_max,0.333843,0.2735,REFUSE,0.333843,0.223061,0.333843,1,0.110782
0.44,F4_max,0.333843,0.2745,REFUSE,0.333843,0.223061,0.333843,1,0.110782
0.44,F4_max,0.333843,0.2756,REFUSE,0.333843,0.223061,0.333843,1,0.110782
0.44,F4_max,0.333843,0.2766,REFUSE,0.333843,0.223061,0.333843,1,0.110782
0.44,F4_max,0.333843,0.2776,REFUSE,0.333843,0.223061,0.333843,1,0.110782
0.44,F4_max,0.333843,0.2786,REFUSE,0.333843,0.223061,0.333843,1,0.110782
0.44,F4_max,0.333843,0.2796,REFUSE,0.333843,0.223061,0.333843,1,0.110782
0.44,F4_max,0.333843,0.2806,REFUSE,0.333843,0.223061,0.333843,1,0.110782
0.44,F4_max,0.333843,0.2816,REFUSE,0.333843,0.223061,0.333843,1,0.110782
0.44,F4_max,0.333843,0.2826,REFUSE,0.333843,0.223061,0.333843,1,0.110782
0.44,F4_max,0.333843,0.2836,REFUSE,0.333843,0.223061,0.333843,1,0.110782
0.44,F4_max,0.333843,0.2846,REFUSE,0.333843,0.223061,0.333843,1,0.110782
0.44,F4_max,0.333843,0.2856,REFUSE,0.333843,0.223061,0.333843,1,0.110782
0.44,F4_max,0.333843,0.2866,REFUSE,0.333843,0.223061,0.333843,1,0.110782
0.44,F4_max,0.333843,0.2876,REFUSE,0.333843,0.223061,0.333843,1,0.110782
0.44,F4_max,0.333843,0.2886,REFUSE,0.333843,0.223061,0.333843,1,0.110782
0.44,F4_max,0.333843,0.2896,REFUSE,0.333843,0.223061,0.333843,1,0.110782
0.44,F4_max,0.333843,0.2906,REFUSE,0.333843,0.223061,0.333843,1,0.110782
0.44,F4_max,0.333843,0.2916,REFUSE,0.333843,0.223061,0.333843,1,0.110782
0.44,F4_max,0.333843,0.2926,REFUSE,0.333843,0.223061,0.333843,1,0.110782
0.44,F4_max,0.333843,0.2936,REFUSE,0.333843,0.223061,0.333843,1,0.110782
0.44,F4_max,0.333843,0.2946,REFUSE,0.333843,0.223061,0.333843,1,0.110782
0.44,F4_max,0.333843,0.2956,REFUSE,0.333843,0.223061,0.333843,1,0.110782
0.44,F4_max,0.333843,0.2966,REFUSE,0.333843,0.223061,0.333843,1,0.110782
0.44,F4_max,0.333843,0.2976,REFUSE,0.333843,0.223061,0.333843,1,0.110782
0.44,F4_max,0.333843,0.2986,REFUSE,0.333843,0.223061,0.333843,1,0.110782
0.44,F4_max,0.333843,0.2996,REFUSE,0.333843,0.223061,0.333843,1,0.110782
0.44,F4_max,0.333843,0.3006,REFUSE,0.333843,0.223061,0.333843,1,0.110782
0.44,F4_max,0.333843,0.3016,REFUSE,0.333843,0.223061,0.333843,1,0.110782
0.44,F4_max,0.333843,0.3026,REFUSE,0.333843,0.223061,0.333843,1,0.110782
0.44,F4_max,0.333843,0.3036,REFUSE,0.333843,0.223061,0.333843,1,0.110782
0.44,F4_max,0.333843,0.3046,REFUSE,0.333843,0.223061,0.333843,1,0.110782
0.44,F4_max,0.333843,0.3056,REFUSE,0.333843,0.223061,0.333843,1,0.110782
0.44,F4_max,0.333843,0.3066,REFUSE,0.333843,0.223061,0.333843,1,0.110782
0.44,F4_max,0.333843,0.3076,REFUSE,0.333843,0.223061,0.333843,1,0.110782
0.44,F4_max,0.333843,0.3086,REFUSE,0.333843,0.223061,0.333843,1,0.110782
0.44,F4_max,0.333843,0.3096,REFUSE,0.333843,0.223061,0.333843,1,0.110782
0.44,F4_max,0.333843,0.3106,REFUSE,0.333843,0.223061,0.333843,1,0.110782
0.44,F4_max,0.333843,0.3116,REFUSE,0.333843,0.223061,0.333843,1,0.110782
0.44,F4_max,0.333843,0.3126,REFUSE,0.333843,0.223061,0.333843,1,0.110782
0.44,F4_max,0.333843,0.3136,REFUSE,0.333843,0.223061,0.333843,1,0.110782
0.44,F4_max,0.333843,0.3146,REFUSE,0.333843,0.223061,0.333843,1,0.110782
0.44,F4_max,0.333843,0.3156,REFUSE,0.333843,0.223061,0.333843,1,0.110782
0.44,F4_max,0.333843,0.3166,REFUSE,0.333843,0.223061,0.333843,1,0.110782
0.44,F4_max,0.333843,0.3176,REFUSE,0.333843,0.223061,0.333843,1,0.110782
0.44,F4_max,0.333843,0.3186,REFUSE,0.333843,0.223061,0.333843,1,0.110782
0.44,F4_max,0.333843,0.3196,REFUSE,0.333843,0.223061,0.333843,1,0.110782
0.44,F4_max,0.333843,0.3206,REFUSE,0.333843,0.223061,0.333843,1,0.110782
0.44,F4_max,0.333843,0.3216,REFUSE,0.333843,0.223061,0.333843,1,0.110782
0.44,F4_max,0.333843,0.3226,REFUSE,0.333843,0.223061,0.333843,1,0.110782
0.44,F4_max,0.333843,0.3236,REFUSE,0.333843,0.223061,0.333843,1,0.110782
0.44,F4_max,0.333843,0.3246,REFUSE,0.333843,0.223061,0.333843,1,0.110782
0.44,F4_max,0.333843,0.3257,REFUSE,0.333843,0.223061,0.333843,1,0.110782
0.44,F4_max,0.333843,0.3267,REFUSE,0.333843,0.223061,0.333843,1,0.110782
0.44,F4_max,0.333843,0.3277,REFUSE,0.333843,0.223061,0.333843,1,0.110782
0.44,F4_max,0.333843,0.3287,REFUSE,0.333843,0.223061,0.333843,1,0.110782
0.44,F4_max,0.333843,0.3297,REFUSE,0.333843,0.223061,0.333843,1,0.110782
0.44,F4_max,0.333843,0.3307,REFUSE,0.333843,0.223061,0.333843,1,0.110782
0.44,F4_max,0.333843,0.3317,REFUSE,0.333843,0.223061,0.333843,1,0.110782
0.44,F4_max,0.333843,0.3327,REFUSE,0.333843,0.223061,0.333843,1,0.110782
0.44,F4_max,0.333843,0.3337,REFUSE,0.333843,0.223061,0.333843,1,0.110782
0.44,F4_max,0.333843,0.3347,ACT,0.333843,0.223061,0.333843,1,0.110782
0.44,F4_max,0.333843,0.3357,ACT,0.333843,0.223061,0.333843,1,0.110782
0.44,F4_max,0.333843,0.3367,ACT,0.333843,0.223061,0.333843,1,0.110782
0.44,F4_max,0.333843,0.3377,ACT,0.333843,0.223061,0.333843,1,0.110782
0.44,F4_max,0.333843,0.3387,ACT,0.333843,0.223061,0.333843,1,0.110782
0.44,F4_max,0.333843,0.3397,ACT,0.333843,0.223061,0.333843,1,0.110782
0.44,F4_max,0.333843,0.3407,ACT,0.333843,0.223061,0.333843,1,0.110782
0.44,F4_max,0.333843,0.3417,ACT,0.333843,0.223061,0.333843,1,0.110782
0.44,F4_max,0.333843,0.3427,ACT,0.333843,0.223061,0.333843,1,0.110782
0.44,F4_max,0.333843,0.3437,ACT,0.333843,0.223061,0.333843,1,0.110782
0.44,F4_max,0.333843,0.3447,ACT,0.333843,0.223061,0.333843,1,0.110782
0.44,F4_max,0.333843,0.3457,ACT,0.333843,0.223061,0.333843,1,0.110782
0.44,F4_max,0.333843,0.3467,ACT,0.333843,0.223061,0.333843,1,0.110782
0.44,F4_max,0.333843,0.3477,ACT,0.333843,0.223061,0.333843,1,0.110782
0.44,F4_max,0.333843,0.3487,ACT,0.333843,0.223061,0.333843,1,0.110782
0.44,F4_max,0.333843,0.3497,ACT,0.333843,0.223061,0.333843,1,0.110782
0.44,F4_max,0.333843,0.3507,ACT,0.333843,0.223061,0.333843,1,0.110782
0.44,F4_max,0.333843,0.3517,ACT,0.333843,0.223061,0.333843,1,0.110782
0.44,F4_max,0.333843,0.3527,ACT,0.333843,0.223061,0.333843,1,0.110782
0.44,F4_max,0.333843,0.3537,ACT,0.333843,0.223061,0.333843,1,0.110782
0.44,F4_max,0.333843,0.3547,ACT,0.333843,0.223061,0.333843,1,0.110782
0.44,F4_max,0.333843,0.3557,ACT,0.333843,0.223061,0.333843,1,0.110782
0.44,F4_max,0.333843,0.3567,ACT,0.333843,0.223061,0.333843,1,0.110782
0.44,F4_max,0.333843,0.3577,ACT,0.333843,0.223061,0.333843,1,0.110782
0.44,F4_max,0.333843,0.3587,ACT,0.333843,0.223061,0.333843,1,0.110782
0.44,F4_max,0.333843,0.3597,ACT,0.333843,0.223061,0.333843,1,0.110782
0.44,F4_max,0.333843,0.3607,ACT,0.333843,0.223061,0.333843,1,0.110782
0.44,F4_max,0.333843,0.3617,ACT,0.333843,0.223061,0.333843,1,0.110782
0.44,F4_max,0.333843,0.3627,ACT,0.333843,0.223061,0.333843,1,0.110782
0.44,F4_max,0.333843,0.3637,ACT,0.333843,0.223061,0.333843,1,0.110782
0.44,F4_max,0.333843,0.3647,ACT,0.333843,0.223061,0.333843,1,0.110782
0.44,F4_max,0.333843,0.3657,ACT,0.333843,0.223061,0.333843,1,0.110782
0.44,F4_max,0.333843,0.3667,ACT,0.333843,0.223061,0.333843,1,0.110782
0.44,F4_max,0.333843,0.3677,ACT,0.333843,0.223061,0.333843,1,0.110782
0.44,F4_max,0.333843,0.3687,ACT,0.333843,0.223061,0.333843,1,0.110782
0.44,F4_max,0.333843,0.3697,ACT,0.333843,0.223061,0.333843,1,0.110782
0.44,F4_max,0.333843,0.3707,ACT,0.333843,0.223061,0.333843,1,0.110782
0.44,F4_max,0.333843,0.3717,ACT,0.333843,0.223061,0.333843,1,0.110782
0.44,F4_max,0.333843,0.3727,ACT,0.333843,0.223061,0.333843,1,0.110782
0.44,F4_max,0.333843,0.3737,ACT,0.333843,0.223061,0.333843,1,0.110782
0.44,F4_max,0.333843,0.3747,ACT,0.333843,0.223061,0.333843,1,0.110782
0.44,F4_max,0.333843,0.3758,ACT,0.333843,0.223061,0.333843,1,0.110782
0.44,F4_max,0.333843,0.3768,ACT,0.333843,0.223061,0.333843,1,0.110782
0.44,F4_max,0.333843,0.3778,ACT,0.333843,0.223061,0.333843,1,0.110782
0.44,F4_max,0.333843,0.3788,ACT,0.333843,0.223061,0.333843,1,0.110782
0.44,F4_max,0.333843,0.3798,ACT,0.333843,0.223061,0.333843,1,0.110782
0.44,F4_max,0.333843,0.3808,ACT,0.333843,0.223061,0.333843,1,0.110782
0.44,F4_max,0.333843,0.3818,ACT,0.333843,0.223061,0.333843,1,0.110782
0.44,F4_max,0.333843,0.3828,ACT,0.333843,0.223061,0.333843,1,0.110782
0.44,F4_max,0.333843,0.3838,ACT,0.333843,0.223061,0.333843,1,0.110782
0.44,F4_max,0.333843,0.3848,ACT,0.333843,0.223061,0.333843,1,0.110782
0.44,F4_max,0.333843,0.3858,ACT,0.333843,0.223061,0.333843,1,0.110782
0.44,F4_max,0.333843,0.3868,ACT,0.333843,0.223061,0.333843,1,0.110782
0.44,F4_max,0.333843,0.3878,ACT,0.333843,0.223061,0.333843,1,0.110782
0.44,F4_max,0.333843,0.3888,ACT,0.333843,0.223061,0.333843,1,0.110782
0.44,F4_max,0.333843,0.3898,ACT,0.333843,0.223061,0.333843,1,0.110782
0.44,F4_max,0.333843,0.3908,ACT,0.333843,0.223061,0.333843,1,0.110782
0.44,F4_max,0.333843,0.3918,ACT,0.333843,0.223061,0.333843,1,0.110782
0.44,F4_max,0.333843,0.3928,ACT,0.333843,0.223061,0.333843,1,0.110782
0.44,F4_max,0.333843,0.3938,ACT,0.333843,0.223061,0.333843,1,0.110782
0.44,F4_max,0.333843,0.3948,ACT,0.333843,0.223061,0.333843,1,0.110782
0.44,F4_max,0.333843,0.3958,ACT,0.333843,0.223061,0.333843,1,0.110782
0.44,F4_max,0.333843,0.3968,ACT,0.333843,0.223061,0.333843,1,0.110782
0.44,F4_max,0.333843,0.3978,ACT,0.333843,0.223061,0.333843,1,0.110782
0.44,F4_max,0.333843,0.3988,ACT,0.333843,0.223061,0.333843,1,0.110782
0.44,F4_max,0.333843,0.3998,ACT,0.333843,0.223061,0.333843,1,0.110782
0.44,F4_max,0.333843,0.4008,ACT,0.333843,0.223061,0.333843,1,0.110782
0.44,F4_max,0.333843,0.4018,ACT,0.333843,0.223061,0.333843,1,0.110782
0.44,F4_max,0.333843,0.4028,ACT,0.333843,0.223061,0.333843,1,0.110782
0.44,F4_max,0.333843,0.4038,ACT,0.333843,0.223061,0.333843,1,0.110782
0.44,F4_max,0.333843,0.4048,ACT,0.333843,0.223061,0.333843,1,0.110782
0.44,F4_max,0.333843,0.4058,ACT,0.333843,0.223061,0.333843,1,0.110782
0.44,F4_max,0.333843,0.4068,ACT,0.333843,0.223061,0.333843,1,0.110782
0.44,F4_max,0.333843,0.4078,ACT,0.333843,0.223061,0.333843,1,0.110782
0.44,F4_max,0.333843,0.4088,ACT,0.333843,0.223061,0.333843,1,0.110782
0.44,F4_max,0.333843,0.4098,ACT,0.333843,0.223061,0.333843,1,0.110782
0.44,F4_max,0.333843,0.4108,ACT,0.333843,0.223061,0.333843,1,0.110782
0.44,F4_max,0.333843,0.4118,ACT,0.333843,0.223061,0.333843,1,0.110782
0.44,F4_max,0.333843,0.4128,ACT,0.333843,0.223061,0.333843,1,0.110782
0.44,F4_max,0.333843,0.4138,ACT,0.333843,0.223061,0.333843,1,0.110782
0.44,F4_max,0.333843,0.4148,ACT,0.333843,0.223061,0.333843,1,0.110782
0.44,F4_max,0.333843,0.4158,ACT,0.333843,0.223061,0.333843,1,0.110782
0.44,F4_max,0.333843,0.4168,ACT,0.333843,0.223061,0.333843,1,0.110782
0.44,F4_max,0.333843,0.4178,ACT,0.333843,0.223061,0.333843,1,0.110782
0.44,F4_max,0.333843,0.4188,ACT,0.333843,0.223061,0.333843,1,0.110782
0.44,F4_max,0.333843,0.4198,ACT,0.333843,0.223061,0.333843,1,0.110782
0.44,F4_max,0.333843,0.4208,ACT,0.333843,0.223061,0.333843,1,0.110782
0.44,F4_max,0.333843,0.4218,ACT,0.333843,0.223061,0.333843,1,0.110782
0.44,F4_max,0.333843,0.4228,ACT,0.333843,0.223061,0.333843,1,0.110782
0.44,F4_max,0.333843,0.4238,ACT,0.333843,0.223061,0.333843,1,0.110782
0.44,F4_max,0.333843,0.4248,ACT,0.333843,0.223061,0.333843,1,0.110782
0.44,F4_max,0.333843,0.4259,ACT,0.333843,0.223061,0.333843,1,0.110782
0.44,F4_max,0.333843,0.4269,ACT,0.333843,0.223061,0.333843,1,0.110782
0.44,F4_max,0.333843,0.4279,ACT,0.333843,0.223061,0.333843,1,0.110782
0.44,F4_max,0.333843,0.4289,ACT,0.333843,0.223061,0.333843,1,0.110782
0.44,F4_max,0.333843,0.4299,ACT,0.333843,0.223061,0.333843,1,0.110782
0.44,F4_max,0.333843,0.4309,ACT,0.333843,0.223061,0.333843,1,0.110782
0.44,F4_max,0.333843,0.4319,ACT,0.333843,0.223061,0.333843,1,0.110782
0.44,F4_max,0.333843,0.4329,ACT,0.333843,0.223061,0.333843,1,0.110782
0.44,F4_max,0.333843,0.4339,ACT,0.333843,0.223061,0.333843,1,0.110782
0.44,F4_max,0.333843,0.4349,ACT,0.333843,0.223061,0.333843,1,0.110782
0.44,F4_max,0.333843,0.4359,ACT,0.333843,0.223061,0.333843,1,0.110782
0.44,F4_max,0.333843,0.4369,ACT,0.333843,0.223061,0.333843,1,0.110782
0.44,F4_max,0.333843,0.4379,ACT,0.333843,0.223061,0.333843,1,0.110782
0.44,F4_max,0.333843,0.4389,ACT,0.333843,0.223061,0.333843,1,0.110782
0.44,F4_max,0.333843,0.4399,ACT,0.333843,0.223061,0.333843,1,0.110782
0.44,F4_max,0.333843,0.4409,ACT,0.333843,0.223061,0.333843,1,0.110782
0.44,F4_max,0.333843,0.4419,ACT,0.333843,0.223061,0.333843,1,0.110782
0.44,F4_max,0.333843,0.4429,ACT,0.333843,0.223061,0.333843,1,0.110782
0.44,F4_max,0.333843,0.4439,ACT,0.333843,0.223061,0.333843,1,0.110782
0.44,F4_max,0.333843,0.4449,ACT,0.333843,0.223061,0.333843,1,0.110782
0.44,F4_max,0.333843,0.4459,ACT,0.333843,0.223061,0.333843,1,0.110782
0.44,F4_max,0.333843,0.4469,ACT,0.333843,0.223061,0.333843,1,0.110782
0.44,F4_max,0.333843,0.4479,ACT,0.333843,0.223061,0.333843,1,0.110782
0.44,F4_max,0.333843,0.4489,ACT,0.333843,0.223061,0.333843,1,0.110782
0.44,F4_max,0.333843,0.4499,ACT,0.333843,0.223061,0.333843,1,0.110782
0.44,F4_max,0.333843,0.4509,ACT,0.333843,0.223061,0.333843,1,0.110782
0.44,F4_max,0.333843,0.4519,ACT,0.333843,0.223061,0.333843,1,0.110782
0.44,F4_max,0.333843,0.4529,ACT,0.333843,0.223061,0.333843,1,0.110782
0.44,F4_max,0.333843,0.4539,ACT,0.333843,0.223061,0.333843,1,0.110782
0.44,F4_max,0.333843,0.4549,ACT,0.333843,0.223061,0.333843,1,0.110782
0.44,F4_max,0.333843,0.4559,ACT,0.333843,0.223061,0.333843,1,0.110782
0.44,F4_max,0.333843,0.4569,ACT,0.333843,0.223061,0.333843,1,0.110782
0.44,F4_max,0.333843,0.4579,ACT,0.333843,0.223061,0.333843,1,0.110782
0.44,F4_max,0.333843,0.4589,ACT,0.333843,0.223061,0.333843,1,0.110782
0.44,F4_max,0.333843,0.4599,ACT,0.333843,0.223061,0.333843,1,0.110782
0.44,F4_max,0.333843,0.4609,ACT,0.333843,0.223061,0.333843,1,0.110782
0.44,F4_max,0.333843,0.4619,ACT,0.333843,0.223061,0.333843,1,0.110782
0.44,F4_max,0.333843,0.4629,ACT,0.333843,0.223061,0.333843,1,0.110782
0.44,F4_max,0.333843,0.4639,ACT,0.333843,0.223061,0.333843,1,0.110782
0.44,F4_max,0.333843,0.4649,ACT,0.333843,0.223061,0.333843,1,0.110782
0.44,F4_max,0.333843,0.4659,ACT,0.333843,0.223061,0.333843,1,0.110782
0.44,F4_max,0.333843,0.4669,ACT,0.333843,0.223061,0.333843,1,0.110782
0.44,F4_max,0.333843,0.4679,ACT,0.333843,0.223061,0.333843,1,0.110782
0.44,F4_max,0.333843,0.4689,ACT,0.333843,0.223061,0.333843,1,0.110782
0.44,F4_max,0.333843,0.4699,ACT,0.333843,0.223061,0.333843,1,0.110782
0.44,F4_max,0.333843,0.4709,ACT,0.333843,0.223061,0.333843,1,0.110782
0.44,F4_max,0.333843,0.4719,ACT,0.333843,0.223061,0.333843,1,0.110782
0.44,F4_max,0.333843,0.4729,ACT,0.333843,0.223061,0.333843,1,0.110782
0.44,F4_max,0.333843,0.4739,ACT,0.333843,0.223061,0.333843,1,0.110782
0.44,F4_max,0.333843,0.4749,ACT,0.333843,0.223061,0.333843,1,0.110782
0.44,F4_max,0.333843,0.476,ACT,0.333843,0.223061,0.333843,1,0.110782
0.44,F4_max,0.333843,0.477,ACT,0.333843,0.223061,0.333843,1,0.110782
0.44,F4_max,0.333843,0.478,ACT,0.333843,0.223061,0.333843,1,0.110782
0.44,F4_max,0.333843,0.479,ACT,0.333843,0.223061,0.333843,1,0.110782
0.44,F4_max,0.333843,0.48,ACT,0.333843,0.223061,0.333843,1,0.110782
0.44,F4_max,0.333843,0.481,ACT,0.333843,0.223061,0.333843,1,0.110782
0.44,F4_max,0.333843,0.482,ACT,0.333843,0.223061,0.333843,1,0.110782
0.44,F4_max,0.333843,0.483,ACT,0.333843,0.223061,0.333843,1,0.110782
0.44,F4_max,0.333843,0.484,ACT,0.333843,0.223061,0.333843,1,0.110782
0.44,F4_max,0.333843,0.485,ACT,0.333843,0.223061,0.333843,1,0.110782
0.44,F4_max,0.333843,0.486,ACT,0.333843,0.223061,0.333843,1,0.110782
0.44,F4_max,0.333843,0.487,ACT,0.333843,0.223061,0.333843,1,0.110782
0.44,F4_max,0.333843,0.488,ACT,0.333843,0.223061,0.333843,1,0.110782
0.44,F4_max,0.333843,0.489,ACT,0.333843,0.223061,0.333843,1,0.110782
0.44,F4_max,0.333843,0.49,ACT,0.333843,0.223061,0.333843,1,0.110782
0.44,F4_max,0.333843,0.491,ACT,0.333843,0.223061,0.333843,1,0.110782
0.44,F4_max,0.333843,0.492,ACT,0.333843,0.223061,0.333843,1,0.110782
0.44,F4_max,0.333843,0.493,ACT,0.333843,0.223061,0.333843,1,0.110782
0.44,F4_max,0.333843,0.494,ACT,0.333843,0.223061,0.333843,1,0.110782
0.44,F4_max,0.333843,0.495,ACT,0.333843,0.223061,0.333843,1,0.110782
0.44,F4_max,0.333843,0.496,ACT,0.333843,0.223061,0.333843,1,0.110782
0.44,F4_max,0.333843,0.497,ACT,0.333843,0.223061,0.333843,1,0.110782
0.44,F4_max,0.333843,0.498,ACT,0.333843,0.223061,0.333843,1,0.110782
0.44,F4_max,0.333843,0.499,ACT,0.333843,0.223061,0.333843,1,0.110782
0.44,F4_max,0.333843,0.5,ACT,0.333843,0.223061,0.333843,1,0.110782
