path,case_id,family,step_idx,level,admissible,k,perm_m,C_mn,A_e_perm,A_e,gap,sound,monotone_step,monotone_k
A_canonical,M01,induction,0,5,0,4,AEX,0.75,AEX,0.75,0.0,1,1,1
A_canonical,M01,induction,0,5,0,8,AEX,0.75,AEX,0.75,0.0,1,1,1
A_canonical,M01,induction,0,5,0,16,AEX,0.75,AEX,0.75,0.0,1,1,1
A_canonical,M01,induction,0,5,0,32,AEX,0.75,AEX,0.75,0.0,1,1,1
A_canonical,M01,induction,0,5,0,64,AEX,0.75,AEX,0.75,0.0,1,1,1
A_canonical,M02,induction,0,5,0,4,AEX,0.75,AEX,0.75,0.0,1,1,1
A_canonical,M02,induction,0,5,0,8,AEX,0.75,AEX,0.75,0.0,1,1,1
A_canonical,M02,induction,0,5,0,16,AEX,0.75,AEX,0.75,0.0,1,1,1
A_canonical,M02,induction,0,5,0,32,AEX,0.75,AEX,0.75,0.0,1,1,1
A_canonical,M02,induction,0,5,0,64,AEX,0.75,AEX,0.75,0.0,1,1,1
A_canonical,M03,induction,0,5,0,4,AEX,0.75,AEX,0.75,0.0,1,1,1
A_canonical,M03,induction,0,5,0,8,AEX,0.75,AEX,0.75,0.0,1,1,1
A_canonical,M03,induction,0,5,0,16,AEX,0.75,AEX,0.75,0.0,1,1,1
A_canonical,M03,induction,0,5,0,32,AEX,0.75,AEX,0.75,0.0,1,1,1
A_canonical,M03,induction,0,5,0,64,AEX,0.75,AEX,0.75,0.0,1,1,1
A_canonical,M04,induction,0,5,0,4,AEX,0.75,AEX,0.75,0.0,1,1,1
A_canonical,M04,induction,0,5,0,8,AEX,0.75,AEX,0.75,0.0,1,1,1
A_canonical,M04,induction,0,5,0,16,AEX,0.75,AEX,0.75,0.0,1,1,1
A_canonical,M04,induction,0,5,0,32,AEX,0.75,AEX,0.75,0.0,1,1,1
A_canonical,M04,induction,0,5,0,64,AEX,0.75,AEX,0.75,0.0,1,1,1
A_canonical,M05,induction,0,5,0,4,AEX,0.75,AEX,0.75,0.0,1,1,1
A_canonical,M05,induction,0,5,0,8,AEX,0.75,AEX,0.75,0.0,1,1,1
A_canonical,M05,induction,0,5,0,16,AEX,0.75,AEX,0.75,0.0,1,1,1
A_canonical,M05,induction,0,5,0,32,AEX,0.75,AEX,0.75,0.0,1,1,1
A_canonical,M05,induction,0,5,0,64,AEX,0.75,AEX,0.75,0.0,1,1,1
A_canonical,M06,induction,0,5,0,4,AEX,0.75,AEX,0.75,0.0,1,1,1
A_canonical,M06,induction,0,5,0,8,AEX,0.75,AEX,0.75,0.0,1,1,1
A_canonical,M06,induction,0,5,0,16,AEX,0.75,AEX,0.75,0.0,1,1,1
A_canonical,M06,induction,0,5,0,32,AEX,0.75,AEX,0.75,0.0,1,1,1
A_canonical,M06,induction,0,5,0,64,AEX,0.75,AEX,0.75,0.0,1,1,1
A_canonical,M07,induction,0,5,0,4,AEX,0.75,AEX,0.75,0.0,1,1,1
A_canonical,M07,induction,0,5,0,8,AEX,0.75,AEX,0.75,0.0,1,1,1
A_canonical,M07,induction,0,5,0,16,AEX,0.75,AEX,0.75,0.0,1,1,1
A_canonical,M07,induction,0,5,0,32,AEX,0.75,AEX,0.75,0.0,1,1,1
A_canonical,M07,induction,0,5,0,64,AEX,0.75,AEX,0.75,0.0,1,1,1
A_canonical,H01,held_out,0,5,0,4,AEX,0.75,AEX,0.75,0.0,1,1,1
A_canonical,H01,held_out,0,5,0,8,AEX,0.75,AEX,0.75,0.0,1,1,1
A_canonical,H01,held_out,0,5,0,16,AEX,0.75,AEX,0.75,0.0,1,1,1
A_canonical,H01,held_out,0,5,0,32,AEX,0.75,AEX,0.75,0.0,1,1,1
A_canonical,H01,held_out,0,5,0,64,AEX,0.75,AEX,0.75,0.0,1,1,1
A_canonical,H02,held_out,0,5,0,4,AEX,0.75,REV,0.5,-0.25,0,1,1
A_canonical,H02,held_out,0,5,0,8,AEX,0.75,REV,0.5,-0.25,0,1,1
A_canonical,H02,held_out,0,5,0,16,AEX,0.75,REV,0.5,-0.25,0,1,1
A_canonical,H02,held_out,0,5,0,32,AEX,0.75,REV,0.5,-0.25,0,1,1
A_canonical,H02,held_out,0,5,0,64,AEX,0.75,REV,0.5,-0.25,0,1,1
A_canonical,H03,held_out,0,5,0,4,DIA,0.25,DIA,0.25,0.0,1,1,1
A_canonical,H03,held_out,0,5,0,8,DIA,0.25,DIA,0.25,0.0,1,1,1
A_canonical,H03,held_out,0,5,0,16,DIA,0.25,DIA,0.25,0.0,1,1,1
A_canonical,H03,held_out,0,5,0,32,DIA,0.25,DIA,0.25,0.0,1,1,1
A_canonical,H03,held_out,0,5,0,64,DIA,0.25,DIA,0.25,0.0,1,1,1
A_canonical,H04,held_out,0,5,0,4,AEX,0.75,AEX,0.75,0.0,1,1,1
A_canonical,H04,held_out,0,5,0,8,AEX,0.75,AEX,0.75,0.0,1,1,1
A_canonical,H04,held_out,0,5,0,16,AEX,0.75,AEX,0.75,0.0,1,1,1
A_canonical,H04,held_out,0,5,0,32,AEX,0.75,AEX,0.75,0.0,1,1,1
A_canonical,H04,held_out,0,5,0,64,AEX,0.75,AEX,0.75,0.0,1,1,1
A_canonical,H05,held_out,0,5,0,4,AEX,0.75,AEX,0.75,0.0,1,1,1
A_canonical,H05,held_out,0,5,0,8,AEX,0.75,AEX,0.75,0.0,1,1,1
A_canonical,H05,held_out,0,5,0,16,AEX,0.75,AEX,0.75,0.0,1,1,1
A_canonical,H05,held_out,0,5,0,32,AEX,0.75,AEX,0.75,0.0,1,1,1
A_canonical,H05,held_out,0,5,0,64,AEX,0.75,AEX,0.75,0.0,1,1,1
A_canonical,S-REF,synthetic_ladder,0,5,0,4,REF,0.0,REF,0.0,0.0,1,1,1
A_canonical,S-REF,synthetic_ladder,0,5,0,8,REF,0.0,REF,0.0,0.0,1,1,1
A_canonical,S-REF,synthetic_ladder,0,5,0,16,REF,0.0,REF,0.0,0.0,1,1,1
A_canonical,S-REF,synthetic_ladder,0,5,0,32,REF,0.0,REF,0.0,0.0,1,1,1
A_canonical,S-REF,synthetic_ladder,0,5,0,64,REF,0.0,REF,0.0,0.0,1,1,1
A_canonical,S-DIA,synthetic_ladder,0,5,0,4,DIA,0.25,DIA,0.25,0.0,1,1,1
A_canonical,S-DIA,synthetic_ladder,0,5,0,8,DIA,0.25,DIA,0.25,0.0,1,1,1
A_canonical,S-DIA,synthetic_ladder,0,5,0,16,DIA,0.25,DIA,0.25,0.0,1,1,1
A_canonical,S-DIA,synthetic_ladder,0,5,0,32,DIA,0.25,DIA,0.25,0.0,1,1,1
A_canonical,S-DIA,synthetic_ladder,0,5,0,64,DIA,0.25,DIA,0.25,0.0,1,1,1
A_canonical,S-REV,synthetic_ladder,0,5,0,4,AEX,0.75,REV,0.5,-0.25,0,1,1
A_canonical,S-REV,synthetic_ladder,0,5,0,8,AEX,0.75,REV,0.5,-0.25,0,1,1
A_canonical,S-REV,synthetic_ladder,0,5,0,16,AEX,0.75,REV,0.5,-0.25,0,1,1
A_canonical,S-REV,synthetic_ladder,0,5,0,32,AEX,0.75,REV,0.5,-0.25,0,1,1
A_canonical,S-REV,synthetic_ladder,0,5,0,64,AEX,0.75,REV,0.5,-0.25,0,1,1
A_canonical,S-AEX,synthetic_ladder,0,5,0,4,AEX,0.75,AEX,0.75,0.0,1,1,1
A_canonical,S-AEX,synthetic_ladder,0,5,0,8,AEX,0.75,AEX,0.75,0.0,1,1,1
A_canonical,S-AEX,synthetic_ladder,0,5,0,16,AEX,0.75,AEX,0.75,0.0,1,1,1
A_canonical,S-AEX,synthetic_ladder,0,5,0,32,AEX,0.75,AEX,0.75,0.0,1,1,1
A_canonical,S-AEX,synthetic_ladder,0,5,0,64,AEX,0.75,AEX,0.75,0.0,1,1,1
A_canonical,S-ALR,synthetic_ladder,0,5,0,4,ALR,1.0,ALR,1.0,0.0,1,1,1
A_canonical,S-ALR,synthetic_ladder,0,5,0,8,ALR,1.0,ALR,1.0,0.0,1,1,1
A_canonical,S-ALR,synthetic_ladder,0,5,0,16,ALR,1.0,ALR,1.0,0.0,1,1,1
A_canonical,S-ALR,synthetic_ladder,0,5,0,32,ALR,1.0,ALR,1.0,0.0,1,1,1
A_canonical,S-ALR,synthetic_ladder,0,5,0,64,ALR,1.0,ALR,1.0,0.0,1,1,1
A_canonical,W-currency,active_witness,0,5,0,4,ALR,1.0,ALR,1.0,0.0,1,1,1
A_canonical,W-currency,active_witness,0,5,0,8,ALR,1.0,ALR,1.0,0.0,1,1,1
A_canonical,W-currency,active_witness,0,5,0,16,ALR,1.0,ALR,1.0,0.0,1,1,1
A_canonical,W-currency,active_witness,0,5,0,32,ALR,1.0,ALR,1.0,0.0,1,1,1
A_canonical,W-currency,active_witness,0,5,0,64,ALR,1.0,ALR,1.0,0.0,1,1,1
A_canonical,W-deployment,active_witness,0,5,0,4,ALR,1.0,ALR,1.0,0.0,1,1,1
A_canonical,W-deployment,active_witness,0,5,0,8,ALR,1.0,ALR,1.0,0.0,1,1,1
A_canonical,W-deployment,active_witness,0,5,0,16,ALR,1.0,ALR,1.0,0.0,1,1,1
A_canonical,W-deployment,active_witness,0,5,0,32,ALR,1.0,ALR,1.0,0.0,1,1,1
A_canonical,W-deployment,active_witness,0,5,0,64,ALR,1.0,ALR,1.0,0.0,1,1,1
A_canonical,W-population,active_witness,0,5,0,4,ALR,1.0,ALR,1.0,0.0,1,1,1
A_canonical,W-population,active_witness,0,5,0,8,ALR,1.0,ALR,1.0,0.0,1,1,1
A_canonical,W-population,active_witness,0,5,0,16,ALR,1.0,ALR,1.0,0.0,1,1,1
A_canonical,W-population,active_witness,0,5,0,32,ALR,1.0,ALR,1.0,0.0,1,1,1
A_canonical,W-population,active_witness,0,5,0,64,ALR,1.0,ALR,1.0,0.0,1,1,1
A_canonical,W-clinical,active_witness,0,5,0,4,ALR,1.0,ALR,1.0,0.0,1,1,1
A_canonical,W-clinical,active_witness,0,5,0,8,ALR,1.0,ALR,1.0,0.0,1,1,1
A_canonical,W-clinical,active_witness,0,5,0,16,ALR,1.0,ALR,1.0,0.0,1,1,1
A_canonical,W-clinical,active_witness,0,5,0,32,ALR,1.0,ALR,1.0,0.0,1,1,1
A_canonical,W-clinical,active_witness,0,5,0,64,ALR,1.0,ALR,1.0,0.0,1,1,1
A_canonical,M01,induction,1,4,1,4,REV,0.5,AEX,0.75,0.25,1,0,1
A_canonical,M01,induction,1,4,1,8,REV,0.5,AEX,0.75,0.25,1,0,1
A_canonical,M01,induction,1,4,1,16,REV,0.5,AEX,0.75,0.25,1,0,1
A_canonical,M01,induction,1,4,1,32,REV,0.5,AEX,0.75,0.25,1,0,1
A_canonical,M01,induction,1,4,1,64,REV,0.5,AEX,0.75,0.25,1,0,1
A_canonical,M02,induction,1,4,1,4,REV,0.5,AEX,0.75,0.25,1,0,1
A_canonical,M02,induction,1,4,1,8,REV,0.5,AEX,0.75,0.25,1,0,1
A_canonical,M02,induction,1,4,1,16,REV,0.5,AEX,0.75,0.25,1,0,1
A_canonical,M02,induction,1,4,1,32,REV,0.5,AEX,0.75,0.25,1,0,1
A_canonical,M02,induction,1,4,1,64,REV,0.5,AEX,0.75,0.25,1,0,1
A_canonical,M03,induction,1,4,1,4,REV,0.5,AEX,0.75,0.25,1,0,1
A_canonical,M03,induction,1,4,1,8,REV,0.5,AEX,0.75,0.25,1,0,1
A_canonical,M03,induction,1,4,1,16,REV,0.5,AEX,0.75,0.25,1,0,1
A_canonical,M03,induction,1,4,1,32,REV,0.5,AEX,0.75,0.25,1,0,1
A_canonical,M03,induction,1,4,1,64,REV,0.5,AEX,0.75,0.25,1,0,1
A_canonical,M04,induction,1,4,1,4,REV,0.5,AEX,0.75,0.25,1,0,1
A_canonical,M04,induction,1,4,1,8,REV,0.5,AEX,0.75,0.25,1,0,1
A_canonical,M04,induction,1,4,1,16,REV,0.5,AEX,0.75,0.25,1,0,1
A_canonical,M04,induction,1,4,1,32,REV,0.5,AEX,0.75,0.25,1,0,1
A_canonical,M04,induction,1,4,1,64,REV,0.5,AEX,0.75,0.25,1,0,1
A_canonical,M05,induction,1,4,1,4,REV,0.5,AEX,0.75,0.25,1,0,1
A_canonical,M05,induction,1,4,1,8,REV,0.5,AEX,0.75,0.25,1,0,1
A_canonical,M05,induction,1,4,1,16,REV,0.5,AEX,0.75,0.25,1,0,1
A_canonical,M05,induction,1,4,1,32,REV,0.5,AEX,0.75,0.25,1,0,1
A_canonical,M05,induction,1,4,1,64,REV,0.5,AEX,0.75,0.25,1,0,1
A_canonical,M06,induction,1,4,1,4,REV,0.5,AEX,0.75,0.25,1,0,1
A_canonical,M06,induction,1,4,1,8,REV,0.5,AEX,0.75,0.25,1,0,1
A_canonical,M06,induction,1,4,1,16,REV,0.5,AEX,0.75,0.25,1,0,1
A_canonical,M06,induction,1,4,1,32,REV,0.5,AEX,0.75,0.25,1,0,1
A_canonical,M06,induction,1,4,1,64,REV,0.5,AEX,0.75,0.25,1,0,1
A_canonical,M07,induction,1,4,1,4,REV,0.5,AEX,0.75,0.25,1,0,1
A_canonical,M07,induction,1,4,1,8,REV,0.5,AEX,0.75,0.25,1,0,1
A_canonical,M07,induction,1,4,1,16,REV,0.5,AEX,0.75,0.25,1,0,1
A_canonical,M07,induction,1,4,1,32,REV,0.5,AEX,0.75,0.25,1,0,1
A_canonical,M07,induction,1,4,1,64,REV,0.5,AEX,0.75,0.25,1,0,1
A_canonical,H01,held_out,1,4,1,4,REV,0.5,AEX,0.75,0.25,1,0,1
A_canonical,H01,held_out,1,4,1,8,REV,0.5,AEX,0.75,0.25,1,0,1
A_canonical,H01,held_out,1,4,1,16,REV,0.5,AEX,0.75,0.25,1,0,1
A_canonical,H01,held_out,1,4,1,32,REV,0.5,AEX,0.75,0.25,1,0,1
A_canonical,H01,held_out,1,4,1,64,REV,0.5,AEX,0.75,0.25,1,0,1
A_canonical,H02,held_out,1,4,1,4,REV,0.5,REV,0.5,0.0,1,0,1
A_canonical,H02,held_out,1,4,1,8,REV,0.5,REV,0.5,0.0,1,0,1
A_canonical,H02,held_out,1,4,1,16,REV,0.5,REV,0.5,0.0,1,0,1
A_canonical,H02,held_out,1,4,1,32,REV,0.5,REV,0.5,0.0,1,0,1
A_canonical,H02,held_out,1,4,1,64,REV,0.5,REV,0.5,0.0,1,0,1
A_canonical,H03,held_out,1,4,1,4,DIA,0.25,DIA,0.25,0.0,1,1,1
A_canonical,H03,held_out,1,4,1,8,DIA,0.25,DIA,0.25,0.0,1,1,1
A_canonical,H03,held_out,1,4,1,16,DIA,0.25,DIA,0.25,0.0,1,1,1
A_canonical,H03,held_out,1,4,1,32,DIA,0.25,DIA,0.25,0.0,1,1,1
A_canonical,H03,held_out,1,4,1,64,DIA,0.25,DIA,0.25,0.0,1,1,1
A_canonical,H04,held_out,1,4,1,4,REV,0.5,AEX,0.75,0.25,1,0,1
A_canonical,H04,held_out,1,4,1,8,REV,0.5,AEX,0.75,0.25,1,0,1
A_canonical,H04,held_out,1,4,1,16,REV,0.5,AEX,0.75,0.25,1,0,1
A_canonical,H04,held_out,1,4,1,32,REV,0.5,AEX,0.75,0.25,1,0,1
A_canonical,H04,held_out,1,4,1,64,REV,0.5,AEX,0.75,0.25,1,0,1
A_canonical,H05,held_out,1,4,1,4,REV,0.5,AEX,0.75,0.25,1,0,1
A_canonical,H05,held_out,1,4,1,8,REV,0.5,AEX,0.75,0.25,1,0,1
A_canonical,H05,held_out,1,4,1,16,REV,0.5,AEX,0.75,0.25,1,0,1
A_canonical,H05,held_out,1,4,1,32,REV,0.5,AEX,0.75,0.25,1,0,1
A_canonical,H05,held_out,1,4,1,64,REV,0.5,AEX,0.75,0.25,1,0,1
A_canonical,S-REF,synthetic_ladder,1,4,1,4,REF,0.0,REF,0.0,0.0,1,1,1
A_canonical,S-REF,synthetic_ladder,1,4,1,8,REF,0.0,REF,0.0,0.0,1,1,1
A_canonical,S-REF,synthetic_ladder,1,4,1,16,REF,0.0,REF,0.0,0.0,1,1,1
A_canonical,S-REF,synthetic_ladder,1,4,1,32,REF,0.0,REF,0.0,0.0,1,1,1
A_canonical,S-REF,synthetic_ladder,1,4,1,64,REF,0.0,REF,0.0,0.0,1,1,1
A_canonical,S-DIA,synthetic_ladder,1,4,1,4,DIA,0.25,DIA,0.25,0.0,1,1,1
A_canonical,S-DIA,synthetic_ladder,1,4,1,8,DIA,0.25,DIA,0.25,0.0,1,1,1
A_canonical,S-DIA,synthetic_ladder,1,4,1,16,DIA,0.25,DIA,0.25,0.0,1,1,1
A_canonical,S-DIA,synthetic_ladder,1,4,1,32,DIA,0.25,DIA,0.25,0.0,1,1,1
A_canonical,S-DIA,synthetic_ladder,1,4,1,64,DIA,0.25,DIA,0.25,0.0,1,1,1
A_canonical,S-REV,synthetic_ladder,1,4,1,4,REV,0.5,REV,0.5,0.0,1,0,1
A_canonical,S-REV,synthetic_ladder,1,4,1,8,REV,0.5,REV,0.5,0.0,1,0,1
A_canonical,S-REV,synthetic_ladder,1,4,1,16,REV,0.5,REV,0.5,0.0,1,0,1
A_canonical,S-REV,synthetic_ladder,1,4,1,32,REV,0.5,REV,0.5,0.0,1,0,1
A_canonical,S-REV,synthetic_ladder,1,4,1,64,REV,0.5,REV,0.5,0.0,1,0,1
A_canonical,S-AEX,synthetic_ladder,1,4,1,4,AEX,0.75,AEX,0.75,0.0,1,1,1
A_canonical,S-AEX,synthetic_ladder,1,4,1,8,AEX,0.75,AEX,0.75,0.0,1,1,1
A_canonical,S-AEX,synthetic_ladder,1,4,1,16,AEX,0.75,AEX,0.75,0.0,1,1,1
A_canonical,S-AEX,synthetic_ladder,1,4,1,32,AEX,0.75,AEX,0.75,0.0,1,1,1
A_canonical,S-AEX,synthetic_ladder,1,4,1,64,AEX,0.75,AEX,0.75,0.0,1,1,1
A_canonical,S-ALR,synthetic_ladder,1,4,1,4,ALR,1.0,ALR,1.0,0.0,1,1,1
A_canonical,S-ALR,synthetic_ladder,1,4,1,8,ALR,1.0,ALR,1.0,0.0,1,1,1
A_canonical,S-ALR,synthetic_ladder,1,4,1,16,ALR,1.0,ALR,1.0,0.0,1,1,1
A_canonical,S-ALR,synthetic_ladder,1,4,1,32,ALR,1.0,ALR,1.0,0.0,1,1,1
A_canonical,S-ALR,synthetic_ladder,1,4,1,64,ALR,1.0,ALR,1.0,0.0,1,1,1
A_canonical,W-currency,active_witness,1,4,1,4,AEX,0.75,ALR,1.0,0.25,1,0,1
A_canonical,W-currency,active_witness,1,4,1,8,AEX,0.75,ALR,1.0,0.25,1,0,1
A_canonical,W-currency,active_witness,1,4,1,16,AEX,0.75,ALR,1.0,0.25,1,0,1
A_canonical,W-currency,active_witness,1,4,1,32,AEX,0.75,ALR,1.0,0.25,1,0,1
A_canonical,W-currency,active_witness,1,4,1,64,AEX,0.75,ALR,1.0,0.25,1,0,1
A_canonical,W-deployment,active_witness,1,4,1,4,AEX,0.75,ALR,1.0,0.25,1,0,1
A_canonical,W-deployment,active_witness,1,4,1,8,AEX,0.75,ALR,1.0,0.25,1,0,1
A_canonical,W-deployment,active_witness,1,4,1,16,AEX,0.75,ALR,1.0,0.25,1,0,1
A_canonical,W-deployment,active_witness,1,4,1,32,AEX,0.75,ALR,1.0,0.25,1,0,1
A_canonical,W-deployment,active_witness,1,4,1,64,AEX,0.75,ALR,1.0,0.25,1,0,1
A_canonical,W-population,active_witness,1,4,1,4,AEX,0.75,ALR,1.0,0.25,1,0,1
A_canonical,W-population,active_witness,1,4,1,8,AEX,0.75,ALR,1.0,0.25,1,0,1
A_canonical,W-population,active_witness,1,4,1,16,AEX,0.75,ALR,1.0,0.25,1,0,1
A_canonical,W-population,active_witness,1,4,1,32,AEX,0.75,ALR,1.0,0.25,1,0,1
A_canonical,W-population,active_witness,1,4,1,64,AEX,0.75,ALR,1.0,0.25,1,0,1
A_canonical,W-clinical,active_witness,1,4,1,4,AEX,0.75,ALR,1.0,0.25,1,0,1
A_canonical,W-clinical,active_witness,1,4,1,8,AEX,0.75,ALR,1.0,0.25,1,0,1
A_canonical,W-clinical,active_witness,1,4,1,16,AEX,0.75,ALR,1.0,0.25,1,0,1
A_canonical,W-clinical,active_witness,1,4,1,32,AEX,0.75,ALR,1.0,0.25,1,0,1
A_canonical,W-clinical,active_witness,1,4,1,64,AEX,0.75,ALR,1.0,0.25,1,0,1
A_canonical,M01,induction,2,3,1,4,AEX,0.75,AEX,0.75,0.0,1,1,1
A_canonical,M01,induction,2,3,1,8,AEX,0.75,AEX,0.75,0.0,1,1,1
A_canonical,M01,induction,2,3,1,16,AEX,0.75,AEX,0.75,0.0,1,1,1
A_canonical,M01,induction,2,3,1,32,AEX,0.75,AEX,0.75,0.0,1,1,1
A_canonical,M01,induction,2,3,1,64,AEX,0.75,AEX,0.75,0.0,1,1,1
A_canonical,M02,induction,2,3,1,4,AEX,0.75,AEX,0.75,0.0,1,1,1
A_canonical,M02,induction,2,3,1,8,AEX,0.75,AEX,0.75,0.0,1,1,1
A_canonical,M02,induction,2,3,1,16,AEX,0.75,AEX,0.75,0.0,1,1,1
A_canonical,M02,induction,2,3,1,32,AEX,0.75,AEX,0.75,0.0,1,1,1
A_canonical,M02,induction,2,3,1,64,AEX,0.75,AEX,0.75,0.0,1,1,1
A_canonical,M03,induction,2,3,1,4,AEX,0.75,AEX,0.75,0.0,1,1,1
A_canonical,M03,induction,2,3,1,8,AEX,0.75,AEX,0.75,0.0,1,1,1
A_canonical,M03,induction,2,3,1,16,AEX,0.75,AEX,0.75,0.0,1,1,1
A_canonical,M03,induction,2,3,1,32,AEX,0.75,AEX,0.75,0.0,1,1,1
A_canonical,M03,induction,2,3,1,64,AEX,0.75,AEX,0.75,0.0,1,1,1
A_canonical,M04,induction,2,3,1,4,AEX,0.75,AEX,0.75,0.0,1,1,1
A_canonical,M04,induction,2,3,1,8,AEX,0.75,AEX,0.75,0.0,1,1,1
A_canonical,M04,induction,2,3,1,16,AEX,0.75,AEX,0.75,0.0,1,1,1
A_canonical,M04,induction,2,3,1,32,AEX,0.75,AEX,0.75,0.0,1,1,1
A_canonical,M04,induction,2,3,1,64,AEX,0.75,AEX,0.75,0.0,1,1,1
A_canonical,M05,induction,2,3,1,4,AEX,0.75,AEX,0.75,0.0,1,1,1
A_canonical,M05,induction,2,3,1,8,AEX,0.75,AEX,0.75,0.0,1,1,1
A_canonical,M05,induction,2,3,1,16,AEX,0.75,AEX,0.75,0.0,1,1,1
A_canonical,M05,induction,2,3,1,32,AEX,0.75,AEX,0.75,0.0,1,1,1
A_canonical,M05,induction,2,3,1,64,AEX,0.75,AEX,0.75,0.0,1,1,1
A_canonical,M06,induction,2,3,1,4,AEX,0.75,AEX,0.75,0.0,1,1,1
A_canonical,M06,induction,2,3,1,8,AEX,0.75,AEX,0.75,0.0,1,1,1
A_canonical,M06,induction,2,3,1,16,AEX,0.75,AEX,0.75,0.0,1,1,1
A_canonical,M06,induction,2,3,1,32,AEX,0.75,AEX,0.75,0.0,1,1,1
A_canonical,M06,induction,2,3,1,64,AEX,0.75,AEX,0.75,0.0,1,1,1
A_canonical,M07,induction,2,3,1,4,AEX,0.75,AEX,0.75,0.0,1,1,1
A_canonical,M07,induction,2,3,1,8,AEX,0.75,AEX,0.75,0.0,1,1,1
A_canonical,M07,induction,2,3,1,16,AEX,0.75,AEX,0.75,0.0,1,1,1
A_canonical,M07,induction,2,3,1,32,AEX,0.75,AEX,0.75,0.0,1,1,1
A_canonical,M07,induction,2,3,1,64,AEX,0.75,AEX,0.75,0.0,1,1,1
A_canonical,H01,held_out,2,3,1,4,AEX,0.75,AEX,0.75,0.0,1,1,1
A_canonical,H01,held_out,2,3,1,8,AEX,0.75,AEX,0.75,0.0,1,1,1
A_canonical,H01,held_out,2,3,1,16,AEX,0.75,AEX,0.75,0.0,1,1,1
A_canonical,H01,held_out,2,3,1,32,AEX,0.75,AEX,0.75,0.0,1,1,1
A_canonical,H01,held_out,2,3,1,64,AEX,0.75,AEX,0.75,0.0,1,1,1
A_canonical,H02,held_out,2,3,1,4,REV,0.5,REV,0.5,0.0,1,1,1
A_canonical,H02,held_out,2,3,1,8,REV,0.5,REV,0.5,0.0,1,1,1
A_canonical,H02,held_out,2,3,1,16,REV,0.5,REV,0.5,0.0,1,1,1
A_canonical,H02,held_out,2,3,1,32,REV,0.5,REV,0.5,0.0,1,1,1
A_canonical,H02,held_out,2,3,1,64,REV,0.5,REV,0.5,0.0,1,1,1
A_canonical,H03,held_out,2,3,1,4,DIA,0.25,DIA,0.25,0.0,1,1,1
A_canonical,H03,held_out,2,3,1,8,DIA,0.25,DIA,0.25,0.0,1,1,1
A_canonical,H03,held_out,2,3,1,16,DIA,0.25,DIA,0.25,0.0,1,1,1
A_canonical,H03,held_out,2,3,1,32,DIA,0.25,DIA,0.25,0.0,1,1,1
A_canonical,H03,held_out,2,3,1,64,DIA,0.25,DIA,0.25,0.0,1,1,1
A_canonical,H04,held_out,2,3,1,4,AEX,0.75,AEX,0.75,0.0,1,1,1
A_canonical,H04,held_out,2,3,1,8,AEX,0.75,AEX,0.75,0.0,1,1,1
A_canonical,H04,held_out,2,3,1,16,AEX,0.75,AEX,0.75,0.0,1,1,1
A_canonical,H04,held_out,2,3,1,32,AEX,0.75,AEX,0.75,0.0,1,1,1
A_canonical,H04,held_out,2,3,1,64,AEX,0.75,AEX,0.75,0.0,1,1,1
A_canonical,H05,held_out,2,3,1,4,AEX,0.75,AEX,0.75,0.0,1,1,1
A_canonical,H05,held_out,2,3,1,8,AEX,0.75,AEX,0.75,0.0,1,1,1
A_canonical,H05,held_out,2,3,1,16,AEX,0.75,AEX,0.75,0.0,1,1,1
A_canonical,H05,held_out,2,3,1,32,AEX,0.75,AEX,0.75,0.0,1,1,1
A_canonical,H05,held_out,2,3,1,64,AEX,0.75,AEX,0.75,0.0,1,1,1
A_canonical,S-REF,synthetic_ladder,2,3,1,4,REF,0.0,REF,0.0,0.0,1,1,1
A_canonical,S-REF,synthetic_ladder,2,3,1,8,REF,0.0,REF,0.0,0.0,1,1,1
A_canonical,S-REF,synthetic_ladder,2,3,1,16,REF,0.0,REF,0.0,0.0,1,1,1
A_canonical,S-REF,synthetic_ladder,2,3,1,32,REF,0.0,REF,0.0,0.0,1,1,1
A_canonical,S-REF,synthetic_ladder,2,3,1,64,REF,0.0,REF,0.0,0.0,1,1,1
A_canonical,S-DIA,synthetic_ladder,2,3,1,4,DIA,0.25,DIA,0.25,0.0,1,1,1
A_canonical,S-DIA,synthetic_ladder,2,3,1,8,DIA,0.25,DIA,0.25,0.0,1,1,1
A_canonical,S-DIA,synthetic_ladder,2,3,1,16,DIA,0.25,DIA,0.25,0.0,1,1,1
A_canonical,S-DIA,synthetic_ladder,2,3,1,32,DIA,0.25,DIA,0.25,0.0,1,1,1
A_canonical,S-DIA,synthetic_ladder,2,3,1,64,DIA,0.25,DIA,0.25,0.0,1,1,1
A_canonical,S-REV,synthetic_ladder,2,3,1,4,REV,0.5,REV,0.5,0.0,1,1,1
A_canonical,S-REV,synthetic_ladder,2,3,1,8,REV,0.5,REV,0.5,0.0,1,1,1
A_canonical,S-REV,synthetic_ladder,2,3,1,16,REV,0.5,REV,0.5,0.0,1,1,1
A_canonical,S-REV,synthetic_ladder,2,3,1,32,REV,0.5,REV,0.5,0.0,1,1,1
A_canonical,S-REV,synthetic_ladder,2,3,1,64,REV,0.5,REV,0.5,0.0,1,1,1
A_canonical,S-AEX,synthetic_ladder,2,3,1,4,AEX,0.75,AEX,0.75,0.0,1,1,1
A_canonical,S-AEX,synthetic_ladder,2,3,1,8,AEX,0.75,AEX,0.75,0.0,1,1,1
A_canonical,S-AEX,synthetic_ladder,2,3,1,16,AEX,0.75,AEX,0.75,0.0,1,1,1
A_canonical,S-AEX,synthetic_ladder,2,3,1,32,AEX,0.75,AEX,0.75,0.0,1,1,1
A_canonical,S-AEX,synthetic_ladder,2,3,1,64,AEX,0.75,AEX,0.75,0.0,1,1,1
A_canonical,S-ALR,synthetic_ladder,2,3,1,4,ALR,1.0,ALR,1.0,0.0,1,1,1
A_canonical,S-ALR,synthetic_ladder,2,3,1,8,ALR,1.0,ALR,1.0,0.0,1,1,1
A_canonical,S-ALR,synthetic_ladder,2,3,1,16,ALR,1.0,ALR,1.0,0.0,1,1,1
A_canonical,S-ALR,synthetic_ladder,2,3,1,32,ALR,1.0,ALR,1.0,0.0,1,1,1
A_canonical,S-ALR,synthetic_ladder,2,3,1,64,ALR,1.0,ALR,1.0,0.0,1,1,1
A_canonical,W-currency,active_witness,2,3,1,4,ALR,1.0,ALR,1.0,0.0,1,1,1
A_canonical,W-currency,active_witness,2,3,1,8,ALR,1.0,ALR,1.0,0.0,1,1,1
A_canonical,W-currency,active_witness,2,3,1,16,ALR,1.0,ALR,1.0,0.0,1,1,1
A_canonical,W-currency,active_witness,2,3,1,32,ALR,1.0,ALR,1.0,0.0,1,1,1
A_canonical,W-currency,active_witness,2,3,1,64,ALR,1.0,ALR,1.0,0.0,1,1,1
A_canonical,W-deployment,active_witness,2,3,1,4,AEX,0.75,ALR,1.0,0.25,1,1,1
A_canonical,W-deployment,active_witness,2,3,1,8,AEX,0.75,ALR,1.0,0.25,1,1,1
A_canonical,W-deployment,active_witness,2,3,1,16,AEX,0.75,ALR,1.0,0.25,1,1,1
A_canonical,W-deployment,active_witness,2,3,1,32,AEX,0.75,ALR,1.0,0.25,1,1,1
A_canonical,W-deployment,active_witness,2,3,1,64,AEX,0.75,ALR,1.0,0.25,1,1,1
A_canonical,W-population,active_witness,2,3,1,4,AEX,0.75,ALR,1.0,0.25,1,1,1
A_canonical,W-population,active_witness,2,3,1,8,AEX,0.75,ALR,1.0,0.25,1,1,1
A_canonical,W-population,active_witness,2,3,1,16,AEX,0.75,ALR,1.0,0.25,1,1,1
A_canonical,W-population,active_witness,2,3,1,32,AEX,0.75,ALR,1.0,0.25,1,1,1
A_canonical,W-population,active_witness,2,3,1,64,AEX,0.75,ALR,1.0,0.25,1,1,1
A_canonical,W-clinical,active_witness,2,3,1,4,AEX,0.75,ALR,1.0,0.25,1,1,1
A_canonical,W-clinical,active_witness,2,3,1,8,AEX,0.75,ALR,1.0,0.25,1,1,1
A_canonical,W-clinical,active_witness,2,3,1,16,AEX,0.75,ALR,1.0,0.25,1,1,1
A_canonical,W-clinical,active_witness,2,3,1,32,AEX,0.75,ALR,1.0,0.25,1,1,1
A_canonical,W-clinical,active_witness,2,3,1,64,AEX,0.75,ALR,1.0,0.25,1,1,1
A_canonical,M01,induction,3,2,1,4,AEX,0.75,AEX,0.75,0.0,1,1,1
A_canonical,M01,induction,3,2,1,8,AEX,0.75,AEX,0.75,0.0,1,1,1
A_canonical,M01,induction,3,2,1,16,AEX,0.75,AEX,0.75,0.0,1,1,1
A_canonical,M01,induction,3,2,1,32,AEX,0.75,AEX,0.75,0.0,1,1,1
A_canonical,M01,induction,3,2,1,64,AEX,0.75,AEX,0.75,0.0,1,1,1
A_canonical,M02,induction,3,2,1,4,AEX,0.75,AEX,0.75,0.0,1,1,1
A_canonical,M02,induction,3,2,1,8,AEX,0.75,AEX,0.75,0.0,1,1,1
A_canonical,M02,induction,3,2,1,16,AEX,0.75,AEX,0.75,0.0,1,1,1
A_canonical,M02,induction,3,2,1,32,AEX,0.75,AEX,0.75,0.0,1,1,1
A_canonical,M02,induction,3,2,1,64,AEX,0.75,AEX,0.75,0.0,1,1,1
A_canonical,M03,induction,3,2,1,4,AEX,0.75,AEX,0.75,0.0,1,1,1
A_canonical,M03,induction,3,2,1,8,AEX,0.75,AEX,0.75,0.0,1,1,1
A_canonical,M03,induction,3,2,1,16,AEX,0.75,AEX,0.75,0.0,1,1,1
A_canonical,M03,induction,3,2,1,32,AEX,0.75,AEX,0.75,0.0,1,1,1
A_canonical,M03,induction,3,2,1,64,AEX,0.75,AEX,0.75,0.0,1,1,1
A_canonical,M04,induction,3,2,1,4,AEX,0.75,AEX,0.75,0.0,1,1,1
A_canonical,M04,induction,3,2,1,8,AEX,0.75,AEX,0.75,0.0,1,1,1
A_canonical,M04,induction,3,2,1,16,AEX,0.75,AEX,0.75,0.0,1,1,1
A_canonical,M04,induction,3,2,1,32,AEX,0.75,AEX,0.75,0.0,1,1,1
A_canonical,M04,induction,3,2,1,64,AEX,0.75,AEX,0.75,0.0,1,1,1
A_canonical,M05,induction,3,2,1,4,AEX,0.75,AEX,0.75,0.0,1,1,1
A_canonical,M05,induction,3,2,1,8,AEX,0.75,AEX,0.75,0.0,1,1,1
A_canonical,M05,induction,3,2,1,16,AEX,0.75,AEX,0.75,0.0,1,1,1
A_canonical,M05,induction,3,2,1,32,AEX,0.75,AEX,0.75,0.0,1,1,1
A_canonical,M05,induction,3,2,1,64,AEX,0.75,AEX,0.75,0.0,1,1,1
A_canonical,M06,induction,3,2,1,4,AEX,0.75,AEX,0.75,0.0,1,1,1
A_canonical,M06,induction,3,2,1,8,AEX,0.75,AEX,0.75,0.0,1,1,1
A_canonical,M06,induction,3,2,1,16,AEX,0.75,AEX,0.75,0.0,1,1,1
A_canonical,M06,induction,3,2,1,32,AEX,0.75,AEX,0.75,0.0,1,1,1
A_canonical,M06,induction,3,2,1,64,AEX,0.75,AEX,0.75,0.0,1,1,1
A_canonical,M07,induction,3,2,1,4,AEX,0.75,AEX,0.75,0.0,1,1,1
A_canonical,M07,induction,3,2,1,8,AEX,0.75,AEX,0.75,0.0,1,1,1
A_canonical,M07,induction,3,2,1,16,AEX,0.75,AEX,0.75,0.0,1,1,1
A_canonical,M07,induction,3,2,1,32,AEX,0.75,AEX,0.75,0.0,1,1,1
A_canonical,M07,induction,3,2,1,64,AEX,0.75,AEX,0.75,0.0,1,1,1
A_canonical,H01,held_out,3,2,1,4,AEX,0.75,AEX,0.75,0.0,1,1,1
A_canonical,H01,held_out,3,2,1,8,AEX,0.75,AEX,0.75,0.0,1,1,1
A_canonical,H01,held_out,3,2,1,16,AEX,0.75,AEX,0.75,0.0,1,1,1
A_canonical,H01,held_out,3,2,1,32,AEX,0.75,AEX,0.75,0.0,1,1,1
A_canonical,H01,held_out,3,2,1,64,AEX,0.75,AEX,0.75,0.0,1,1,1
A_canonical,H02,held_out,3,2,1,4,REV,0.5,REV,0.5,0.0,1,1,1
A_canonical,H02,held_out,3,2,1,8,REV,0.5,REV,0.5,0.0,1,1,1
A_canonical,H02,held_out,3,2,1,16,REV,0.5,REV,0.5,0.0,1,1,1
A_canonical,H02,held_out,3,2,1,32,REV,0.5,REV,0.5,0.0,1,1,1
A_canonical,H02,held_out,3,2,1,64,REV,0.5,REV,0.5,0.0,1,1,1
A_canonical,H03,held_out,3,2,1,4,DIA,0.25,DIA,0.25,0.0,1,1,1
A_canonical,H03,held_out,3,2,1,8,DIA,0.25,DIA,0.25,0.0,1,1,1
A_canonical,H03,held_out,3,2,1,16,DIA,0.25,DIA,0.25,0.0,1,1,1
A_canonical,H03,held_out,3,2,1,32,DIA,0.25,DIA,0.25,0.0,1,1,1
A_canonical,H03,held_out,3,2,1,64,DIA,0.25,DIA,0.25,0.0,1,1,1
A_canonical,H04,held_out,3,2,1,4,AEX,0.75,AEX,0.75,0.0,1,1,1
A_canonical,H04,held_out,3,2,1,8,AEX,0.75,AEX,0.75,0.0,1,1,1
A_canonical,H04,held_out,3,2,1,16,AEX,0.75,AEX,0.75,0.0,1,1,1
A_canonical,H04,held_out,3,2,1,32,AEX,0.75,AEX,0.75,0.0,1,1,1
A_canonical,H04,held_out,3,2,1,64,AEX,0.75,AEX,0.75,0.0,1,1,1
A_canonical,H05,held_out,3,2,1,4,AEX,0.75,AEX,0.75,0.0,1,1,1
A_canonical,H05,held_out,3,2,1,8,AEX,0.75,AEX,0.75,0.0,1,1,1
A_canonical,H05,held_out,3,2,1,16,AEX,0.75,AEX,0.75,0.0,1,1,1
A_canonical,H05,held_out,3,2,1,32,AEX,0.75,AEX,0.75,0.0,1,1,1
A_canonical,H05,held_out,3,2,1,64,AEX,0.75,AEX,0.75,0.0,1,1,1
A_canonical,S-REF,synthetic_ladder,3,2,1,4,REF,0.0,REF,0.0,0.0,1,1,1
A_canonical,S-REF,synthetic_ladder,3,2,1,8,REF,0.0,REF,0.0,0.0,1,1,1
A_canonical,S-REF,synthetic_ladder,3,2,1,16,REF,0.0,REF,0.0,0.0,1,1,1
A_canonical,S-REF,synthetic_ladder,3,2,1,32,REF,0.0,REF,0.0,0.0,1,1,1
A_canonical,S-REF,synthetic_ladder,3,2,1,64,REF,0.0,REF,0.0,0.0,1,1,1
A_canonical,S-DIA,synthetic_ladder,3,2,1,4,DIA,0.25,DIA,0.25,0.0,1,1,1
A_canonical,S-DIA,synthetic_ladder,3,2,1,8,DIA,0.25,DIA,0.25,0.0,1,1,1
A_canonical,S-DIA,synthetic_ladder,3,2,1,16,DIA,0.25,DIA,0.25,0.0,1,1,1
A_canonical,S-DIA,synthetic_ladder,3,2,1,32,DIA,0.25,DIA,0.25,0.0,1,1,1
A_canonical,S-DIA,synthetic_ladder,3,2,1,64,DIA,0.25,DIA,0.25,0.0,1,1,1
A_canonical,S-REV,synthetic_ladder,3,2,1,4,REV,0.5,REV,0.5,0.0,1,1,1
A_canonical,S-REV,synthetic_ladder,3,2,1,8,REV,0.5,REV,0.5,0.0,1,1,1
A_canonical,S-REV,synthetic_ladder,3,2,1,16,REV,0.5,REV,0.5,0.0,1,1,1
A_canonical,S-REV,synthetic_ladder,3,2,1,32,REV,0.5,REV,0.5,0.0,1,1,1
A_canonical,S-REV,synthetic_ladder,3,2,1,64,REV,0.5,REV,0.5,0.0,1,1,1
A_canonical,S-AEX,synthetic_ladder,3,2,1,4,AEX,0.75,AEX,0.75,0.0,1,1,1
A_canonical,S-AEX,synthetic_ladder,3,2,1,8,AEX,0.75,AEX,0.75,0.0,1,1,1
A_canonical,S-AEX,synthetic_ladder,3,2,1,16,AEX,0.75,AEX,0.75,0.0,1,1,1
A_canonical,S-AEX,synthetic_ladder,3,2,1,32,AEX,0.75,AEX,0.75,0.0,1,1,1
A_canonical,S-AEX,synthetic_ladder,3,2,1,64,AEX,0.75,AEX,0.75,0.0,1,1,1
A_canonical,S-ALR,synthetic_ladder,3,2,1,4,ALR,1.0,ALR,1.0,0.0,1,1,1
A_canonical,S-ALR,synthetic_ladder,3,2,1,8,ALR,1.0,ALR,1.0,0.0,1,1,1
A_canonical,S-ALR,synthetic_ladder,3,2,1,16,ALR,1.0,ALR,1.0,0.0,1,1,1
A_canonical,S-ALR,synthetic_ladder,3,2,1,32,ALR,1.0,ALR,1.0,0.0,1,1,1
A_canonical,S-ALR,synthetic_ladder,3,2,1,64,ALR,1.0,ALR,1.0,0.0,1,1,1
A_canonical,W-currency,active_witness,3,2,1,4,ALR,1.0,ALR,1.0,0.0,1,1,1
A_canonical,W-currency,active_witness,3,2,1,8,ALR,1.0,ALR,1.0,0.0,1,1,1
A_canonical,W-currency,active_witness,3,2,1,16,ALR,1.0,ALR,1.0,0.0,1,1,1
A_canonical,W-currency,active_witness,3,2,1,32,ALR,1.0,ALR,1.0,0.0,1,1,1
A_canonical,W-currency,active_witness,3,2,1,64,ALR,1.0,ALR,1.0,0.0,1,1,1
A_canonical,W-deployment,active_witness,3,2,1,4,ALR,1.0,ALR,1.0,0.0,1,1,1
A_canonical,W-deployment,active_witness,3,2,1,8,ALR,1.0,ALR,1.0,0.0,1,1,1
A_canonical,W-deployment,active_witness,3,2,1,16,ALR,1.0,ALR,1.0,0.0,1,1,1
A_canonical,W-deployment,active_witness,3,2,1,32,ALR,1.0,ALR,1.0,0.0,1,1,1
A_canonical,W-deployment,active_witness,3,2,1,64,ALR,1.0,ALR,1.0,0.0,1,1,1
A_canonical,W-population,active_witness,3,2,1,4,AEX,0.75,ALR,1.0,0.25,1,1,1
A_canonical,W-population,active_witness,3,2,1,8,AEX,0.75,ALR,1.0,0.25,1,1,1
A_canonical,W-population,active_witness,3,2,1,16,AEX,0.75,ALR,1.0,0.25,1,1,1
A_canonical,W-population,active_witness,3,2,1,32,AEX,0.75,ALR,1.0,0.25,1,1,1
A_canonical,W-population,active_witness,3,2,1,64,AEX,0.75,ALR,1.0,0.25,1,1,1
A_canonical,W-clinical,active_witness,3,2,1,4,AEX,0.75,ALR,1.0,0.25,1,1,1
A_canonical,W-clinical,active_witness,3,2,1,8,AEX,0.75,ALR,1.0,0.25,1,1,1
A_canonical,W-clinical,active_witness,3,2,1,16,AEX,0.75,ALR,1.0,0.25,1,1,1
A_canonical,W-clinical,active_witness,3,2,1,32,AEX,0.75,ALR,1.0,0.25,1,1,1
A_canonical,W-clinical,active_witness,3,2,1,64,AEX,0.75,ALR,1.0,0.25,1,1,1
A_canonical,M01,induction,4,1,1,4,AEX,0.75,AEX,0.75,0.0,1,1,1
A_canonical,M01,induction,4,1,1,8,AEX,0.75,AEX,0.75,0.0,1,1,1
A_canonical,M01,induction,4,1,1,16,AEX,0.75,AEX,0.75,0.0,1,1,1
A_canonical,M01,induction,4,1,1,32,AEX,0.75,AEX,0.75,0.0,1,1,1
A_canonical,M01,induction,4,1,1,64,AEX,0.75,AEX,0.75,0.0,1,1,1
A_canonical,M02,induction,4,1,1,4,AEX,0.75,AEX,0.75,0.0,1,1,1
A_canonical,M02,induction,4,1,1,8,AEX,0.75,AEX,0.75,0.0,1,1,1
A_canonical,M02,induction,4,1,1,16,AEX,0.75,AEX,0.75,0.0,1,1,1
A_canonical,M02,induction,4,1,1,32,AEX,0.75,AEX,0.75,0.0,1,1,1
A_canonical,M02,induction,4,1,1,64,AEX,0.75,AEX,0.75,0.0,1,1,1
A_canonical,M03,induction,4,1,1,4,AEX,0.75,AEX,0.75,0.0,1,1,1
A_canonical,M03,induction,4,1,1,8,AEX,0.75,AEX,0.75,0.0,1,1,1
A_canonical,M03,induction,4,1,1,16,AEX,0.75,AEX,0.75,0.0,1,1,1
A_canonical,M03,induction,4,1,1,32,AEX,0.75,AEX,0.75,0.0,1,1,1
A_canonical,M03,induction,4,1,1,64,AEX,0.75,AEX,0.75,0.0,1,1,1
A_canonical,M04,induction,4,1,1,4,AEX,0.75,AEX,0.75,0.0,1,1,1
A_canonical,M04,induction,4,1,1,8,AEX,0.75,AEX,0.75,0.0,1,1,1
A_canonical,M04,induction,4,1,1,16,AEX,0.75,AEX,0.75,0.0,1,1,1
A_canonical,M04,induction,4,1,1,32,AEX,0.75,AEX,0.75,0.0,1,1,1
A_canonical,M04,induction,4,1,1,64,AEX,0.75,AEX,0.75,0.0,1,1,1
A_canonical,M05,induction,4,1,1,4,AEX,0.75,AEX,0.75,0.0,1,1,1
A_canonical,M05,induction,4,1,1,8,AEX,0.75,AEX,0.75,0.0,1,1,1
A_canonical,M05,induction,4,1,1,16,AEX,0.75,AEX,0.75,0.0,1,1,1
A_canonical,M05,induction,4,1,1,32,AEX,0.75,AEX,0.75,0.0,1,1,1
A_canonical,M05,induction,4,1,1,64,AEX,0.75,AEX,0.75,0.0,1,1,1
A_canonical,M06,induction,4,1,1,4,AEX,0.75,AEX,0.75,0.0,1,1,1
A_canonical,M06,induction,4,1,1,8,AEX,0.75,AEX,0.75,0.0,1,1,1
A_canonical,M06,induction,4,1,1,16,AEX,0.75,AEX,0.75,0.0,1,1,1
A_canonical,M06,induction,4,1,1,32,AEX,0.75,AEX,0.75,0.0,1,1,1
A_canonical,M06,induction,4,1,1,64,AEX,0.75,AEX,0.75,0.0,1,1,1
A_canonical,M07,induction,4,1,1,4,AEX,0.75,AEX,0.75,0.0,1,1,1
A_canonical,M07,induction,4,1,1,8,AEX,0.75,AEX,0.75,0.0,1,1,1
A_canonical,M07,induction,4,1,1,16,AEX,0.75,AEX,0.75,0.0,1,1,1
A_canonical,M07,induction,4,1,1,32,AEX,0.75,AEX,0.75,0.0,1,1,1
A_canonical,M07,induction,4,1,1,64,AEX,0.75,AEX,0.75,0.0,1,1,1
A_canonical,H01,held_out,4,1,1,4,AEX,0.75,AEX,0.75,0.0,1,1,1
A_canonical,H01,held_out,4,1,1,8,AEX,0.75,AEX,0.75,0.0,1,1,1
A_canonical,H01,held_out,4,1,1,16,AEX,0.75,AEX,0.75,0.0,1,1,1
A_canonical,H01,held_out,4,1,1,32,AEX,0.75,AEX,0.75,0.0,1,1,1
A_canonical,H01,held_out,4,1,1,64,AEX,0.75,AEX,0.75,0.0,1,1,1
A_canonical,H02,held_out,4,1,1,4,REV,0.5,REV,0.5,0.0,1,1,1
A_canonical,H02,held_out,4,1,1,8,REV,0.5,REV,0.5,0.0,1,1,1
A_canonical,H02,held_out,4,1,1,16,REV,0.5,REV,0.5,0.0,1,1,1
A_canonical,H02,held_out,4,1,1,32,REV,0.5,REV,0.5,0.0,1,1,1
A_canonical,H02,held_out,4,1,1,64,REV,0.5,REV,0.5,0.0,1,1,1
A_canonical,H03,held_out,4,1,1,4,DIA,0.25,DIA,0.25,0.0,1,1,1
A_canonical,H03,held_out,4,1,1,8,DIA,0.25,DIA,0.25,0.0,1,1,1
A_canonical,H03,held_out,4,1,1,16,DIA,0.25,DIA,0.25,0.0,1,1,1
A_canonical,H03,held_out,4,1,1,32,DIA,0.25,DIA,0.25,0.0,1,1,1
A_canonical,H03,held_out,4,1,1,64,DIA,0.25,DIA,0.25,0.0,1,1,1
A_canonical,H04,held_out,4,1,1,4,AEX,0.75,AEX,0.75,0.0,1,1,1
A_canonical,H04,held_out,4,1,1,8,AEX,0.75,AEX,0.75,0.0,1,1,1
A_canonical,H04,held_out,4,1,1,16,AEX,0.75,AEX,0.75,0.0,1,1,1
A_canonical,H04,held_out,4,1,1,32,AEX,0.75,AEX,0.75,0.0,1,1,1
A_canonical,H04,held_out,4,1,1,64,AEX,0.75,AEX,0.75,0.0,1,1,1
A_canonical,H05,held_out,4,1,1,4,AEX,0.75,AEX,0.75,0.0,1,1,1
A_canonical,H05,held_out,4,1,1,8,AEX,0.75,AEX,0.75,0.0,1,1,1
A_canonical,H05,held_out,4,1,1,16,AEX,0.75,AEX,0.75,0.0,1,1,1
A_canonical,H05,held_out,4,1,1,32,AEX,0.75,AEX,0.75,0.0,1,1,1
A_canonical,H05,held_out,4,1,1,64,AEX,0.75,AEX,0.75,0.0,1,1,1
A_canonical,S-REF,synthetic_ladder,4,1,1,4,REF,0.0,REF,0.0,0.0,1,1,1
A_canonical,S-REF,synthetic_ladder,4,1,1,8,REF,0.0,REF,0.0,0.0,1,1,1
A_canonical,S-REF,synthetic_ladder,4,1,1,16,REF,0.0,REF,0.0,0.0,1,1,1
A_canonical,S-REF,synthetic_ladder,4,1,1,32,REF,0.0,REF,0.0,0.0,1,1,1
A_canonical,S-REF,synthetic_ladder,4,1,1,64,REF,0.0,REF,0.0,0.0,1,1,1
A_canonical,S-DIA,synthetic_ladder,4,1,1,4,DIA,0.25,DIA,0.25,0.0,1,1,1
A_canonical,S-DIA,synthetic_ladder,4,1,1,8,DIA,0.25,DIA,0.25,0.0,1,1,1
A_canonical,S-DIA,synthetic_ladder,4,1,1,16,DIA,0.25,DIA,0.25,0.0,1,1,1
A_canonical,S-DIA,synthetic_ladder,4,1,1,32,DIA,0.25,DIA,0.25,0.0,1,1,1
A_canonical,S-DIA,synthetic_ladder,4,1,1,64,DIA,0.25,DIA,0.25,0.0,1,1,1
A_canonical,S-REV,synthetic_ladder,4,1,1,4,REV,0.5,REV,0.5,0.0,1,1,1
A_canonical,S-REV,synthetic_ladder,4,1,1,8,REV,0.5,REV,0.5,0.0,1,1,1
A_canonical,S-REV,synthetic_ladder,4,1,1,16,REV,0.5,REV,0.5,0.0,1,1,1
A_canonical,S-REV,synthetic_ladder,4,1,1,32,REV,0.5,REV,0.5,0.0,1,1,1
A_canonical,S-REV,synthetic_ladder,4,1,1,64,REV,0.5,REV,0.5,0.0,1,1,1
A_canonical,S-AEX,synthetic_ladder,4,1,1,4,AEX,0.75,AEX,0.75,0.0,1,1,1
A_canonical,S-AEX,synthetic_ladder,4,1,1,8,AEX,0.75,AEX,0.75,0.0,1,1,1
A_canonical,S-AEX,synthetic_ladder,4,1,1,16,AEX,0.75,AEX,0.75,0.0,1,1,1
A_canonical,S-AEX,synthetic_ladder,4,1,1,32,AEX,0.75,AEX,0.75,0.0,1,1,1
A_canonical,S-AEX,synthetic_ladder,4,1,1,64,AEX,0.75,AEX,0.75,0.0,1,1,1
A_canonical,S-ALR,synthetic_ladder,4,1,1,4,ALR,1.0,ALR,1.0,0.0,1,1,1
A_canonical,S-ALR,synthetic_ladder,4,1,1,8,ALR,1.0,ALR,1.0,0.0,1,1,1
A_canonical,S-ALR,synthetic_ladder,4,1,1,16,ALR,1.0,ALR,1.0,0.0,1,1,1
A_canonical,S-ALR,synthetic_ladder,4,1,1,32,ALR,1.0,ALR,1.0,0.0,1,1,1
A_canonical,S-ALR,synthetic_ladder,4,1,1,64,ALR,1.0,ALR,1.0,0.0,1,1,1
A_canonical,W-currency,active_witness,4,1,1,4,ALR,1.0,ALR,1.0,0.0,1,1,1
A_canonical,W-currency,active_witness,4,1,1,8,ALR,1.0,ALR,1.0,0.0,1,1,1
A_canonical,W-currency,active_witness,4,1,1,16,ALR,1.0,ALR,1.0,0.0,1,1,1
A_canonical,W-currency,active_witness,4,1,1,32,ALR,1.0,ALR,1.0,0.0,1,1,1
A_canonical,W-currency,active_witness,4,1,1,64,ALR,1.0,ALR,1.0,0.0,1,1,1
A_canonical,W-deployment,active_witness,4,1,1,4,ALR,1.0,ALR,1.0,0.0,1,1,1
A_canonical,W-deployment,active_witness,4,1,1,8,ALR,1.0,ALR,1.0,0.0,1,1,1
A_canonical,W-deployment,active_witness,4,1,1,16,ALR,1.0,ALR,1.0,0.0,1,1,1
A_canonical,W-deployment,active_witness,4,1,1,32,ALR,1.0,ALR,1.0,0.0,1,1,1
A_canonical,W-deployment,active_witness,4,1,1,64,ALR,1.0,ALR,1.0,0.0,1,1,1
A_canonical,W-population,active_witness,4,1,1,4,ALR,1.0,ALR,1.0,0.0,1,1,1
A_canonical,W-population,active_witness,4,1,1,8,ALR,1.0,ALR,1.0,0.0,1,1,1
A_canonical,W-population,active_witness,4,1,1,16,ALR,1.0,ALR,1.0,0.0,1,1,1
A_canonical,W-population,active_witness,4,1,1,32,ALR,1.0,ALR,1.0,0.0,1,1,1
A_canonical,W-population,active_witness,4,1,1,64,ALR,1.0,ALR,1.0,0.0,1,1,1
A_canonical,W-clinical,active_witness,4,1,1,4,AEX,0.75,ALR,1.0,0.25,1,1,1
A_canonical,W-clinical,active_witness,4,1,1,8,AEX,0.75,ALR,1.0,0.25,1,1,1
A_canonical,W-clinical,active_witness,4,1,1,16,AEX,0.75,ALR,1.0,0.25,1,1,1
A_canonical,W-clinical,active_witness,4,1,1,32,AEX,0.75,ALR,1.0,0.25,1,1,1
A_canonical,W-clinical,active_witness,4,1,1,64,AEX,0.75,ALR,1.0,0.25,1,1,1
A_canonical,M01,induction,5,0,1,4,AEX,0.75,AEX,0.75,0.0,1,1,1
A_canonical,M01,induction,5,0,1,8,AEX,0.75,AEX,0.75,0.0,1,1,1
A_canonical,M01,induction,5,0,1,16,AEX,0.75,AEX,0.75,0.0,1,1,1
A_canonical,M01,induction,5,0,1,32,AEX,0.75,AEX,0.75,0.0,1,1,1
A_canonical,M01,induction,5,0,1,64,AEX,0.75,AEX,0.75,0.0,1,1,1
A_canonical,M02,induction,5,0,1,4,AEX,0.75,AEX,0.75,0.0,1,1,1
A_canonical,M02,induction,5,0,1,8,AEX,0.75,AEX,0.75,0.0,1,1,1
A_canonical,M02,induction,5,0,1,16,AEX,0.75,AEX,0.75,0.0,1,1,1
A_canonical,M02,induction,5,0,1,32,AEX,0.75,AEX,0.75,0.0,1,1,1
A_canonical,M02,induction,5,0,1,64,AEX,0.75,AEX,0.75,0.0,1,1,1
A_canonical,M03,induction,5,0,1,4,AEX,0.75,AEX,0.75,0.0,1,1,1
A_canonical,M03,induction,5,0,1,8,AEX,0.75,AEX,0.75,0.0,1,1,1
A_canonical,M03,induction,5,0,1,16,AEX,0.75,AEX,0.75,0.0,1,1,1
A_canonical,M03,induction,5,0,1,32,AEX,0.75,AEX,0.75,0.0,1,1,1
A_canonical,M03,induction,5,0,1,64,AEX,0.75,AEX,0.75,0.0,1,1,1
A_canonical,M04,induction,5,0,1,4,AEX,0.75,AEX,0.75,0.0,1,1,1
A_canonical,M04,induction,5,0,1,8,AEX,0.75,AEX,0.75,0.0,1,1,1
A_canonical,M04,induction,5,0,1,16,AEX,0.75,AEX,0.75,0.0,1,1,1
A_canonical,M04,induction,5,0,1,32,AEX,0.75,AEX,0.75,0.0,1,1,1
A_canonical,M04,induction,5,0,1,64,AEX,0.75,AEX,0.75,0.0,1,1,1
A_canonical,M05,induction,5,0,1,4,AEX,0.75,AEX,0.75,0.0,1,1,1
A_canonical,M05,induction,5,0,1,8,AEX,0.75,AEX,0.75,0.0,1,1,1
A_canonical,M05,induction,5,0,1,16,AEX,0.75,AEX,0.75,0.0,1,1,1
A_canonical,M05,induction,5,0,1,32,AEX,0.75,AEX,0.75,0.0,1,1,1
A_canonical,M05,induction,5,0,1,64,AEX,0.75,AEX,0.75,0.0,1,1,1
A_canonical,M06,induction,5,0,1,4,AEX,0.75,AEX,0.75,0.0,1,1,1
A_canonical,M06,induction,5,0,1,8,AEX,0.75,AEX,0.75,0.0,1,1,1
A_canonical,M06,induction,5,0,1,16,AEX,0.75,AEX,0.75,0.0,1,1,1
A_canonical,M06,induction,5,0,1,32,AEX,0.75,AEX,0.75,0.0,1,1,1
A_canonical,M06,induction,5,0,1,64,AEX,0.75,AEX,0.75,0.0,1,1,1
A_canonical,M07,induction,5,0,1,4,AEX,0.75,AEX,0.75,0.0,1,1,1
A_canonical,M07,induction,5,0,1,8,AEX,0.75,AEX,0.75,0.0,1,1,1
A_canonical,M07,induction,5,0,1,16,AEX,0.75,AEX,0.75,0.0,1,1,1
A_canonical,M07,induction,5,0,1,32,AEX,0.75,AEX,0.75,0.0,1,1,1
A_canonical,M07,induction,5,0,1,64,AEX,0.75,AEX,0.75,0.0,1,1,1
A_canonical,H01,held_out,5,0,1,4,AEX,0.75,AEX,0.75,0.0,1,1,1
A_canonical,H01,held_out,5,0,1,8,AEX,0.75,AEX,0.75,0.0,1,1,1
A_canonical,H01,held_out,5,0,1,16,AEX,0.75,AEX,0.75,0.0,1,1,1
A_canonical,H01,held_out,5,0,1,32,AEX,0.75,AEX,0.75,0.0,1,1,1
A_canonical,H01,held_out,5,0,1,64,AEX,0.75,AEX,0.75,0.0,1,1,1
A_canonical,H02,held_out,5,0,1,4,REV,0.5,REV,0.5,0.0,1,1,1
A_canonical,H02,held_out,5,0,1,8,REV,0.5,REV,0.5,0.0,1,1,1
A_canonical,H02,held_out,5,0,1,16,REV,0.5,REV,0.5,0.0,1,1,1
A_canonical,H02,held_out,5,0,1,32,REV,0.5,REV,0.5,0.0,1,1,1
A_canonical,H02,held_out,5,0,1,64,REV,0.5,REV,0.5,0.0,1,1,1
A_canonical,H03,held_out,5,0,1,4,DIA,0.25,DIA,0.25,0.0,1,1,1
A_canonical,H03,held_out,5,0,1,8,DIA,0.25,DIA,0.25,0.0,1,1,1
A_canonical,H03,held_out,5,0,1,16,DIA,0.25,DIA,0.25,0.0,1,1,1
A_canonical,H03,held_out,5,0,1,32,DIA,0.25,DIA,0.25,0.0,1,1,1
A_canonical,H03,held_out,5,0,1,64,DIA,0.25,DIA,0.25,0.0,1,1,1
A_canonical,H04,held_out,5,0,1,4,AEX,0.75,AEX,0.75,0.0,1,1,1
A_canonical,H04,held_out,5,0,1,8,AEX,0.75,AEX,0.75,0.0,1,1,1
A_canonical,H04,held_out,5,0,1,16,AEX,0.75,AEX,0.75,0.0,1,1,1
A_canonical,H04,held_out,5,0,1,32,AEX,0.75,AEX,0.75,0.0,1,1,1
A_canonical,H04,held_out,5,0,1,64,AEX,0.75,AEX,0.75,0.0,1,1,1
A_canonical,H05,held_out,5,0,1,4,AEX,0.75,AEX,0.75,0.0,1,1,1
A_canonical,H05,held_out,5,0,1,8,AEX,0.75,AEX,0.75,0.0,1,1,1
A_canonical,H05,held_out,5,0,1,16,AEX,0.75,AEX,0.75,0.0,1,1,1
A_canonical,H05,held_out,5,0,1,32,AEX,0.75,AEX,0.75,0.0,1,1,1
A_canonical,H05,held_out,5,0,1,64,AEX,0.75,AEX,0.75,0.0,1,1,1
A_canonical,S-REF,synthetic_ladder,5,0,1,4,REF,0.0,REF,0.0,0.0,1,1,1
A_canonical,S-REF,synthetic_ladder,5,0,1,8,REF,0.0,REF,0.0,0.0,1,1,1
A_canonical,S-REF,synthetic_ladder,5,0,1,16,REF,0.0,REF,0.0,0.0,1,1,1
A_canonical,S-REF,synthetic_ladder,5,0,1,32,REF,0.0,REF,0.0,0.0,1,1,1
A_canonical,S-REF,synthetic_ladder,5,0,1,64,REF,0.0,REF,0.0,0.0,1,1,1
A_canonical,S-DIA,synthetic_ladder,5,0,1,4,DIA,0.25,DIA,0.25,0.0,1,1,1
A_canonical,S-DIA,synthetic_ladder,5,0,1,8,DIA,0.25,DIA,0.25,0.0,1,1,1
A_canonical,S-DIA,synthetic_ladder,5,0,1,16,DIA,0.25,DIA,0.25,0.0,1,1,1
A_canonical,S-DIA,synthetic_ladder,5,0,1,32,DIA,0.25,DIA,0.25,0.0,1,1,1
A_canonical,S-DIA,synthetic_ladder,5,0,1,64,DIA,0.25,DIA,0.25,0.0,1,1,1
A_canonical,S-REV,synthetic_ladder,5,0,1,4,REV,0.5,REV,0.5,0.0,1,1,1
A_canonical,S-REV,synthetic_ladder,5,0,1,8,REV,0.5,REV,0.5,0.0,1,1,1
A_canonical,S-REV,synthetic_ladder,5,0,1,16,REV,0.5,REV,0.5,0.0,1,1,1
A_canonical,S-REV,synthetic_ladder,5,0,1,32,REV,0.5,REV,0.5,0.0,1,1,1
A_canonical,S-REV,synthetic_ladder,5,0,1,64,REV,0.5,REV,0.5,0.0,1,1,1
A_canonical,S-AEX,synthetic_ladder,5,0,1,4,AEX,0.75,AEX,0.75,0.0,1,1,1
A_canonical,S-AEX,synthetic_ladder,5,0,1,8,AEX,0.75,AEX,0.75,0.0,1,1,1
A_canonical,S-AEX,synthetic_ladder,5,0,1,16,AEX,0.75,AEX,0.75,0.0,1,1,1
A_canonical,S-AEX,synthetic_ladder,5,0,1,32,AEX,0.75,AEX,0.75,0.0,1,1,1
A_canonical,S-AEX,synthetic_ladder,5,0,1,64,AEX,0.75,AEX,0.75,0.0,1,1,1
A_canonical,S-ALR,synthetic_ladder,5,0,1,4,ALR,1.0,ALR,1.0,0.0,1,1,1
A_canonical,S-ALR,synthetic_ladder,5,0,1,8,ALR,1.0,ALR,1.0,0.0,1,1,1
A_canonical,S-ALR,synthetic_ladder,5,0,1,16,ALR,1.0,ALR,1.0,0.0,1,1,1
A_canonical,S-ALR,synthetic_ladder,5,0,1,32,ALR,1.0,ALR,1.0,0.0,1,1,1
A_canonical,S-ALR,synthetic_ladder,5,0,1,64,ALR,1.0,ALR,1.0,0.0,1,1,1
A_canonical,W-currency,active_witness,5,0,1,4,ALR,1.0,ALR,1.0,0.0,1,1,1
A_canonical,W-currency,active_witness,5,0,1,8,ALR,1.0,ALR,1.0,0.0,1,1,1
A_canonical,W-currency,active_witness,5,0,1,16,ALR,1.0,ALR,1.0,0.0,1,1,1
A_canonical,W-currency,active_witness,5,0,1,32,ALR,1.0,ALR,1.0,0.0,1,1,1
A_canonical,W-currency,active_witness,5,0,1,64,ALR,1.0,ALR,1.0,0.0,1,1,1
A_canonical,W-deployment,active_witness,5,0,1,4,ALR,1.0,ALR,1.0,0.0,1,1,1
A_canonical,W-deployment,active_witness,5,0,1,8,ALR,1.0,ALR,1.0,0.0,1,1,1
A_canonical,W-deployment,active_witness,5,0,1,16,ALR,1.0,ALR,1.0,0.0,1,1,1
A_canonical,W-deployment,active_witness,5,0,1,32,ALR,1.0,ALR,1.0,0.0,1,1,1
A_canonical,W-deployment,active_witness,5,0,1,64,ALR,1.0,ALR,1.0,0.0,1,1,1
A_canonical,W-population,active_witness,5,0,1,4,ALR,1.0,ALR,1.0,0.0,1,1,1
A_canonical,W-population,active_witness,5,0,1,8,ALR,1.0,ALR,1.0,0.0,1,1,1
A_canonical,W-population,active_witness,5,0,1,16,ALR,1.0,ALR,1.0,0.0,1,1,1
A_canonical,W-population,active_witness,5,0,1,32,ALR,1.0,ALR,1.0,0.0,1,1,1
A_canonical,W-population,active_witness,5,0,1,64,ALR,1.0,ALR,1.0,0.0,1,1,1
A_canonical,W-clinical,active_witness,5,0,1,4,ALR,1.0,ALR,1.0,0.0,1,1,1
A_canonical,W-clinical,active_witness,5,0,1,8,ALR,1.0,ALR,1.0,0.0,1,1,1
A_canonical,W-clinical,active_witness,5,0,1,16,ALR,1.0,ALR,1.0,0.0,1,1,1
A_canonical,W-clinical,active_witness,5,0,1,32,ALR,1.0,ALR,1.0,0.0,1,1,1
A_canonical,W-clinical,active_witness,5,0,1,64,ALR,1.0,ALR,1.0,0.0,1,1,1
B_middle,M01,induction,0,4,1,4,REV,0.5,AEX,0.75,0.25,1,1,1
B_middle,M01,induction,0,4,1,8,REV,0.5,AEX,0.75,0.25,1,1,1
B_middle,M01,induction,0,4,1,16,REV,0.5,AEX,0.75,0.25,1,1,1
B_middle,M01,induction,0,4,1,32,REV,0.5,AEX,0.75,0.25,1,1,1
B_middle,M01,induction,0,4,1,64,REV,0.5,AEX,0.75,0.25,1,1,1
B_middle,M02,induction,0,4,1,4,REV,0.5,AEX,0.75,0.25,1,1,1
B_middle,M02,induction,0,4,1,8,REV,0.5,AEX,0.75,0.25,1,1,1
B_middle,M02,induction,0,4,1,16,REV,0.5,AEX,0.75,0.25,1,1,1
B_middle,M02,induction,0,4,1,32,REV,0.5,AEX,0.75,0.25,1,1,1
B_middle,M02,induction,0,4,1,64,REV,0.5,AEX,0.75,0.25,1,1,1
B_middle,M03,induction,0,4,1,4,REV,0.5,AEX,0.75,0.25,1,1,1
B_middle,M03,induction,0,4,1,8,REV,0.5,AEX,0.75,0.25,1,1,1
B_middle,M03,induction,0,4,1,16,REV,0.5,AEX,0.75,0.25,1,1,1
B_middle,M03,induction,0,4,1,32,REV,0.5,AEX,0.75,0.25,1,1,1
B_middle,M03,induction,0,4,1,64,REV,0.5,AEX,0.75,0.25,1,1,1
B_middle,M04,induction,0,4,1,4,REV,0.5,AEX,0.75,0.25,1,1,1
B_middle,M04,induction,0,4,1,8,REV,0.5,AEX,0.75,0.25,1,1,1
B_middle,M04,induction,0,4,1,16,REV,0.5,AEX,0.75,0.25,1,1,1
B_middle,M04,induction,0,4,1,32,REV,0.5,AEX,0.75,0.25,1,1,1
B_middle,M04,induction,0,4,1,64,REV,0.5,AEX,0.75,0.25,1,1,1
B_middle,M05,induction,0,4,1,4,REV,0.5,AEX,0.75,0.25,1,1,1
B_middle,M05,induction,0,4,1,8,REV,0.5,AEX,0.75,0.25,1,1,1
B_middle,M05,induction,0,4,1,16,REV,0.5,AEX,0.75,0.25,1,1,1
B_middle,M05,induction,0,4,1,32,REV,0.5,AEX,0.75,0.25,1,1,1
B_middle,M05,induction,0,4,1,64,REV,0.5,AEX,0.75,0.25,1,1,1
B_middle,M06,induction,0,4,1,4,REV,0.5,AEX,0.75,0.25,1,1,1
B_middle,M06,induction,0,4,1,8,REV,0.5,AEX,0.75,0.25,1,1,1
B_middle,M06,induction,0,4,1,16,REV,0.5,AEX,0.75,0.25,1,1,1
B_middle,M06,induction,0,4,1,32,REV,0.5,AEX,0.75,0.25,1,1,1
B_middle,M06,induction,0,4,1,64,REV,0.5,AEX,0.75,0.25,1,1,1
B_middle,M07,induction,0,4,1,4,REV,0.5,AEX,0.75,0.25,1,1,1
B_middle,M07,induction,0,4,1,8,REV,0.5,AEX,0.75,0.25,1,1,1
B_middle,M07,induction,0,4,1,16,REV,0.5,AEX,0.75,0.25,1,1,1
B_middle,M07,induction,0,4,1,32,REV,0.5,AEX,0.75,0.25,1,1,1
B_middle,M07,induction,0,4,1,64,REV,0.5,AEX,0.75,0.25,1,1,1
B_middle,H01,held_out,0,4,1,4,REV,0.5,AEX,0.75,0.25,1,1,1
B_middle,H01,held_out,0,4,1,8,REV,0.5,AEX,0.75,0.25,1,1,1
B_middle,H01,held_out,0,4,1,16,REV,0.5,AEX,0.75,0.25,1,1,1
B_middle,H01,held_out,0,4,1,32,REV,0.5,AEX,0.75,0.25,1,1,1
B_middle,H01,held_out,0,4,1,64,REV,0.5,AEX,0.75,0.25,1,1,1
B_middle,H02,held_out,0,4,1,4,REV,0.5,REV,0.5,0.0,1,1,1
B_middle,H02,held_out,0,4,1,8,REV,0.5,REV,0.5,0.0,1,1,1
B_middle,H02,held_out,0,4,1,16,REV,0.5,REV,0.5,0.0,1,1,1
B_middle,H02,held_out,0,4,1,32,REV,0.5,REV,0.5,0.0,1,1,1
B_middle,H02,held_out,0,4,1,64,REV,0.5,REV,0.5,0.0,1,1,1
B_middle,H03,held_out,0,4,1,4,DIA,0.25,DIA,0.25,0.0,1,1,1
B_middle,H03,held_out,0,4,1,8,DIA,0.25,DIA,0.25,0.0,1,1,1
B_middle,H03,held_out,0,4,1,16,DIA,0.25,DIA,0.25,0.0,1,1,1
B_middle,H03,held_out,0,4,1,32,DIA,0.25,DIA,0.25,0.0,1,1,1
B_middle,H03,held_out,0,4,1,64,DIA,0.25,DIA,0.25,0.0,1,1,1
B_middle,H04,held_out,0,4,1,4,REV,0.5,AEX,0.75,0.25,1,1,1
B_middle,H04,held_out,0,4,1,8,REV,0.5,AEX,0.75,0.25,1,1,1
B_middle,H04,held_out,0,4,1,16,REV,0.5,AEX,0.75,0.25,1,1,1
B_middle,H04,held_out,0,4,1,32,REV,0.5,AEX,0.75,0.25,1,1,1
B_middle,H04,held_out,0,4,1,64,REV,0.5,AEX,0.75,0.25,1,1,1
B_middle,H05,held_out,0,4,1,4,REV,0.5,AEX,0.75,0.25,1,1,1
B_middle,H05,held_out,0,4,1,8,REV,0.5,AEX,0.75,0.25,1,1,1
B_middle,H05,held_out,0,4,1,16,REV,0.5,AEX,0.75,0.25,1,1,1
B_middle,H05,held_out,0,4,1,32,REV,0.5,AEX,0.75,0.25,1,1,1
B_middle,H05,held_out,0,4,1,64,REV,0.5,AEX,0.75,0.25,1,1,1
B_middle,S-REF,synthetic_ladder,0,4,1,4,REF,0.0,REF,0.0,0.0,1,1,1
B_middle,S-REF,synthetic_ladder,0,4,1,8,REF,0.0,REF,0.0,0.0,1,1,1
B_middle,S-REF,synthetic_ladder,0,4,1,16,REF,0.0,REF,0.0,0.0,1,1,1
B_middle,S-REF,synthetic_ladder,0,4,1,32,REF,0.0,REF,0.0,0.0,1,1,1
B_middle,S-REF,synthetic_ladder,0,4,1,64,REF,0.0,REF,0.0,0.0,1,1,1
B_middle,S-DIA,synthetic_ladder,0,4,1,4,DIA,0.25,DIA,0.25,0.0,1,1,1
B_middle,S-DIA,synthetic_ladder,0,4,1,8,DIA,0.25,DIA,0.25,0.0,1,1,1
B_middle,S-DIA,synthetic_ladder,0,4,1,16,DIA,0.25,DIA,0.25,0.0,1,1,1
B_middle,S-DIA,synthetic_ladder,0,4,1,32,DIA,0.25,DIA,0.25,0.0,1,1,1
B_middle,S-DIA,synthetic_ladder,0,4,1,64,DIA,0.25,DIA,0.25,0.0,1,1,1
B_middle,S-REV,synthetic_ladder,0,4,1,4,REV,0.5,REV,0.5,0.0,1,1,1
B_middle,S-REV,synthetic_ladder,0,4,1,8,REV,0.5,REV,0.5,0.0,1,1,1
B_middle,S-REV,synthetic_ladder,0,4,1,16,REV,0.5,REV,0.5,0.0,1,1,1
B_middle,S-REV,synthetic_ladder,0,4,1,32,REV,0.5,REV,0.5,0.0,1,1,1
B_middle,S-REV,synthetic_ladder,0,4,1,64,REV,0.5,REV,0.5,0.0,1,1,1
B_middle,S-AEX,synthetic_ladder,0,4,1,4,AEX,0.75,AEX,0.75,0.0,1,1,1
B_middle,S-AEX,synthetic_ladder,0,4,1,8,AEX,0.75,AEX,0.75,0.0,1,1,1
B_middle,S-AEX,synthetic_ladder,0,4,1,16,AEX,0.75,AEX,0.75,0.0,1,1,1
B_middle,S-AEX,synthetic_ladder,0,4,1,32,AEX,0.75,AEX,0.75,0.0,1,1,1
B_middle,S-AEX,synthetic_ladder,0,4,1,64,AEX,0.75,AEX,0.75,0.0,1,1,1
B_middle,S-ALR,synthetic_ladder,0,4,1,4,ALR,1.0,ALR,1.0,0.0,1,1,1
B_middle,S-ALR,synthetic_ladder,0,4,1,8,ALR,1.0,ALR,1.0,0.0,1,1,1
B_middle,S-ALR,synthetic_ladder,0,4,1,16,ALR,1.0,ALR,1.0,0.0,1,1,1
B_middle,S-ALR,synthetic_ladder,0,4,1,32,ALR,1.0,ALR,1.0,0.0,1,1,1
B_middle,S-ALR,synthetic_ladder,0,4,1,64,ALR,1.0,ALR,1.0,0.0,1,1,1
B_middle,W-currency,active_witness,0,4,1,4,AEX,0.75,ALR,1.0,0.25,1,1,1
B_middle,W-currency,active_witness,0,4,1,8,AEX,0.75,ALR,1.0,0.25,1,1,1
B_middle,W-currency,active_witness,0,4,1,16,AEX,0.75,ALR,1.0,0.25,1,1,1
B_middle,W-currency,active_witness,0,4,1,32,AEX,0.75,ALR,1.0,0.25,1,1,1
B_middle,W-currency,active_witness,0,4,1,64,AEX,0.75,ALR,1.0,0.25,1,1,1
B_middle,W-deployment,active_witness,0,4,1,4,AEX,0.75,ALR,1.0,0.25,1,1,1
B_middle,W-deployment,active_witness,0,4,1,8,AEX,0.75,ALR,1.0,0.25,1,1,1
B_middle,W-deployment,active_witness,0,4,1,16,AEX,0.75,ALR,1.0,0.25,1,1,1
B_middle,W-deployment,active_witness,0,4,1,32,AEX,0.75,ALR,1.0,0.25,1,1,1
B_middle,W-deployment,active_witness,0,4,1,64,AEX,0.75,ALR,1.0,0.25,1,1,1
B_middle,W-population,active_witness,0,4,1,4,AEX,0.75,ALR,1.0,0.25,1,1,1
B_middle,W-population,active_witness,0,4,1,8,AEX,0.75,ALR,1.0,0.25,1,1,1
B_middle,W-population,active_witness,0,4,1,16,AEX,0.75,ALR,1.0,0.25,1,1,1
B_middle,W-population,active_witness,0,4,1,32,AEX,0.75,ALR,1.0,0.25,1,1,1
B_middle,W-population,active_witness,0,4,1,64,AEX,0.75,ALR,1.0,0.25,1,1,1
B_middle,W-clinical,active_witness,0,4,1,4,AEX,0.75,ALR,1.0,0.25,1,1,1
B_middle,W-clinical,active_witness,0,4,1,8,AEX,0.75,ALR,1.0,0.25,1,1,1
B_middle,W-clinical,active_witness,0,4,1,16,AEX,0.75,ALR,1.0,0.25,1,1,1
B_middle,W-clinical,active_witness,0,4,1,32,AEX,0.75,ALR,1.0,0.25,1,1,1
B_middle,W-clinical,active_witness,0,4,1,64,AEX,0.75,ALR,1.0,0.25,1,1,1
B_middle,M01,induction,1,5,0,4,AEX,0.75,AEX,0.75,0.0,1,1,1
B_middle,M01,induction,1,5,0,8,AEX,0.75,AEX,0.75,0.0,1,1,1
B_middle,M01,induction,1,5,0,16,AEX,0.75,AEX,0.75,0.0,1,1,1
B_middle,M01,induction,1,5,0,32,AEX,0.75,AEX,0.75,0.0,1,1,1
B_middle,M01,induction,1,5,0,64,AEX,0.75,AEX,0.75,0.0,1,1,1
B_middle,M02,induction,1,5,0,4,AEX,0.75,AEX,0.75,0.0,1,1,1
B_middle,M02,induction,1,5,0,8,AEX,0.75,AEX,0.75,0.0,1,1,1
B_middle,M02,induction,1,5,0,16,AEX,0.75,AEX,0.75,0.0,1,1,1
B_middle,M02,induction,1,5,0,32,AEX,0.75,AEX,0.75,0.0,1,1,1
B_middle,M02,induction,1,5,0,64,AEX,0.75,AEX,0.75,0.0,1,1,1
B_middle,M03,induction,1,5,0,4,AEX,0.75,AEX,0.75,0.0,1,1,1
B_middle,M03,induction,1,5,0,8,AEX,0.75,AEX,0.75,0.0,1,1,1
B_middle,M03,induction,1,5,0,16,AEX,0.75,AEX,0.75,0.0,1,1,1
B_middle,M03,induction,1,5,0,32,AEX,0.75,AEX,0.75,0.0,1,1,1
B_middle,M03,induction,1,5,0,64,AEX,0.75,AEX,0.75,0.0,1,1,1
B_middle,M04,induction,1,5,0,4,AEX,0.75,AEX,0.75,0.0,1,1,1
B_middle,M04,induction,1,5,0,8,AEX,0.75,AEX,0.75,0.0,1,1,1
B_middle,M04,induction,1,5,0,16,AEX,0.75,AEX,0.75,0.0,1,1,1
B_middle,M04,induction,1,5,0,32,AEX,0.75,AEX,0.75,0.0,1,1,1
B_middle,M04,induction,1,5,0,64,AEX,0.75,AEX,0.75,0.0,1,1,1
B_middle,M05,induction,1,5,0,4,AEX,0.75,AEX,0.75,0.0,1,1,1
B_middle,M05,induction,1,5,0,8,AEX,0.75,AEX,0.75,0.0,1,1,1
B_middle,M05,induction,1,5,0,16,AEX,0.75,AEX,0.75,0.0,1,1,1
B_middle,M05,induction,1,5,0,32,AEX,0.75,AEX,0.75,0.0,1,1,1
B_middle,M05,induction,1,5,0,64,AEX,0.75,AEX,0.75,0.0,1,1,1
B_middle,M06,induction,1,5,0,4,AEX,0.75,AEX,0.75,0.0,1,1,1
B_middle,M06,induction,1,5,0,8,AEX,0.75,AEX,0.75,0.0,1,1,1
B_middle,M06,induction,1,5,0,16,AEX,0.75,AEX,0.75,0.0,1,1,1
B_middle,M06,induction,1,5,0,32,AEX,0.75,AEX,0.75,0.0,1,1,1
B_middle,M06,induction,1,5,0,64,AEX,0.75,AEX,0.75,0.0,1,1,1
B_middle,M07,induction,1,5,0,4,AEX,0.75,AEX,0.75,0.0,1,1,1
B_middle,M07,induction,1,5,0,8,AEX,0.75,AEX,0.75,0.0,1,1,1
B_middle,M07,induction,1,5,0,16,AEX,0.75,AEX,0.75,0.0,1,1,1
B_middle,M07,induction,1,5,0,32,AEX,0.75,AEX,0.75,0.0,1,1,1
B_middle,M07,induction,1,5,0,64,AEX,0.75,AEX,0.75,0.0,1,1,1
B_middle,H01,held_out,1,5,0,4,AEX,0.75,AEX,0.75,0.0,1,1,1
B_middle,H01,held_out,1,5,0,8,AEX,0.75,AEX,0.75,0.0,1,1,1
B_middle,H01,held_out,1,5,0,16,AEX,0.75,AEX,0.75,0.0,1,1,1
B_middle,H01,held_out,1,5,0,32,AEX,0.75,AEX,0.75,0.0,1,1,1
B_middle,H01,held_out,1,5,0,64,AEX,0.75,AEX,0.75,0.0,1,1,1
B_middle,H02,held_out,1,5,0,4,AEX,0.75,REV,0.5,-0.25,0,1,1
B_middle,H02,held_out,1,5,0,8,AEX,0.75,REV,0.5,-0.25,0,1,1
B_middle,H02,held_out,1,5,0,16,AEX,0.75,REV,0.5,-0.25,0,1,1
B_middle,H02,held_out,1,5,0,32,AEX,0.75,REV,0.5,-0.25,0,1,1
B_middle,H02,held_out,1,5,0,64,AEX,0.75,REV,0.5,-0.25,0,1,1
B_middle,H03,held_out,1,5,0,4,DIA,0.25,DIA,0.25,0.0,1,1,1
B_middle,H03,held_out,1,5,0,8,DIA,0.25,DIA,0.25,0.0,1,1,1
B_middle,H03,held_out,1,5,0,16,DIA,0.25,DIA,0.25,0.0,1,1,1
B_middle,H03,held_out,1,5,0,32,DIA,0.25,DIA,0.25,0.0,1,1,1
B_middle,H03,held_out,1,5,0,64,DIA,0.25,DIA,0.25,0.0,1,1,1
B_middle,H04,held_out,1,5,0,4,AEX,0.75,AEX,0.75,0.0,1,1,1
B_middle,H04,held_out,1,5,0,8,AEX,0.75,AEX,0.75,0.0,1,1,1
B_middle,H04,held_out,1,5,0,16,AEX,0.75,AEX,0.75,0.0,1,1,1
B_middle,H04,held_out,1,5,0,32,AEX,0.75,AEX,0.75,0.0,1,1,1
B_middle,H04,held_out,1,5,0,64,AEX,0.75,AEX,0.75,0.0,1,1,1
B_middle,H05,held_out,1,5,0,4,AEX,0.75,AEX,0.75,0.0,1,1,1
B_middle,H05,held_out,1,5,0,8,AEX,0.75,AEX,0.75,0.0,1,1,1
B_middle,H05,held_out,1,5,0,16,AEX,0.75,AEX,0.75,0.0,1,1,1
B_middle,H05,held_out,1,5,0,32,AEX,0.75,AEX,0.75,0.0,1,1,1
B_middle,H05,held_out,1,5,0,64,AEX,0.75,AEX,0.75,0.0,1,1,1
B_middle,S-REF,synthetic_ladder,1,5,0,4,REF,0.0,REF,0.0,0.0,1,1,1
B_middle,S-REF,synthetic_ladder,1,5,0,8,REF,0.0,REF,0.0,0.0,1,1,1
B_middle,S-REF,synthetic_ladder,1,5,0,16,REF,0.0,REF,0.0,0.0,1,1,1
B_middle,S-REF,synthetic_ladder,1,5,0,32,REF,0.0,REF,0.0,0.0,1,1,1
B_middle,S-REF,synthetic_ladder,1,5,0,64,REF,0.0,REF,0.0,0.0,1,1,1
B_middle,S-DIA,synthetic_ladder,1,5,0,4,DIA,0.25,DIA,0.25,0.0,1,1,1
B_middle,S-DIA,synthetic_ladder,1,5,0,8,DIA,0.25,DIA,0.25,0.0,1,1,1
B_middle,S-DIA,synthetic_ladder,1,5,0,16,DIA,0.25,DIA,0.25,0.0,1,1,1
B_middle,S-DIA,synthetic_ladder,1,5,0,32,DIA,0.25,DIA,0.25,0.0,1,1,1
B_middle,S-DIA,synthetic_ladder,1,5,0,64,DIA,0.25,DIA,0.25,0.0,1,1,1
B_middle,S-REV,synthetic_ladder,1,5,0,4,AEX,0.75,REV,0.5,-0.25,0,1,1
B_middle,S-REV,synthetic_ladder,1,5,0,8,AEX,0.75,REV,0.5,-0.25,0,1,1
B_middle,S-REV,synthetic_ladder,1,5,0,16,AEX,0.75,REV,0.5,-0.25,0,1,1
B_middle,S-REV,synthetic_ladder,1,5,0,32,AEX,0.75,REV,0.5,-0.25,0,1,1
B_middle,S-REV,synthetic_ladder,1,5,0,64,AEX,0.75,REV,0.5,-0.25,0,1,1
B_middle,S-AEX,synthetic_ladder,1,5,0,4,AEX,0.75,AEX,0.75,0.0,1,1,1
B_middle,S-AEX,synthetic_ladder,1,5,0,8,AEX,0.75,AEX,0.75,0.0,1,1,1
B_middle,S-AEX,synthetic_ladder,1,5,0,16,AEX,0.75,AEX,0.75,0.0,1,1,1
B_middle,S-AEX,synthetic_ladder,1,5,0,32,AEX,0.75,AEX,0.75,0.0,1,1,1
B_middle,S-AEX,synthetic_ladder,1,5,0,64,AEX,0.75,AEX,0.75,0.0,1,1,1
B_middle,S-ALR,synthetic_ladder,1,5,0,4,ALR,1.0,ALR,1.0,0.0,1,1,1
B_middle,S-ALR,synthetic_ladder,1,5,0,8,ALR,1.0,ALR,1.0,0.0,1,1,1
B_middle,S-ALR,synthetic_ladder,1,5,0,16,ALR,1.0,ALR,1.0,0.0,1,1,1
B_middle,S-ALR,synthetic_ladder,1,5,0,32,ALR,1.0,ALR,1.0,0.0,1,1,1
B_middle,S-ALR,synthetic_ladder,1,5,0,64,ALR,1.0,ALR,1.0,0.0,1,1,1
B_middle,W-currency,active_witness,1,5,0,4,ALR,1.0,ALR,1.0,0.0,1,1,1
B_middle,W-currency,active_witness,1,5,0,8,ALR,1.0,ALR,1.0,0.0,1,1,1
B_middle,W-currency,active_witness,1,5,0,16,ALR,1.0,ALR,1.0,0.0,1,1,1
B_middle,W-currency,active_witness,1,5,0,32,ALR,1.0,ALR,1.0,0.0,1,1,1
B_middle,W-currency,active_witness,1,5,0,64,ALR,1.0,ALR,1.0,0.0,1,1,1
B_middle,W-deployment,active_witness,1,5,0,4,ALR,1.0,ALR,1.0,0.0,1,1,1
B_middle,W-deployment,active_witness,1,5,0,8,ALR,1.0,ALR,1.0,0.0,1,1,1
B_middle,W-deployment,active_witness,1,5,0,16,ALR,1.0,ALR,1.0,0.0,1,1,1
B_middle,W-deployment,active_witness,1,5,0,32,ALR,1.0,ALR,1.0,0.0,1,1,1
B_middle,W-deployment,active_witness,1,5,0,64,ALR,1.0,ALR,1.0,0.0,1,1,1
B_middle,W-population,active_witness,1,5,0,4,ALR,1.0,ALR,1.0,0.0,1,1,1
B_middle,W-population,active_witness,1,5,0,8,ALR,1.0,ALR,1.0,0.0,1,1,1
B_middle,W-population,active_witness,1,5,0,16,ALR,1.0,ALR,1.0,0.0,1,1,1
B_middle,W-population,active_witness,1,5,0,32,ALR,1.0,ALR,1.0,0.0,1,1,1
B_middle,W-population,active_witness,1,5,0,64,ALR,1.0,ALR,1.0,0.0,1,1,1
B_middle,W-clinical,active_witness,1,5,0,4,ALR,1.0,ALR,1.0,0.0,1,1,1
B_middle,W-clinical,active_witness,1,5,0,8,ALR,1.0,ALR,1.0,0.0,1,1,1
B_middle,W-clinical,active_witness,1,5,0,16,ALR,1.0,ALR,1.0,0.0,1,1,1
B_middle,W-clinical,active_witness,1,5,0,32,ALR,1.0,ALR,1.0,0.0,1,1,1
B_middle,W-clinical,active_witness,1,5,0,64,ALR,1.0,ALR,1.0,0.0,1,1,1
B_middle,M01,induction,2,4,1,4,REV,0.5,AEX,0.75,0.25,1,0,1
B_middle,M01,induction,2,4,1,8,REV,0.5,AEX,0.75,0.25,1,0,1
B_middle,M01,induction,2,4,1,16,REV,0.5,AEX,0.75,0.25,1,0,1
B_middle,M01,induction,2,4,1,32,REV,0.5,AEX,0.75,0.25,1,0,1
B_middle,M01,induction,2,4,1,64,REV,0.5,AEX,0.75,0.25,1,0,1
B_middle,M02,induction,2,4,1,4,REV,0.5,AEX,0.75,0.25,1,0,1
B_middle,M02,induction,2,4,1,8,REV,0.5,AEX,0.75,0.25,1,0,1
B_middle,M02,induction,2,4,1,16,REV,0.5,AEX,0.75,0.25,1,0,1
B_middle,M02,induction,2,4,1,32,REV,0.5,AEX,0.75,0.25,1,0,1
B_middle,M02,induction,2,4,1,64,REV,0.5,AEX,0.75,0.25,1,0,1
B_middle,M03,induction,2,4,1,4,REV,0.5,AEX,0.75,0.25,1,0,1
B_middle,M03,induction,2,4,1,8,REV,0.5,AEX,0.75,0.25,1,0,1
B_middle,M03,induction,2,4,1,16,REV,0.5,AEX,0.75,0.25,1,0,1
B_middle,M03,induction,2,4,1,32,REV,0.5,AEX,0.75,0.25,1,0,1
B_middle,M03,induction,2,4,1,64,REV,0.5,AEX,0.75,0.25,1,0,1
B_middle,M04,induction,2,4,1,4,REV,0.5,AEX,0.75,0.25,1,0,1
B_middle,M04,induction,2,4,1,8,REV,0.5,AEX,0.75,0.25,1,0,1
B_middle,M04,induction,2,4,1,16,REV,0.5,AEX,0.75,0.25,1,0,1
B_middle,M04,induction,2,4,1,32,REV,0.5,AEX,0.75,0.25,1,0,1
B_middle,M04,induction,2,4,1,64,REV,0.5,AEX,0.75,0.25,1,0,1
B_middle,M05,induction,2,4,1,4,REV,0.5,AEX,0.75,0.25,1,0,1
B_middle,M05,induction,2,4,1,8,REV,0.5,AEX,0.75,0.25,1,0,1
B_middle,M05,induction,2,4,1,16,REV,0.5,AEX,0.75,0.25,1,0,1
B_middle,M05,induction,2,4,1,32,REV,0.5,AEX,0.75,0.25,1,0,1
B_middle,M05,induction,2,4,1,64,REV,0.5,AEX,0.75,0.25,1,0,1
B_middle,M06,induction,2,4,1,4,REV,0.5,AEX,0.75,0.25,1,0,1
B_middle,M06,induction,2,4,1,8,REV,0.5,AEX,0.75,0.25,1,0,1
B_middle,M06,induction,2,4,1,16,REV,0.5,AEX,0.75,0.25,1,0,1
B_middle,M06,induction,2,4,1,32,REV,0.5,AEX,0.75,0.25,1,0,1
B_middle,M06,induction,2,4,1,64,REV,0.5,AEX,0.75,0.25,1,0,1
B_middle,M07,induction,2,4,1,4,REV,0.5,AEX,0.75,0.25,1,0,1
B_middle,M07,induction,2,4,1,8,REV,0.5,AEX,0.75,0.25,1,0,1
B_middle,M07,induction,2,4,1,16,REV,0.5,AEX,0.75,0.25,1,0,1
B_middle,M07,induction,2,4,1,32,REV,0.5,AEX,0.75,0.25,1,0,1
B_middle,M07,induction,2,4,1,64,REV,0.5,AEX,0.75,0.25,1,0,1
B_middle,H01,held_out,2,4,1,4,REV,0.5,AEX,0.75,0.25,1,0,1
B_middle,H01,held_out,2,4,1,8,REV,0.5,AEX,0.75,0.25,1,0,1
B_middle,H01,held_out,2,4,1,16,REV,0.5,AEX,0.75,0.25,1,0,1
B_middle,H01,held_out,2,4,1,32,REV,0.5,AEX,0.75,0.25,1,0,1
B_middle,H01,held_out,2,4,1,64,REV,0.5,AEX,0.75,0.25,1,0,1
B_middle,H02,held_out,2,4,1,4,REV,0.5,REV,0.5,0.0,1,0,1
B_middle,H02,held_out,2,4,1,8,REV,0.5,REV,0.5,0.0,1,0,1
B_middle,H02,held_out,2,4,1,16,REV,0.5,REV,0.5,0.0,1,0,1
B_middle,H02,held_out,2,4,1,32,REV,0.5,REV,0.5,0.0,1,0,1
B_middle,H02,held_out,2,4,1,64,REV,0.5,REV,0.5,0.0,1,0,1
B_middle,H03,held_out,2,4,1,4,DIA,0.25,DIA,0.25,0.0,1,1,1
B_middle,H03,held_out,2,4,1,8,DIA,0.25,DIA,0.25,0.0,1,1,1
B_middle,H03,held_out,2,4,1,16,DIA,0.25,DIA,0.25,0.0,1,1,1
B_middle,H03,held_out,2,4,1,32,DIA,0.25,DIA,0.25,0.0,1,1,1
B_middle,H03,held_out,2,4,1,64,DIA,0.25,DIA,0.25,0.0,1,1,1
B_middle,H04,held_out,2,4,1,4,REV,0.5,AEX,0.75,0.25,1,0,1
B_middle,H04,held_out,2,4,1,8,REV,0.5,AEX,0.75,0.25,1,0,1
B_middle,H04,held_out,2,4,1,16,REV,0.5,AEX,0.75,0.25,1,0,1
B_middle,H04,held_out,2,4,1,32,REV,0.5,AEX,0.75,0.25,1,0,1
B_middle,H04,held_out,2,4,1,64,REV,0.5,AEX,0.75,0.25,1,0,1
B_middle,H05,held_out,2,4,1,4,REV,0.5,AEX,0.75,0.25,1,0,1
B_middle,H05,held_out,2,4,1,8,REV,0.5,AEX,0.75,0.25,1,0,1
B_middle,H05,held_out,2,4,1,16,REV,0.5,AEX,0.75,0.25,1,0,1
B_middle,H05,held_out,2,4,1,32,REV,0.5,AEX,0.75,0.25,1,0,1
B_middle,H05,held_out,2,4,1,64,REV,0.5,AEX,0.75,0.25,1,0,1
B_middle,S-REF,synthetic_ladder,2,4,1,4,REF,0.0,REF,0.0,0.0,1,1,1
B_middle,S-REF,synthetic_ladder,2,4,1,8,REF,0.0,REF,0.0,0.0,1,1,1
B_middle,S-REF,synthetic_ladder,2,4,1,16,REF,0.0,REF,0.0,0.0,1,1,1
B_middle,S-REF,synthetic_ladder,2,4,1,32,REF,0.0,REF,0.0,0.0,1,1,1
B_middle,S-REF,synthetic_ladder,2,4,1,64,REF,0.0,REF,0.0,0.0,1,1,1
B_middle,S-DIA,synthetic_ladder,2,4,1,4,DIA,0.25,DIA,0.25,0.0,1,1,1
B_middle,S-DIA,synthetic_ladder,2,4,1,8,DIA,0.25,DIA,0.25,0.0,1,1,1
B_middle,S-DIA,synthetic_ladder,2,4,1,16,DIA,0.25,DIA,0.25,0.0,1,1,1
B_middle,S-DIA,synthetic_ladder,2,4,1,32,DIA,0.25,DIA,0.25,0.0,1,1,1
B_middle,S-DIA,synthetic_ladder,2,4,1,64,DIA,0.25,DIA,0.25,0.0,1,1,1
B_middle,S-REV,synthetic_ladder,2,4,1,4,REV,0.5,REV,0.5,0.0,1,0,1
B_middle,S-REV,synthetic_ladder,2,4,1,8,REV,0.5,REV,0.5,0.0,1,0,1
B_middle,S-REV,synthetic_ladder,2,4,1,16,REV,0.5,REV,0.5,0.0,1,0,1
B_middle,S-REV,synthetic_ladder,2,4,1,32,REV,0.5,REV,0.5,0.0,1,0,1
B_middle,S-REV,synthetic_ladder,2,4,1,64,REV,0.5,REV,0.5,0.0,1,0,1
B_middle,S-AEX,synthetic_ladder,2,4,1,4,AEX,0.75,AEX,0.75,0.0,1,1,1
B_middle,S-AEX,synthetic_ladder,2,4,1,8,AEX,0.75,AEX,0.75,0.0,1,1,1
B_middle,S-AEX,synthetic_ladder,2,4,1,16,AEX,0.75,AEX,0.75,0.0,1,1,1
B_middle,S-AEX,synthetic_ladder,2,4,1,32,AEX,0.75,AEX,0.75,0.0,1,1,1
B_middle,S-AEX,synthetic_ladder,2,4,1,64,AEX,0.75,AEX,0.75,0.0,1,1,1
B_middle,S-ALR,synthetic_ladder,2,4,1,4,ALR,1.0,ALR,1.0,0.0,1,1,1
B_middle,S-ALR,synthetic_ladder,2,4,1,8,ALR,1.0,ALR,1.0,0.0,1,1,1
B_middle,S-ALR,synthetic_ladder,2,4,1,16,ALR,1.0,ALR,1.0,0.0,1,1,1
B_middle,S-ALR,synthetic_ladder,2,4,1,32,ALR,1.0,ALR,1.0,0.0,1,1,1
B_middle,S-ALR,synthetic_ladder,2,4,1,64,ALR,1.0,ALR,1.0,0.0,1,1,1
B_middle,W-currency,active_witness,2,4,1,4,AEX,0.75,ALR,1.0,0.25,1,0,1
B_middle,W-currency,active_witness,2,4,1,8,AEX,0.75,ALR,1.0,0.25,1,0,1
B_middle,W-currency,active_witness,2,4,1,16,AEX,0.75,ALR,1.0,0.25,1,0,1
B_middle,W-currency,active_witness,2,4,1,32,AEX,0.75,ALR,1.0,0.25,1,0,1
B_middle,W-currency,active_witness,2,4,1,64,AEX,0.75,ALR,1.0,0.25,1,0,1
B_middle,W-deployment,active_witness,2,4,1,4,AEX,0.75,ALR,1.0,0.25,1,0,1
B_middle,W-deployment,active_witness,2,4,1,8,AEX,0.75,ALR,1.0,0.25,1,0,1
B_middle,W-deployment,active_witness,2,4,1,16,AEX,0.75,ALR,1.0,0.25,1,0,1
B_middle,W-deployment,active_witness,2,4,1,32,AEX,0.75,ALR,1.0,0.25,1,0,1
B_middle,W-deployment,active_witness,2,4,1,64,AEX,0.75,ALR,1.0,0.25,1,0,1
B_middle,W-population,active_witness,2,4,1,4,AEX,0.75,ALR,1.0,0.25,1,0,1
B_middle,W-population,active_witness,2,4,1,8,AEX,0.75,ALR,1.0,0.25,1,0,1
B_middle,W-population,active_witness,2,4,1,16,AEX,0.75,ALR,1.0,0.25,1,0,1
B_middle,W-population,active_witness,2,4,1,32,AEX,0.75,ALR,1.0,0.25,1,0,1
B_middle,W-population,active_witness,2,4,1,64,AEX,0.75,ALR,1.0,0.25,1,0,1
B_middle,W-clinical,active_witness,2,4,1,4,AEX,0.75,ALR,1.0,0.25,1,0,1
B_middle,W-clinical,active_witness,2,4,1,8,AEX,0.75,ALR,1.0,0.25,1,0,1
B_middle,W-clinical,active_witness,2,4,1,16,AEX,0.75,ALR,1.0,0.25,1,0,1
B_middle,W-clinical,active_witness,2,4,1,32,AEX,0.75,ALR,1.0,0.25,1,0,1
B_middle,W-clinical,active_witness,2,4,1,64,AEX,0.75,ALR,1.0,0.25,1,0,1
B_middle,M01,induction,3,3,1,4,AEX,0.75,AEX,0.75,0.0,1,1,1
B_middle,M01,induction,3,3,1,8,AEX,0.75,AEX,0.75,0.0,1,1,1
B_middle,M01,induction,3,3,1,16,AEX,0.75,AEX,0.75,0.0,1,1,1
B_middle,M01,induction,3,3,1,32,AEX,0.75,AEX,0.75,0.0,1,1,1
B_middle,M01,induction,3,3,1,64,AEX,0.75,AEX,0.75,0.0,1,1,1
B_middle,M02,induction,3,3,1,4,AEX,0.75,AEX,0.75,0.0,1,1,1
B_middle,M02,induction,3,3,1,8,AEX,0.75,AEX,0.75,0.0,1,1,1
B_middle,M02,induction,3,3,1,16,AEX,0.75,AEX,0.75,0.0,1,1,1
B_middle,M02,induction,3,3,1,32,AEX,0.75,AEX,0.75,0.0,1,1,1
B_middle,M02,induction,3,3,1,64,AEX,0.75,AEX,0.75,0.0,1,1,1
B_middle,M03,induction,3,3,1,4,AEX,0.75,AEX,0.75,0.0,1,1,1
B_middle,M03,induction,3,3,1,8,AEX,0.75,AEX,0.75,0.0,1,1,1
B_middle,M03,induction,3,3,1,16,AEX,0.75,AEX,0.75,0.0,1,1,1
B_middle,M03,induction,3,3,1,32,AEX,0.75,AEX,0.75,0.0,1,1,1
B_middle,M03,induction,3,3,1,64,AEX,0.75,AEX,0.75,0.0,1,1,1
B_middle,M04,induction,3,3,1,4,AEX,0.75,AEX,0.75,0.0,1,1,1
B_middle,M04,induction,3,3,1,8,AEX,0.75,AEX,0.75,0.0,1,1,1
B_middle,M04,induction,3,3,1,16,AEX,0.75,AEX,0.75,0.0,1,1,1
B_middle,M04,induction,3,3,1,32,AEX,0.75,AEX,0.75,0.0,1,1,1
B_middle,M04,induction,3,3,1,64,AEX,0.75,AEX,0.75,0.0,1,1,1
B_middle,M05,induction,3,3,1,4,AEX,0.75,AEX,0.75,0.0,1,1,1
B_middle,M05,induction,3,3,1,8,AEX,0.75,AEX,0.75,0.0,1,1,1
B_middle,M05,induction,3,3,1,16,AEX,0.75,AEX,0.75,0.0,1,1,1
B_middle,M05,induction,3,3,1,32,AEX,0.75,AEX,0.75,0.0,1,1,1
B_middle,M05,induction,3,3,1,64,AEX,0.75,AEX,0.75,0.0,1,1,1
B_middle,M06,induction,3,3,1,4,AEX,0.75,AEX,0.75,0.0,1,1,1
B_middle,M06,induction,3,3,1,8,AEX,0.75,AEX,0.75,0.0,1,1,1
B_middle,M06,induction,3,3,1,16,AEX,0.75,AEX,0.75,0.0,1,1,1
B_middle,M06,induction,3,3,1,32,AEX,0.75,AEX,0.75,0.0,1,1,1
B_middle,M06,induction,3,3,1,64,AEX,0.75,AEX,0.75,0.0,1,1,1
B_middle,M07,induction,3,3,1,4,AEX,0.75,AEX,0.75,0.0,1,1,1
B_middle,M07,induction,3,3,1,8,AEX,0.75,AEX,0.75,0.0,1,1,1
B_middle,M07,induction,3,3,1,16,AEX,0.75,AEX,0.75,0.0,1,1,1
B_middle,M07,induction,3,3,1,32,AEX,0.75,AEX,0.75,0.0,1,1,1
B_middle,M07,induction,3,3,1,64,AEX,0.75,AEX,0.75,0.0,1,1,1
B_middle,H01,held_out,3,3,1,4,AEX,0.75,AEX,0.75,0.0,1,1,1
B_middle,H01,held_out,3,3,1,8,AEX,0.75,AEX,0.75,0.0,1,1,1
B_middle,H01,held_out,3,3,1,16,AEX,0.75,AEX,0.75,0.0,1,1,1
B_middle,H01,held_out,3,3,1,32,AEX,0.75,AEX,0.75,0.0,1,1,1
B_middle,H01,held_out,3,3,1,64,AEX,0.75,AEX,0.75,0.0,1,1,1
B_middle,H02,held_out,3,3,1,4,REV,0.5,REV,0.5,0.0,1,1,1
B_middle,H02,held_out,3,3,1,8,REV,0.5,REV,0.5,0.0,1,1,1
B_middle,H02,held_out,3,3,1,16,REV,0.5,REV,0.5,0.0,1,1,1
B_middle,H02,held_out,3,3,1,32,REV,0.5,REV,0.5,0.0,1,1,1
B_middle,H02,held_out,3,3,1,64,REV,0.5,REV,0.5,0.0,1,1,1
B_middle,H03,held_out,3,3,1,4,DIA,0.25,DIA,0.25,0.0,1,1,1
B_middle,H03,held_out,3,3,1,8,DIA,0.25,DIA,0.25,0.0,1,1,1
B_middle,H03,held_out,3,3,1,16,DIA,0.25,DIA,0.25,0.0,1,1,1
B_middle,H03,held_out,3,3,1,32,DIA,0.25,DIA,0.25,0.0,1,1,1
B_middle,H03,held_out,3,3,1,64,DIA,0.25,DIA,0.25,0.0,1,1,1
B_middle,H04,held_out,3,3,1,4,AEX,0.75,AEX,0.75,0.0,1,1,1
B_middle,H04,held_out,3,3,1,8,AEX,0.75,AEX,0.75,0.0,1,1,1
B_middle,H04,held_out,3,3,1,16,AEX,0.75,AEX,0.75,0.0,1,1,1
B_middle,H04,held_out,3,3,1,32,AEX,0.75,AEX,0.75,0.0,1,1,1
B_middle,H04,held_out,3,3,1,64,AEX,0.75,AEX,0.75,0.0,1,1,1
B_middle,H05,held_out,3,3,1,4,AEX,0.75,AEX,0.75,0.0,1,1,1
B_middle,H05,held_out,3,3,1,8,AEX,0.75,AEX,0.75,0.0,1,1,1
B_middle,H05,held_out,3,3,1,16,AEX,0.75,AEX,0.75,0.0,1,1,1
B_middle,H05,held_out,3,3,1,32,AEX,0.75,AEX,0.75,0.0,1,1,1
B_middle,H05,held_out,3,3,1,64,AEX,0.75,AEX,0.75,0.0,1,1,1
B_middle,S-REF,synthetic_ladder,3,3,1,4,REF,0.0,REF,0.0,0.0,1,1,1
B_middle,S-REF,synthetic_ladder,3,3,1,8,REF,0.0,REF,0.0,0.0,1,1,1
B_middle,S-REF,synthetic_ladder,3,3,1,16,REF,0.0,REF,0.0,0.0,1,1,1
B_middle,S-REF,synthetic_ladder,3,3,1,32,REF,0.0,REF,0.0,0.0,1,1,1
B_middle,S-REF,synthetic_ladder,3,3,1,64,REF,0.0,REF,0.0,0.0,1,1,1
B_middle,S-DIA,synthetic_ladder,3,3,1,4,DIA,0.25,DIA,0.25,0.0,1,1,1
B_middle,S-DIA,synthetic_ladder,3,3,1,8,DIA,0.25,DIA,0.25,0.0,1,1,1
B_middle,S-DIA,synthetic_ladder,3,3,1,16,DIA,0.25,DIA,0.25,0.0,1,1,1
B_middle,S-DIA,synthetic_ladder,3,3,1,32,DIA,0.25,DIA,0.25,0.0,1,1,1
B_middle,S-DIA,synthetic_ladder,3,3,1,64,DIA,0.25,DIA,0.25,0.0,1,1,1
B_middle,S-REV,synthetic_ladder,3,3,1,4,REV,0.5,REV,0.5,0.0,1,1,1
B_middle,S-REV,synthetic_ladder,3,3,1,8,REV,0.5,REV,0.5,0.0,1,1,1
B_middle,S-REV,synthetic_ladder,3,3,1,16,REV,0.5,REV,0.5,0.0,1,1,1
B_middle,S-REV,synthetic_ladder,3,3,1,32,REV,0.5,REV,0.5,0.0,1,1,1
B_middle,S-REV,synthetic_ladder,3,3,1,64,REV,0.5,REV,0.5,0.0,1,1,1
B_middle,S-AEX,synthetic_ladder,3,3,1,4,AEX,0.75,AEX,0.75,0.0,1,1,1
B_middle,S-AEX,synthetic_ladder,3,3,1,8,AEX,0.75,AEX,0.75,0.0,1,1,1
B_middle,S-AEX,synthetic_ladder,3,3,1,16,AEX,0.75,AEX,0.75,0.0,1,1,1
B_middle,S-AEX,synthetic_ladder,3,3,1,32,AEX,0.75,AEX,0.75,0.0,1,1,1
B_middle,S-AEX,synthetic_ladder,3,3,1,64,AEX,0.75,AEX,0.75,0.0,1,1,1
B_middle,S-ALR,synthetic_ladder,3,3,1,4,ALR,1.0,ALR,1.0,0.0,1,1,1
B_middle,S-ALR,synthetic_ladder,3,3,1,8,ALR,1.0,ALR,1.0,0.0,1,1,1
B_middle,S-ALR,synthetic_ladder,3,3,1,16,ALR,1.0,ALR,1.0,0.0,1,1,1
B_middle,S-ALR,synthetic_ladder,3,3,1,32,ALR,1.0,ALR,1.0,0.0,1,1,1
B_middle,S-ALR,synthetic_ladder,3,3,1,64,ALR,1.0,ALR,1.0,0.0,1,1,1
B_middle,W-currency,active_witness,3,3,1,4,ALR,1.0,ALR,1.0,0.0,1,1,1
B_middle,W-currency,active_witness,3,3,1,8,ALR,1.0,ALR,1.0,0.0,1,1,1
B_middle,W-currency,active_witness,3,3,1,16,ALR,1.0,ALR,1.0,0.0,1,1,1
B_middle,W-currency,active_witness,3,3,1,32,ALR,1.0,ALR,1.0,0.0,1,1,1
B_middle,W-currency,active_witness,3,3,1,64,ALR,1.0,ALR,1.0,0.0,1,1,1
B_middle,W-deployment,active_witness,3,3,1,4,AEX,0.75,ALR,1.0,0.25,1,1,1
B_middle,W-deployment,active_witness,3,3,1,8,AEX,0.75,ALR,1.0,0.25,1,1,1
B_middle,W-deployment,active_witness,3,3,1,16,AEX,0.75,ALR,1.0,0.25,1,1,1
B_middle,W-deployment,active_witness,3,3,1,32,AEX,0.75,ALR,1.0,0.25,1,1,1
B_middle,W-deployment,active_witness,3,3,1,64,AEX,0.75,ALR,1.0,0.25,1,1,1
B_middle,W-population,active_witness,3,3,1,4,AEX,0.75,ALR,1.0,0.25,1,1,1
B_middle,W-population,active_witness,3,3,1,8,AEX,0.75,ALR,1.0,0.25,1,1,1
B_middle,W-population,active_witness,3,3,1,16,AEX,0.75,ALR,1.0,0.25,1,1,1
B_middle,W-population,active_witness,3,3,1,32,AEX,0.75,ALR,1.0,0.25,1,1,1
B_middle,W-population,active_witness,3,3,1,64,AEX,0.75,ALR,1.0,0.25,1,1,1
B_middle,W-clinical,active_witness,3,3,1,4,AEX,0.75,ALR,1.0,0.25,1,1,1
B_middle,W-clinical,active_witness,3,3,1,8,AEX,0.75,ALR,1.0,0.25,1,1,1
B_middle,W-clinical,active_witness,3,3,1,16,AEX,0.75,ALR,1.0,0.25,1,1,1
B_middle,W-clinical,active_witness,3,3,1,32,AEX,0.75,ALR,1.0,0.25,1,1,1
B_middle,W-clinical,active_witness,3,3,1,64,AEX,0.75,ALR,1.0,0.25,1,1,1
B_middle,M01,induction,4,2,1,4,AEX,0.75,AEX,0.75,0.0,1,1,1
B_middle,M01,induction,4,2,1,8,AEX,0.75,AEX,0.75,0.0,1,1,1
B_middle,M01,induction,4,2,1,16,AEX,0.75,AEX,0.75,0.0,1,1,1
B_middle,M01,induction,4,2,1,32,AEX,0.75,AEX,0.75,0.0,1,1,1
B_middle,M01,induction,4,2,1,64,AEX,0.75,AEX,0.75,0.0,1,1,1
B_middle,M02,induction,4,2,1,4,AEX,0.75,AEX,0.75,0.0,1,1,1
B_middle,M02,induction,4,2,1,8,AEX,0.75,AEX,0.75,0.0,1,1,1
B_middle,M02,induction,4,2,1,16,AEX,0.75,AEX,0.75,0.0,1,1,1
B_middle,M02,induction,4,2,1,32,AEX,0.75,AEX,0.75,0.0,1,1,1
B_middle,M02,induction,4,2,1,64,AEX,0.75,AEX,0.75,0.0,1,1,1
B_middle,M03,induction,4,2,1,4,AEX,0.75,AEX,0.75,0.0,1,1,1
B_middle,M03,induction,4,2,1,8,AEX,0.75,AEX,0.75,0.0,1,1,1
B_middle,M03,induction,4,2,1,16,AEX,0.75,AEX,0.75,0.0,1,1,1
B_middle,M03,induction,4,2,1,32,AEX,0.75,AEX,0.75,0.0,1,1,1
B_middle,M03,induction,4,2,1,64,AEX,0.75,AEX,0.75,0.0,1,1,1
B_middle,M04,induction,4,2,1,4,AEX,0.75,AEX,0.75,0.0,1,1,1
B_middle,M04,induction,4,2,1,8,AEX,0.75,AEX,0.75,0.0,1,1,1
B_middle,M04,induction,4,2,1,16,AEX,0.75,AEX,0.75,0.0,1,1,1
B_middle,M04,induction,4,2,1,32,AEX,0.75,AEX,0.75,0.0,1,1,1
B_middle,M04,induction,4,2,1,64,AEX,0.75,AEX,0.75,0.0,1,1,1
B_middle,M05,induction,4,2,1,4,AEX,0.75,AEX,0.75,0.0,1,1,1
B_middle,M05,induction,4,2,1,8,AEX,0.75,AEX,0.75,0.0,1,1,1
B_middle,M05,induction,4,2,1,16,AEX,0.75,AEX,0.75,0.0,1,1,1
B_middle,M05,induction,4,2,1,32,AEX,0.75,AEX,0.75,0.0,1,1,1
B_middle,M05,induction,4,2,1,64,AEX,0.75,AEX,0.75,0.0,1,1,1
B_middle,M06,induction,4,2,1,4,AEX,0.75,AEX,0.75,0.0,1,1,1
B_middle,M06,induction,4,2,1,8,AEX,0.75,AEX,0.75,0.0,1,1,1
B_middle,M06,induction,4,2,1,16,AEX,0.75,AEX,0.75,0.0,1,1,1
B_middle,M06,induction,4,2,1,32,AEX,0.75,AEX,0.75,0.0,1,1,1
B_middle,M06,induction,4,2,1,64,AEX,0.75,AEX,0.75,0.0,1,1,1
B_middle,M07,induction,4,2,1,4,AEX,0.75,AEX,0.75,0.0,1,1,1
B_middle,M07,induction,4,2,1,8,AEX,0.75,AEX,0.75,0.0,1,1,1
B_middle,M07,induction,4,2,1,16,AEX,0.75,AEX,0.75,0.0,1,1,1
B_middle,M07,induction,4,2,1,32,AEX,0.75,AEX,0.75,0.0,1,1,1
B_middle,M07,induction,4,2,1,64,AEX,0.75,AEX,0.75,0.0,1,1,1
B_middle,H01,held_out,4,2,1,4,AEX,0.75,AEX,0.75,0.0,1,1,1
B_middle,H01,held_out,4,2,1,8,AEX,0.75,AEX,0.75,0.0,1,1,1
B_middle,H01,held_out,4,2,1,16,AEX,0.75,AEX,0.75,0.0,1,1,1
B_middle,H01,held_out,4,2,1,32,AEX,0.75,AEX,0.75,0.0,1,1,1
B_middle,H01,held_out,4,2,1,64,AEX,0.75,AEX,0.75,0.0,1,1,1
B_middle,H02,held_out,4,2,1,4,REV,0.5,REV,0.5,0.0,1,1,1
B_middle,H02,held_out,4,2,1,8,REV,0.5,REV,0.5,0.0,1,1,1
B_middle,H02,held_out,4,2,1,16,REV,0.5,REV,0.5,0.0,1,1,1
B_middle,H02,held_out,4,2,1,32,REV,0.5,REV,0.5,0.0,1,1,1
B_middle,H02,held_out,4,2,1,64,REV,0.5,REV,0.5,0.0,1,1,1
B_middle,H03,held_out,4,2,1,4,DIA,0.25,DIA,0.25,0.0,1,1,1
B_middle,H03,held_out,4,2,1,8,DIA,0.25,DIA,0.25,0.0,1,1,1
B_middle,H03,held_out,4,2,1,16,DIA,0.25,DIA,0.25,0.0,1,1,1
B_middle,H03,held_out,4,2,1,32,DIA,0.25,DIA,0.25,0.0,1,1,1
B_middle,H03,held_out,4,2,1,64,DIA,0.25,DIA,0.25,0.0,1,1,1
B_middle,H04,held_out,4,2,1,4,AEX,0.75,AEX,0.75,0.0,1,1,1
B_middle,H04,held_out,4,2,1,8,AEX,0.75,AEX,0.75,0.0,1,1,1
B_middle,H04,held_out,4,2,1,16,AEX,0.75,AEX,0.75,0.0,1,1,1
B_middle,H04,held_out,4,2,1,32,AEX,0.75,AEX,0.75,0.0,1,1,1
B_middle,H04,held_out,4,2,1,64,AEX,0.75,AEX,0.75,0.0,1,1,1
B_middle,H05,held_out,4,2,1,4,AEX,0.75,AEX,0.75,0.0,1,1,1
B_middle,H05,held_out,4,2,1,8,AEX,0.75,AEX,0.75,0.0,1,1,1
B_middle,H05,held_out,4,2,1,16,AEX,0.75,AEX,0.75,0.0,1,1,1
B_middle,H05,held_out,4,2,1,32,AEX,0.75,AEX,0.75,0.0,1,1,1
B_middle,H05,held_out,4,2,1,64,AEX,0.75,AEX,0.75,0.0,1,1,1
B_middle,S-REF,synthetic_ladder,4,2,1,4,REF,0.0,REF,0.0,0.0,1,1,1
B_middle,S-REF,synthetic_ladder,4,2,1,8,REF,0.0,REF,0.0,0.0,1,1,1
B_middle,S-REF,synthetic_ladder,4,2,1,16,REF,0.0,REF,0.0,0.0,1,1,1
B_middle,S-REF,synthetic_ladder,4,2,1,32,REF,0.0,REF,0.0,0.0,1,1,1
B_middle,S-REF,synthetic_ladder,4,2,1,64,REF,0.0,REF,0.0,0.0,1,1,1
B_middle,S-DIA,synthetic_ladder,4,2,1,4,DIA,0.25,DIA,0.25,0.0,1,1,1
B_middle,S-DIA,synthetic_ladder,4,2,1,8,DIA,0.25,DIA,0.25,0.0,1,1,1
B_middle,S-DIA,synthetic_ladder,4,2,1,16,DIA,0.25,DIA,0.25,0.0,1,1,1
B_middle,S-DIA,synthetic_ladder,4,2,1,32,DIA,0.25,DIA,0.25,0.0,1,1,1
B_middle,S-DIA,synthetic_ladder,4,2,1,64,DIA,0.25,DIA,0.25,0.0,1,1,1
B_middle,S-REV,synthetic_ladder,4,2,1,4,REV,0.5,REV,0.5,0.0,1,1,1
B_middle,S-REV,synthetic_ladder,4,2,1,8,REV,0.5,REV,0.5,0.0,1,1,1
B_middle,S-REV,synthetic_ladder,4,2,1,16,REV,0.5,REV,0.5,0.0,1,1,1
B_middle,S-REV,synthetic_ladder,4,2,1,32,REV,0.5,REV,0.5,0.0,1,1,1
B_middle,S-REV,synthetic_ladder,4,2,1,64,REV,0.5,REV,0.5,0.0,1,1,1
B_middle,S-AEX,synthetic_ladder,4,2,1,4,AEX,0.75,AEX,0.75,0.0,1,1,1
B_middle,S-AEX,synthetic_ladder,4,2,1,8,AEX,0.75,AEX,0.75,0.0,1,1,1
B_middle,S-AEX,synthetic_ladder,4,2,1,16,AEX,0.75,AEX,0.75,0.0,1,1,1
B_middle,S-AEX,synthetic_ladder,4,2,1,32,AEX,0.75,AEX,0.75,0.0,1,1,1
B_middle,S-AEX,synthetic_ladder,4,2,1,64,AEX,0.75,AEX,0.75,0.0,1,1,1
B_middle,S-ALR,synthetic_ladder,4,2,1,4,ALR,1.0,ALR,1.0,0.0,1,1,1
B_middle,S-ALR,synthetic_ladder,4,2,1,8,ALR,1.0,ALR,1.0,0.0,1,1,1
B_middle,S-ALR,synthetic_ladder,4,2,1,16,ALR,1.0,ALR,1.0,0.0,1,1,1
B_middle,S-ALR,synthetic_ladder,4,2,1,32,ALR,1.0,ALR,1.0,0.0,1,1,1
B_middle,S-ALR,synthetic_ladder,4,2,1,64,ALR,1.0,ALR,1.0,0.0,1,1,1
B_middle,W-currency,active_witness,4,2,1,4,ALR,1.0,ALR,1.0,0.0,1,1,1
B_middle,W-currency,active_witness,4,2,1,8,ALR,1.0,ALR,1.0,0.0,1,1,1
B_middle,W-currency,active_witness,4,2,1,16,ALR,1.0,ALR,1.0,0.0,1,1,1
B_middle,W-currency,active_witness,4,2,1,32,ALR,1.0,ALR,1.0,0.0,1,1,1
B_middle,W-currency,active_witness,4,2,1,64,ALR,1.0,ALR,1.0,0.0,1,1,1
B_middle,W-deployment,active_witness,4,2,1,4,ALR,1.0,ALR,1.0,0.0,1,1,1
B_middle,W-deployment,active_witness,4,2,1,8,ALR,1.0,ALR,1.0,0.0,1,1,1
B_middle,W-deployment,active_witness,4,2,1,16,ALR,1.0,ALR,1.0,0.0,1,1,1
B_middle,W-deployment,active_witness,4,2,1,32,ALR,1.0,ALR,1.0,0.0,1,1,1
B_middle,W-deployment,active_witness,4,2,1,64,ALR,1.0,ALR,1.0,0.0,1,1,1
B_middle,W-population,active_witness,4,2,1,4,AEX,0.75,ALR,1.0,0.25,1,1,1
B_middle,W-population,active_witness,4,2,1,8,AEX,0.75,ALR,1.0,0.25,1,1,1
B_middle,W-population,active_witness,4,2,1,16,AEX,0.75,ALR,1.0,0.25,1,1,1
B_middle,W-population,active_witness,4,2,1,32,AEX,0.75,ALR,1.0,0.25,1,1,1
B_middle,W-population,active_witness,4,2,1,64,AEX,0.75,ALR,1.0,0.25,1,1,1
B_middle,W-clinical,active_witness,4,2,1,4,AEX,0.75,ALR,1.0,0.25,1,1,1
B_middle,W-clinical,active_witness,4,2,1,8,AEX,0.75,ALR,1.0,0.25,1,1,1
B_middle,W-clinical,active_witness,4,2,1,16,AEX,0.75,ALR,1.0,0.25,1,1,1
B_middle,W-clinical,active_witness,4,2,1,32,AEX,0.75,ALR,1.0,0.25,1,1,1
B_middle,W-clinical,active_witness,4,2,1,64,AEX,0.75,ALR,1.0,0.25,1,1,1
B_middle,M01,induction,5,1,1,4,AEX,0.75,AEX,0.75,0.0,1,1,1
B_middle,M01,induction,5,1,1,8,AEX,0.75,AEX,0.75,0.0,1,1,1
B_middle,M01,induction,5,1,1,16,AEX,0.75,AEX,0.75,0.0,1,1,1
B_middle,M01,induction,5,1,1,32,AEX,0.75,AEX,0.75,0.0,1,1,1
B_middle,M01,induction,5,1,1,64,AEX,0.75,AEX,0.75,0.0,1,1,1
B_middle,M02,induction,5,1,1,4,AEX,0.75,AEX,0.75,0.0,1,1,1
B_middle,M02,induction,5,1,1,8,AEX,0.75,AEX,0.75,0.0,1,1,1
B_middle,M02,induction,5,1,1,16,AEX,0.75,AEX,0.75,0.0,1,1,1
B_middle,M02,induction,5,1,1,32,AEX,0.75,AEX,0.75,0.0,1,1,1
B_middle,M02,induction,5,1,1,64,AEX,0.75,AEX,0.75,0.0,1,1,1
B_middle,M03,induction,5,1,1,4,AEX,0.75,AEX,0.75,0.0,1,1,1
B_middle,M03,induction,5,1,1,8,AEX,0.75,AEX,0.75,0.0,1,1,1
B_middle,M03,induction,5,1,1,16,AEX,0.75,AEX,0.75,0.0,1,1,1
B_middle,M03,induction,5,1,1,32,AEX,0.75,AEX,0.75,0.0,1,1,1
B_middle,M03,induction,5,1,1,64,AEX,0.75,AEX,0.75,0.0,1,1,1
B_middle,M04,induction,5,1,1,4,AEX,0.75,AEX,0.75,0.0,1,1,1
B_middle,M04,induction,5,1,1,8,AEX,0.75,AEX,0.75,0.0,1,1,1
B_middle,M04,induction,5,1,1,16,AEX,0.75,AEX,0.75,0.0,1,1,1
B_middle,M04,induction,5,1,1,32,AEX,0.75,AEX,0.75,0.0,1,1,1
B_middle,M04,induction,5,1,1,64,AEX,0.75,AEX,0.75,0.0,1,1,1
B_middle,M05,induction,5,1,1,4,AEX,0.75,AEX,0.75,0.0,1,1,1
B_middle,M05,induction,5,1,1,8,AEX,0.75,AEX,0.75,0.0,1,1,1
B_middle,M05,induction,5,1,1,16,AEX,0.75,AEX,0.75,0.0,1,1,1
B_middle,M05,induction,5,1,1,32,AEX,0.75,AEX,0.75,0.0,1,1,1
B_middle,M05,induction,5,1,1,64,AEX,0.75,AEX,0.75,0.0,1,1,1
B_middle,M06,induction,5,1,1,4,AEX,0.75,AEX,0.75,0.0,1,1,1
B_middle,M06,induction,5,1,1,8,AEX,0.75,AEX,0.75,0.0,1,1,1
B_middle,M06,induction,5,1,1,16,AEX,0.75,AEX,0.75,0.0,1,1,1
B_middle,M06,induction,5,1,1,32,AEX,0.75,AEX,0.75,0.0,1,1,1
B_middle,M06,induction,5,1,1,64,AEX,0.75,AEX,0.75,0.0,1,1,1
B_middle,M07,induction,5,1,1,4,AEX,0.75,AEX,0.75,0.0,1,1,1
B_middle,M07,induction,5,1,1,8,AEX,0.75,AEX,0.75,0.0,1,1,1
B_middle,M07,induction,5,1,1,16,AEX,0.75,AEX,0.75,0.0,1,1,1
B_middle,M07,induction,5,1,1,32,AEX,0.75,AEX,0.75,0.0,1,1,1
B_middle,M07,induction,5,1,1,64,AEX,0.75,AEX,0.75,0.0,1,1,1
B_middle,H01,held_out,5,1,1,4,AEX,0.75,AEX,0.75,0.0,1,1,1
B_middle,H01,held_out,5,1,1,8,AEX,0.75,AEX,0.75,0.0,1,1,1
B_middle,H01,held_out,5,1,1,16,AEX,0.75,AEX,0.75,0.0,1,1,1
B_middle,H01,held_out,5,1,1,32,AEX,0.75,AEX,0.75,0.0,1,1,1
B_middle,H01,held_out,5,1,1,64,AEX,0.75,AEX,0.75,0.0,1,1,1
B_middle,H02,held_out,5,1,1,4,REV,0.5,REV,0.5,0.0,1,1,1
B_middle,H02,held_out,5,1,1,8,REV,0.5,REV,0.5,0.0,1,1,1
B_middle,H02,held_out,5,1,1,16,REV,0.5,REV,0.5,0.0,1,1,1
B_middle,H02,held_out,5,1,1,32,REV,0.5,REV,0.5,0.0,1,1,1
B_middle,H02,held_out,5,1,1,64,REV,0.5,REV,0.5,0.0,1,1,1
B_middle,H03,held_out,5,1,1,4,DIA,0.25,DIA,0.25,0.0,1,1,1
B_middle,H03,held_out,5,1,1,8,DIA,0.25,DIA,0.25,0.0,1,1,1
B_middle,H03,held_out,5,1,1,16,DIA,0.25,DIA,0.25,0.0,1,1,1
B_middle,H03,held_out,5,1,1,32,DIA,0.25,DIA,0.25,0.0,1,1,1
B_middle,H03,held_out,5,1,1,64,DIA,0.25,DIA,0.25,0.0,1,1,1
B_middle,H04,held_out,5,1,1,4,AEX,0.75,AEX,0.75,0.0,1,1,1
B_middle,H04,held_out,5,1,1,8,AEX,0.75,AEX,0.75,0.0,1,1,1
B_middle,H04,held_out,5,1,1,16,AEX,0.75,AEX,0.75,0.0,1,1,1
B_middle,H04,held_out,5,1,1,32,AEX,0.75,AEX,0.75,0.0,1,1,1
B_middle,H04,held_out,5,1,1,64,AEX,0.75,AEX,0.75,0.0,1,1,1
B_middle,H05,held_out,5,1,1,4,AEX,0.75,AEX,0.75,0.0,1,1,1
B_middle,H05,held_out,5,1,1,8,AEX,0.75,AEX,0.75,0.0,1,1,1
B_middle,H05,held_out,5,1,1,16,AEX,0.75,AEX,0.75,0.0,1,1,1
B_middle,H05,held_out,5,1,1,32,AEX,0.75,AEX,0.75,0.0,1,1,1
B_middle,H05,held_out,5,1,1,64,AEX,0.75,AEX,0.75,0.0,1,1,1
B_middle,S-REF,synthetic_ladder,5,1,1,4,REF,0.0,REF,0.0,0.0,1,1,1
B_middle,S-REF,synthetic_ladder,5,1,1,8,REF,0.0,REF,0.0,0.0,1,1,1
B_middle,S-REF,synthetic_ladder,5,1,1,16,REF,0.0,REF,0.0,0.0,1,1,1
B_middle,S-REF,synthetic_ladder,5,1,1,32,REF,0.0,REF,0.0,0.0,1,1,1
B_middle,S-REF,synthetic_ladder,5,1,1,64,REF,0.0,REF,0.0,0.0,1,1,1
B_middle,S-DIA,synthetic_ladder,5,1,1,4,DIA,0.25,DIA,0.25,0.0,1,1,1
B_middle,S-DIA,synthetic_ladder,5,1,1,8,DIA,0.25,DIA,0.25,0.0,1,1,1
B_middle,S-DIA,synthetic_ladder,5,1,1,16,DIA,0.25,DIA,0.25,0.0,1,1,1
B_middle,S-DIA,synthetic_ladder,5,1,1,32,DIA,0.25,DIA,0.25,0.0,1,1,1
B_middle,S-DIA,synthetic_ladder,5,1,1,64,DIA,0.25,DIA,0.25,0.0,1,1,1
B_middle,S-REV,synthetic_ladder,5,1,1,4,REV,0.5,REV,0.5,0.0,1,1,1
B_middle,S-REV,synthetic_ladder,5,1,1,8,REV,0.5,REV,0.5,0.0,1,1,1
B_middle,S-REV,synthetic_ladder,5,1,1,16,REV,0.5,REV,0.5,0.0,1,1,1
B_middle,S-REV,synthetic_ladder,5,1,1,32,REV,0.5,REV,0.5,0.0,1,1,1
B_middle,S-REV,synthetic_ladder,5,1,1,64,REV,0.5,REV,0.5,0.0,1,1,1
B_middle,S-AEX,synthetic_ladder,5,1,1,4,AEX,0.75,AEX,0.75,0.0,1,1,1
B_middle,S-AEX,synthetic_ladder,5,1,1,8,AEX,0.75,AEX,0.75,0.0,1,1,1
B_middle,S-AEX,synthetic_ladder,5,1,1,16,AEX,0.75,AEX,0.75,0.0,1,1,1
B_middle,S-AEX,synthetic_ladder,5,1,1,32,AEX,0.75,AEX,0.75,0.0,1,1,1
B_middle,S-AEX,synthetic_ladder,5,1,1,64,AEX,0.75,AEX,0.75,0.0,1,1,1
B_middle,S-ALR,synthetic_ladder,5,1,1,4,ALR,1.0,ALR,1.0,0.0,1,1,1
B_middle,S-ALR,synthetic_ladder,5,1,1,8,ALR,1.0,ALR,1.0,0.0,1,1,1
B_middle,S-ALR,synthetic_ladder,5,1,1,16,ALR,1.0,ALR,1.0,0.0,1,1,1
B_middle,S-ALR,synthetic_ladder,5,1,1,32,ALR,1.0,ALR,1.0,0.0,1,1,1
B_middle,S-ALR,synthetic_ladder,5,1,1,64,ALR,1.0,ALR,1.0,0.0,1,1,1
B_middle,W-currency,active_witness,5,1,1,4,ALR,1.0,ALR,1.0,0.0,1,1,1
B_middle,W-currency,active_witness,5,1,1,8,ALR,1.0,ALR,1.0,0.0,1,1,1
B_middle,W-currency,active_witness,5,1,1,16,ALR,1.0,ALR,1.0,0.0,1,1,1
B_middle,W-currency,active_witness,5,1,1,32,ALR,1.0,ALR,1.0,0.0,1,1,1
B_middle,W-currency,active_witness,5,1,1,64,ALR,1.0,ALR,1.0,0.0,1,1,1
B_middle,W-deployment,active_witness,5,1,1,4,ALR,1.0,ALR,1.0,0.0,1,1,1
B_middle,W-deployment,active_witness,5,1,1,8,ALR,1.0,ALR,1.0,0.0,1,1,1
B_middle,W-deployment,active_witness,5,1,1,16,ALR,1.0,ALR,1.0,0.0,1,1,1
B_middle,W-deployment,active_witness,5,1,1,32,ALR,1.0,ALR,1.0,0.0,1,1,1
B_middle,W-deployment,active_witness,5,1,1,64,ALR,1.0,ALR,1.0,0.0,1,1,1
B_middle,W-population,active_witness,5,1,1,4,ALR,1.0,ALR,1.0,0.0,1,1,1
B_middle,W-population,active_witness,5,1,1,8,ALR,1.0,ALR,1.0,0.0,1,1,1
B_middle,W-population,active_witness,5,1,1,16,ALR,1.0,ALR,1.0,0.0,1,1,1
B_middle,W-population,active_witness,5,1,1,32,ALR,1.0,ALR,1.0,0.0,1,1,1
B_middle,W-population,active_witness,5,1,1,64,ALR,1.0,ALR,1.0,0.0,1,1,1
B_middle,W-clinical,active_witness,5,1,1,4,AEX,0.75,ALR,1.0,0.25,1,1,1
B_middle,W-clinical,active_witness,5,1,1,8,AEX,0.75,ALR,1.0,0.25,1,1,1
B_middle,W-clinical,active_witness,5,1,1,16,AEX,0.75,ALR,1.0,0.25,1,1,1
B_middle,W-clinical,active_witness,5,1,1,32,AEX,0.75,ALR,1.0,0.25,1,1,1
B_middle,W-clinical,active_witness,5,1,1,64,AEX,0.75,ALR,1.0,0.25,1,1,1
B_middle,M01,induction,6,0,1,4,AEX,0.75,AEX,0.75,0.0,1,1,1
B_middle,M01,induction,6,0,1,8,AEX,0.75,AEX,0.75,0.0,1,1,1
B_middle,M01,induction,6,0,1,16,AEX,0.75,AEX,0.75,0.0,1,1,1
B_middle,M01,induction,6,0,1,32,AEX,0.75,AEX,0.75,0.0,1,1,1
B_middle,M01,induction,6,0,1,64,AEX,0.75,AEX,0.75,0.0,1,1,1
B_middle,M02,induction,6,0,1,4,AEX,0.75,AEX,0.75,0.0,1,1,1
B_middle,M02,induction,6,0,1,8,AEX,0.75,AEX,0.75,0.0,1,1,1
B_middle,M02,induction,6,0,1,16,AEX,0.75,AEX,0.75,0.0,1,1,1
B_middle,M02,induction,6,0,1,32,AEX,0.75,AEX,0.75,0.0,1,1,1
B_middle,M02,induction,6,0,1,64,AEX,0.75,AEX,0.75,0.0,1,1,1
B_middle,M03,induction,6,0,1,4,AEX,0.75,AEX,0.75,0.0,1,1,1
B_middle,M03,induction,6,0,1,8,AEX,0.75,AEX,0.75,0.0,1,1,1
B_middle,M03,induction,6,0,1,16,AEX,0.75,AEX,0.75,0.0,1,1,1
B_middle,M03,induction,6,0,1,32,AEX,0.75,AEX,0.75,0.0,1,1,1
B_middle,M03,induction,6,0,1,64,AEX,0.75,AEX,0.75,0.0,1,1,1
B_middle,M04,induction,6,0,1,4,AEX,0.75,AEX,0.75,0.0,1,1,1
B_middle,M04,induction,6,0,1,8,AEX,0.75,AEX,0.75,0.0,1,1,1
B_middle,M04,induction,6,0,1,16,AEX,0.75,AEX,0.75,0.0,1,1,1
B_middle,M04,induction,6,0,1,32,AEX,0.75,AEX,0.75,0.0,1,1,1
B_middle,M04,induction,6,0,1,64,AEX,0.75,AEX,0.75,0.0,1,1,1
B_middle,M05,induction,6,0,1,4,AEX,0.75,AEX,0.75,0.0,1,1,1
B_middle,M05,induction,6,0,1,8,AEX,0.75,AEX,0.75,0.0,1,1,1
B_middle,M05,induction,6,0,1,16,AEX,0.75,AEX,0.75,0.0,1,1,1
B_middle,M05,induction,6,0,1,32,AEX,0.75,AEX,0.75,0.0,1,1,1
B_middle,M05,induction,6,0,1,64,AEX,0.75,AEX,0.75,0.0,1,1,1
B_middle,M06,induction,6,0,1,4,AEX,0.75,AEX,0.75,0.0,1,1,1
B_middle,M06,induction,6,0,1,8,AEX,0.75,AEX,0.75,0.0,1,1,1
B_middle,M06,induction,6,0,1,16,AEX,0.75,AEX,0.75,0.0,1,1,1
B_middle,M06,induction,6,0,1,32,AEX,0.75,AEX,0.75,0.0,1,1,1
B_middle,M06,induction,6,0,1,64,AEX,0.75,AEX,0.75,0.0,1,1,1
B_middle,M07,induction,6,0,1,4,AEX,0.75,AEX,0.75,0.0,1,1,1
B_middle,M07,induction,6,0,1,8,AEX,0.75,AEX,0.75,0.0,1,1,1
B_middle,M07,induction,6,0,1,16,AEX,0.75,AEX,0.75,0.0,1,1,1
B_middle,M07,induction,6,0,1,32,AEX,0.75,AEX,0.75,0.0,1,1,1
B_middle,M07,induction,6,0,1,64,AEX,0.75,AEX,0.75,0.0,1,1,1
B_middle,H01,held_out,6,0,1,4,AEX,0.75,AEX,0.75,0.0,1,1,1
B_middle,H01,held_out,6,0,1,8,AEX,0.75,AEX,0.75,0.0,1,1,1
B_middle,H01,held_out,6,0,1,16,AEX,0.75,AEX,0.75,0.0,1,1,1
B_middle,H01,held_out,6,0,1,32,AEX,0.75,AEX,0.75,0.0,1,1,1
B_middle,H01,held_out,6,0,1,64,AEX,0.75,AEX,0.75,0.0,1,1,1
B_middle,H02,held_out,6,0,1,4,REV,0.5,REV,0.5,0.0,1,1,1
B_middle,H02,held_out,6,0,1,8,REV,0.5,REV,0.5,0.0,1,1,1
B_middle,H02,held_out,6,0,1,16,REV,0.5,REV,0.5,0.0,1,1,1
B_middle,H02,held_out,6,0,1,32,REV,0.5,REV,0.5,0.0,1,1,1
B_middle,H02,held_out,6,0,1,64,REV,0.5,REV,0.5,0.0,1,1,1
B_middle,H03,held_out,6,0,1,4,DIA,0.25,DIA,0.25,0.0,1,1,1
B_middle,H03,held_out,6,0,1,8,DIA,0.25,DIA,0.25,0.0,1,1,1
B_middle,H03,held_out,6,0,1,16,DIA,0.25,DIA,0.25,0.0,1,1,1
B_middle,H03,held_out,6,0,1,32,DIA,0.25,DIA,0.25,0.0,1,1,1
B_middle,H03,held_out,6,0,1,64,DIA,0.25,DIA,0.25,0.0,1,1,1
B_middle,H04,held_out,6,0,1,4,AEX,0.75,AEX,0.75,0.0,1,1,1
B_middle,H04,held_out,6,0,1,8,AEX,0.75,AEX,0.75,0.0,1,1,1
B_middle,H04,held_out,6,0,1,16,AEX,0.75,AEX,0.75,0.0,1,1,1
B_middle,H04,held_out,6,0,1,32,AEX,0.75,AEX,0.75,0.0,1,1,1
B_middle,H04,held_out,6,0,1,64,AEX,0.75,AEX,0.75,0.0,1,1,1
B_middle,H05,held_out,6,0,1,4,AEX,0.75,AEX,0.75,0.0,1,1,1
B_middle,H05,held_out,6,0,1,8,AEX,0.75,AEX,0.75,0.0,1,1,1
B_middle,H05,held_out,6,0,1,16,AEX,0.75,AEX,0.75,0.0,1,1,1
B_middle,H05,held_out,6,0,1,32,AEX,0.75,AEX,0.75,0.0,1,1,1
B_middle,H05,held_out,6,0,1,64,AEX,0.75,AEX,0.75,0.0,1,1,1
B_middle,S-REF,synthetic_ladder,6,0,1,4,REF,0.0,REF,0.0,0.0,1,1,1
B_middle,S-REF,synthetic_ladder,6,0,1,8,REF,0.0,REF,0.0,0.0,1,1,1
B_middle,S-REF,synthetic_ladder,6,0,1,16,REF,0.0,REF,0.0,0.0,1,1,1
B_middle,S-REF,synthetic_ladder,6,0,1,32,REF,0.0,REF,0.0,0.0,1,1,1
B_middle,S-REF,synthetic_ladder,6,0,1,64,REF,0.0,REF,0.0,0.0,1,1,1
B_middle,S-DIA,synthetic_ladder,6,0,1,4,DIA,0.25,DIA,0.25,0.0,1,1,1
B_middle,S-DIA,synthetic_ladder,6,0,1,8,DIA,0.25,DIA,0.25,0.0,1,1,1
B_middle,S-DIA,synthetic_ladder,6,0,1,16,DIA,0.25,DIA,0.25,0.0,1,1,1
B_middle,S-DIA,synthetic_ladder,6,0,1,32,DIA,0.25,DIA,0.25,0.0,1,1,1
B_middle,S-DIA,synthetic_ladder,6,0,1,64,DIA,0.25,DIA,0.25,0.0,1,1,1
B_middle,S-REV,synthetic_ladder,6,0,1,4,REV,0.5,REV,0.5,0.0,1,1,1
B_middle,S-REV,synthetic_ladder,6,0,1,8,REV,0.5,REV,0.5,0.0,1,1,1
B_middle,S-REV,synthetic_ladder,6,0,1,16,REV,0.5,REV,0.5,0.0,1,1,1
B_middle,S-REV,synthetic_ladder,6,0,1,32,REV,0.5,REV,0.5,0.0,1,1,1
B_middle,S-REV,synthetic_ladder,6,0,1,64,REV,0.5,REV,0.5,0.0,1,1,1
B_middle,S-AEX,synthetic_ladder,6,0,1,4,AEX,0.75,AEX,0.75,0.0,1,1,1
B_middle,S-AEX,synthetic_ladder,6,0,1,8,AEX,0.75,AEX,0.75,0.0,1,1,1
B_middle,S-AEX,synthetic_ladder,6,0,1,16,AEX,0.75,AEX,0.75,0.0,1,1,1
B_middle,S-AEX,synthetic_ladder,6,0,1,32,AEX,0.75,AEX,0.75,0.0,1,1,1
B_middle,S-AEX,synthetic_ladder,6,0,1,64,AEX,0.75,AEX,0.75,0.0,1,1,1
B_middle,S-ALR,synthetic_ladder,6,0,1,4,ALR,1.0,ALR,1.0,0.0,1,1,1
B_middle,S-ALR,synthetic_ladder,6,0,1,8,ALR,1.0,ALR,1.0,0.0,1,1,1
B_middle,S-ALR,synthetic_ladder,6,0,1,16,ALR,1.0,ALR,1.0,0.0,1,1,1
B_middle,S-ALR,synthetic_ladder,6,0,1,32,ALR,1.0,ALR,1.0,0.0,1,1,1
B_middle,S-ALR,synthetic_ladder,6,0,1,64,ALR,1.0,ALR,1.0,0.0,1,1,1
B_middle,W-currency,active_witness,6,0,1,4,ALR,1.0,ALR,1.0,0.0,1,1,1
B_middle,W-currency,active_witness,6,0,1,8,ALR,1.0,ALR,1.0,0.0,1,1,1
B_middle,W-currency,active_witness,6,0,1,16,ALR,1.0,ALR,1.0,0.0,1,1,1
B_middle,W-currency,active_witness,6,0,1,32,ALR,1.0,ALR,1.0,0.0,1,1,1
B_middle,W-currency,active_witness,6,0,1,64,ALR,1.0,ALR,1.0,0.0,1,1,1
B_middle,W-deployment,active_witness,6,0,1,4,ALR,1.0,ALR,1.0,0.0,1,1,1
B_middle,W-deployment,active_witness,6,0,1,8,ALR,1.0,ALR,1.0,0.0,1,1,1
B_middle,W-deployment,active_witness,6,0,1,16,ALR,1.0,ALR,1.0,0.0,1,1,1
B_middle,W-deployment,active_witness,6,0,1,32,ALR,1.0,ALR,1.0,0.0,1,1,1
B_middle,W-deployment,active_witness,6,0,1,64,ALR,1.0,ALR,1.0,0.0,1,1,1
B_middle,W-population,active_witness,6,0,1,4,ALR,1.0,ALR,1.0,0.0,1,1,1
B_middle,W-population,active_witness,6,0,1,8,ALR,1.0,ALR,1.0,0.0,1,1,1
B_middle,W-population,active_witness,6,0,1,16,ALR,1.0,ALR,1.0,0.0,1,1,1
B_middle,W-population,active_witness,6,0,1,32,ALR,1.0,ALR,1.0,0.0,1,1,1
B_middle,W-population,active_witness,6,0,1,64,ALR,1.0,ALR,1.0,0.0,1,1,1
B_middle,W-clinical,active_witness,6,0,1,4,ALR,1.0,ALR,1.0,0.0,1,1,1
B_middle,W-clinical,active_witness,6,0,1,8,ALR,1.0,ALR,1.0,0.0,1,1,1
B_middle,W-clinical,active_witness,6,0,1,16,ALR,1.0,ALR,1.0,0.0,1,1,1
B_middle,W-clinical,active_witness,6,0,1,32,ALR,1.0,ALR,1.0,0.0,1,1,1
B_middle,W-clinical,active_witness,6,0,1,64,ALR,1.0,ALR,1.0,0.0,1,1,1
C_double,M01,induction,0,5,0,4,AEX,0.75,AEX,0.75,0.0,1,1,1
C_double,M01,induction,0,5,0,8,AEX,0.75,AEX,0.75,0.0,1,1,1
C_double,M01,induction,0,5,0,16,AEX,0.75,AEX,0.75,0.0,1,1,1
C_double,M01,induction,0,5,0,32,AEX,0.75,AEX,0.75,0.0,1,1,1
C_double,M01,induction,0,5,0,64,AEX,0.75,AEX,0.75,0.0,1,1,1
C_double,M02,induction,0,5,0,4,AEX,0.75,AEX,0.75,0.0,1,1,1
C_double,M02,induction,0,5,0,8,AEX,0.75,AEX,0.75,0.0,1,1,1
C_double,M02,induction,0,5,0,16,AEX,0.75,AEX,0.75,0.0,1,1,1
C_double,M02,induction,0,5,0,32,AEX,0.75,AEX,0.75,0.0,1,1,1
C_double,M02,induction,0,5,0,64,AEX,0.75,AEX,0.75,0.0,1,1,1
C_double,M03,induction,0,5,0,4,AEX,0.75,AEX,0.75,0.0,1,1,1
C_double,M03,induction,0,5,0,8,AEX,0.75,AEX,0.75,0.0,1,1,1
C_double,M03,induction,0,5,0,16,AEX,0.75,AEX,0.75,0.0,1,1,1
C_double,M03,induction,0,5,0,32,AEX,0.75,AEX,0.75,0.0,1,1,1
C_double,M03,induction,0,5,0,64,AEX,0.75,AEX,0.75,0.0,1,1,1
C_double,M04,induction,0,5,0,4,AEX,0.75,AEX,0.75,0.0,1,1,1
C_double,M04,induction,0,5,0,8,AEX,0.75,AEX,0.75,0.0,1,1,1
C_double,M04,induction,0,5,0,16,AEX,0.75,AEX,0.75,0.0,1,1,1
C_double,M04,induction,0,5,0,32,AEX,0.75,AEX,0.75,0.0,1,1,1
C_double,M04,induction,0,5,0,64,AEX,0.75,AEX,0.75,0.0,1,1,1
C_double,M05,induction,0,5,0,4,AEX,0.75,AEX,0.75,0.0,1,1,1
C_double,M05,induction,0,5,0,8,AEX,0.75,AEX,0.75,0.0,1,1,1
C_double,M05,induction,0,5,0,16,AEX,0.75,AEX,0.75,0.0,1,1,1
C_double,M05,induction,0,5,0,32,AEX,0.75,AEX,0.75,0.0,1,1,1
C_double,M05,induction,0,5,0,64,AEX,0.75,AEX,0.75,0.0,1,1,1
C_double,M06,induction,0,5,0,4,AEX,0.75,AEX,0.75,0.0,1,1,1
C_double,M06,induction,0,5,0,8,AEX,0.75,AEX,0.75,0.0,1,1,1
C_double,M06,induction,0,5,0,16,AEX,0.75,AEX,0.75,0.0,1,1,1
C_double,M06,induction,0,5,0,32,AEX,0.75,AEX,0.75,0.0,1,1,1
C_double,M06,induction,0,5,0,64,AEX,0.75,AEX,0.75,0.0,1,1,1
C_double,M07,induction,0,5,0,4,AEX,0.75,AEX,0.75,0.0,1,1,1
C_double,M07,induction,0,5,0,8,AEX,0.75,AEX,0.75,0.0,1,1,1
C_double,M07,induction,0,5,0,16,AEX,0.75,AEX,0.75,0.0,1,1,1
C_double,M07,induction,0,5,0,32,AEX,0.75,AEX,0.75,0.0,1,1,1
C_double,M07,induction,0,5,0,64,AEX,0.75,AEX,0.75,0.0,1,1,1
C_double,H01,held_out,0,5,0,4,AEX,0.75,AEX,0.75,0.0,1,1,1
C_double,H01,held_out,0,5,0,8,AEX,0.75,AEX,0.75,0.0,1,1,1
C_double,H01,held_out,0,5,0,16,AEX,0.75,AEX,0.75,0.0,1,1,1
C_double,H01,held_out,0,5,0,32,AEX,0.75,AEX,0.75,0.0,1,1,1
C_double,H01,held_out,0,5,0,64,AEX,0.75,AEX,0.75,0.0,1,1,1
C_double,H02,held_out,0,5,0,4,AEX,0.75,REV,0.5,-0.25,0,1,1
C_double,H02,held_out,0,5,0,8,AEX,0.75,REV,0.5,-0.25,0,1,1
C_double,H02,held_out,0,5,0,16,AEX,0.75,REV,0.5,-0.25,0,1,1
C_double,H02,held_out,0,5,0,32,AEX,0.75,REV,0.5,-0.25,0,1,1
C_double,H02,held_out,0,5,0,64,AEX,0.75,REV,0.5,-0.25,0,1,1
C_double,H03,held_out,0,5,0,4,DIA,0.25,DIA,0.25,0.0,1,1,1
C_double,H03,held_out,0,5,0,8,DIA,0.25,DIA,0.25,0.0,1,1,1
C_double,H03,held_out,0,5,0,16,DIA,0.25,DIA,0.25,0.0,1,1,1
C_double,H03,held_out,0,5,0,32,DIA,0.25,DIA,0.25,0.0,1,1,1
C_double,H03,held_out,0,5,0,64,DIA,0.25,DIA,0.25,0.0,1,1,1
C_double,H04,held_out,0,5,0,4,AEX,0.75,AEX,0.75,0.0,1,1,1
C_double,H04,held_out,0,5,0,8,AEX,0.75,AEX,0.75,0.0,1,1,1
C_double,H04,held_out,0,5,0,16,AEX,0.75,AEX,0.75,0.0,1,1,1
C_double,H04,held_out,0,5,0,32,AEX,0.75,AEX,0.75,0.0,1,1,1
C_double,H04,held_out,0,5,0,64,AEX,0.75,AEX,0.75,0.0,1,1,1
C_double,H05,held_out,0,5,0,4,AEX,0.75,AEX,0.75,0.0,1,1,1
C_double,H05,held_out,0,5,0,8,AEX,0.75,AEX,0.75,0.0,1,1,1
C_double,H05,held_out,0,5,0,16,AEX,0.75,AEX,0.75,0.0,1,1,1
C_double,H05,held_out,0,5,0,32,AEX,0.75,AEX,0.75,0.0,1,1,1
C_double,H05,held_out,0,5,0,64,AEX,0.75,AEX,0.75,0.0,1,1,1
C_double,S-REF,synthetic_ladder,0,5,0,4,REF,0.0,REF,0.0,0.0,1,1,1
C_double,S-REF,synthetic_ladder,0,5,0,8,REF,0.0,REF,0.0,0.0,1,1,1
C_double,S-REF,synthetic_ladder,0,5,0,16,REF,0.0,REF,0.0,0.0,1,1,1
C_double,S-REF,synthetic_ladder,0,5,0,32,REF,0.0,REF,0.0,0.0,1,1,1
C_double,S-REF,synthetic_ladder,0,5,0,64,REF,0.0,REF,0.0,0.0,1,1,1
C_double,S-DIA,synthetic_ladder,0,5,0,4,DIA,0.25,DIA,0.25,0.0,1,1,1
C_double,S-DIA,synthetic_ladder,0,5,0,8,DIA,0.25,DIA,0.25,0.0,1,1,1
C_double,S-DIA,synthetic_ladder,0,5,0,16,DIA,0.25,DIA,0.25,0.0,1,1,1
C_double,S-DIA,synthetic_ladder,0,5,0,32,DIA,0.25,DIA,0.25,0.0,1,1,1
C_double,S-DIA,synthetic_ladder,0,5,0,64,DIA,0.25,DIA,0.25,0.0,1,1,1
C_double,S-REV,synthetic_ladder,0,5,0,4,AEX,0.75,REV,0.5,-0.25,0,1,1
C_double,S-REV,synthetic_ladder,0,5,0,8,AEX,0.75,REV,0.5,-0.25,0,1,1
C_double,S-REV,synthetic_ladder,0,5,0,16,AEX,0.75,REV,0.5,-0.25,0,1,1
C_double,S-REV,synthetic_ladder,0,5,0,32,AEX,0.75,REV,0.5,-0.25,0,1,1
C_double,S-REV,synthetic_ladder,0,5,0,64,AEX,0.75,REV,0.5,-0.25,0,1,1
C_double,S-AEX,synthetic_ladder,0,5,0,4,AEX,0.75,AEX,0.75,0.0,1,1,1
C_double,S-AEX,synthetic_ladder,0,5,0,8,AEX,0.75,AEX,0.75,0.0,1,1,1
C_double,S-AEX,synthetic_ladder,0,5,0,16,AEX,0.75,AEX,0.75,0.0,1,1,1
C_double,S-AEX,synthetic_ladder,0,5,0,32,AEX,0.75,AEX,0.75,0.0,1,1,1
C_double,S-AEX,synthetic_ladder,0,5,0,64,AEX,0.75,AEX,0.75,0.0,1,1,1
C_double,S-ALR,synthetic_ladder,0,5,0,4,ALR,1.0,ALR,1.0,0.0,1,1,1
C_double,S-ALR,synthetic_ladder,0,5,0,8,ALR,1.0,ALR,1.0,0.0,1,1,1
C_double,S-ALR,synthetic_ladder,0,5,0,16,ALR,1.0,ALR,1.0,0.0,1,1,1
C_double,S-ALR,synthetic_ladder,0,5,0,32,ALR,1.0,ALR,1.0,0.0,1,1,1
C_double,S-ALR,synthetic_ladder,0,5,0,64,ALR,1.0,ALR,1.0,0.0,1,1,1
C_double,W-currency,active_witness,0,5,0,4,ALR,1.0,ALR,1.0,0.0,1,1,1
C_double,W-currency,active_witness,0,5,0,8,ALR,1.0,ALR,1.0,0.0,1,1,1
C_double,W-currency,active_witness,0,5,0,16,ALR,1.0,ALR,1.0,0.0,1,1,1
C_double,W-currency,active_witness,0,5,0,32,ALR,1.0,ALR,1.0,0.0,1,1,1
C_double,W-currency,active_witness,0,5,0,64,ALR,1.0,ALR,1.0,0.0,1,1,1
C_double,W-deployment,active_witness,0,5,0,4,ALR,1.0,ALR,1.0,0.0,1,1,1
C_double,W-deployment,active_witness,0,5,0,8,ALR,1.0,ALR,1.0,0.0,1,1,1
C_double,W-deployment,active_witness,0,5,0,16,ALR,1.0,ALR,1.0,0.0,1,1,1
C_double,W-deployment,active_witness,0,5,0,32,ALR,1.0,ALR,1.0,0.0,1,1,1
C_double,W-deployment,active_witness,0,5,0,64,ALR,1.0,ALR,1.0,0.0,1,1,1
C_double,W-population,active_witness,0,5,0,4,ALR,1.0,ALR,1.0,0.0,1,1,1
C_double,W-population,active_witness,0,5,0,8,ALR,1.0,ALR,1.0,0.0,1,1,1
C_double,W-population,active_witness,0,5,0,16,ALR,1.0,ALR,1.0,0.0,1,1,1
C_double,W-population,active_witness,0,5,0,32,ALR,1.0,ALR,1.0,0.0,1,1,1
C_double,W-population,active_witness,0,5,0,64,ALR,1.0,ALR,1.0,0.0,1,1,1
C_double,W-clinical,active_witness,0,5,0,4,ALR,1.0,ALR,1.0,0.0,1,1,1
C_double,W-clinical,active_witness,0,5,0,8,ALR,1.0,ALR,1.0,0.0,1,1,1
C_double,W-clinical,active_witness,0,5,0,16,ALR,1.0,ALR,1.0,0.0,1,1,1
C_double,W-clinical,active_witness,0,5,0,32,ALR,1.0,ALR,1.0,0.0,1,1,1
C_double,W-clinical,active_witness,0,5,0,64,ALR,1.0,ALR,1.0,0.0,1,1,1
C_double,M01,induction,1,4,1,4,REV,0.5,AEX,0.75,0.25,1,0,1
C_double,M01,induction,1,4,1,8,REV,0.5,AEX,0.75,0.25,1,0,1
C_double,M01,induction,1,4,1,16,REV,0.5,AEX,0.75,0.25,1,0,1
C_double,M01,induction,1,4,1,32,REV,0.5,AEX,0.75,0.25,1,0,1
C_double,M01,induction,1,4,1,64,REV,0.5,AEX,0.75,0.25,1,0,1
C_double,M02,induction,1,4,1,4,REV,0.5,AEX,0.75,0.25,1,0,1
C_double,M02,induction,1,4,1,8,REV,0.5,AEX,0.75,0.25,1,0,1
C_double,M02,induction,1,4,1,16,REV,0.5,AEX,0.75,0.25,1,0,1
C_double,M02,induction,1,4,1,32,REV,0.5,AEX,0.75,0.25,1,0,1
C_double,M02,induction,1,4,1,64,REV,0.5,AEX,0.75,0.25,1,0,1
C_double,M03,induction,1,4,1,4,REV,0.5,AEX,0.75,0.25,1,0,1
C_double,M03,induction,1,4,1,8,REV,0.5,AEX,0.75,0.25,1,0,1
C_double,M03,induction,1,4,1,16,REV,0.5,AEX,0.75,0.25,1,0,1
C_double,M03,induction,1,4,1,32,REV,0.5,AEX,0.75,0.25,1,0,1
C_double,M03,induction,1,4,1,64,REV,0.5,AEX,0.75,0.25,1,0,1
C_double,M04,induction,1,4,1,4,REV,0.5,AEX,0.75,0.25,1,0,1
C_double,M04,induction,1,4,1,8,REV,0.5,AEX,0.75,0.25,1,0,1
C_double,M04,induction,1,4,1,16,REV,0.5,AEX,0.75,0.25,1,0,1
C_double,M04,induction,1,4,1,32,REV,0.5,AEX,0.75,0.25,1,0,1
C_double,M04,induction,1,4,1,64,REV,0.5,AEX,0.75,0.25,1,0,1
C_double,M05,induction,1,4,1,4,REV,0.5,AEX,0.75,0.25,1,0,1
C_double,M05,induction,1,4,1,8,REV,0.5,AEX,0.75,0.25,1,0,1
C_double,M05,induction,1,4,1,16,REV,0.5,AEX,0.75,0.25,1,0,1
C_double,M05,induction,1,4,1,32,REV,0.5,AEX,0.75,0.25,1,0,1
C_double,M05,induction,1,4,1,64,REV,0.5,AEX,0.75,0.25,1,0,1
C_double,M06,induction,1,4,1,4,REV,0.5,AEX,0.75,0.25,1,0,1
C_double,M06,induction,1,4,1,8,REV,0.5,AEX,0.75,0.25,1,0,1
C_double,M06,induction,1,4,1,16,REV,0.5,AEX,0.75,0.25,1,0,1
C_double,M06,induction,1,4,1,32,REV,0.5,AEX,0.75,0.25,1,0,1
C_double,M06,induction,1,4,1,64,REV,0.5,AEX,0.75,0.25,1,0,1
C_double,M07,induction,1,4,1,4,REV,0.5,AEX,0.75,0.25,1,0,1
C_double,M07,induction,1,4,1,8,REV,0.5,AEX,0.75,0.25,1,0,1
C_double,M07,induction,1,4,1,16,REV,0.5,AEX,0.75,0.25,1,0,1
C_double,M07,induction,1,4,1,32,REV,0.5,AEX,0.75,0.25,1,0,1
C_double,M07,induction,1,4,1,64,REV,0.5,AEX,0.75,0.25,1,0,1
C_double,H01,held_out,1,4,1,4,REV,0.5,AEX,0.75,0.25,1,0,1
C_double,H01,held_out,1,4,1,8,REV,0.5,AEX,0.75,0.25,1,0,1
C_double,H01,held_out,1,4,1,16,REV,0.5,AEX,0.75,0.25,1,0,1
C_double,H01,held_out,1,4,1,32,REV,0.5,AEX,0.75,0.25,1,0,1
C_double,H01,held_out,1,4,1,64,REV,0.5,AEX,0.75,0.25,1,0,1
C_double,H02,held_out,1,4,1,4,REV,0.5,REV,0.5,0.0,1,0,1
C_double,H02,held_out,1,4,1,8,REV,0.5,REV,0.5,0.0,1,0,1
C_double,H02,held_out,1,4,1,16,REV,0.5,REV,0.5,0.0,1,0,1
C_double,H02,held_out,1,4,1,32,REV,0.5,REV,0.5,0.0,1,0,1
C_double,H02,held_out,1,4,1,64,REV,0.5,REV,0.5,0.0,1,0,1
C_double,H03,held_out,1,4,1,4,DIA,0.25,DIA,0.25,0.0,1,1,1
C_double,H03,held_out,1,4,1,8,DIA,0.25,DIA,0.25,0.0,1,1,1
C_double,H03,held_out,1,4,1,16,DIA,0.25,DIA,0.25,0.0,1,1,1
C_double,H03,held_out,1,4,1,32,DIA,0.25,DIA,0.25,0.0,1,1,1
C_double,H03,held_out,1,4,1,64,DIA,0.25,DIA,0.25,0.0,1,1,1
C_double,H04,held_out,1,4,1,4,REV,0.5,AEX,0.75,0.25,1,0,1
C_double,H04,held_out,1,4,1,8,REV,0.5,AEX,0.75,0.25,1,0,1
C_double,H04,held_out,1,4,1,16,REV,0.5,AEX,0.75,0.25,1,0,1
C_double,H04,held_out,1,4,1,32,REV,0.5,AEX,0.75,0.25,1,0,1
C_double,H04,held_out,1,4,1,64,REV,0.5,AEX,0.75,0.25,1,0,1
C_double,H05,held_out,1,4,1,4,REV,0.5,AEX,0.75,0.25,1,0,1
C_double,H05,held_out,1,4,1,8,REV,0.5,AEX,0.75,0.25,1,0,1
C_double,H05,held_out,1,4,1,16,REV,0.5,AEX,0.75,0.25,1,0,1
C_double,H05,held_out,1,4,1,32,REV,0.5,AEX,0.75,0.25,1,0,1
C_double,H05,held_out,1,4,1,64,REV,0.5,AEX,0.75,0.25,1,0,1
C_double,S-REF,synthetic_ladder,1,4,1,4,REF,0.0,REF,0.0,0.0,1,1,1
C_double,S-REF,synthetic_ladder,1,4,1,8,REF,0.0,REF,0.0,0.0,1,1,1
C_double,S-REF,synthetic_ladder,1,4,1,16,REF,0.0,REF,0.0,0.0,1,1,1
C_double,S-REF,synthetic_ladder,1,4,1,32,REF,0.0,REF,0.0,0.0,1,1,1
C_double,S-REF,synthetic_ladder,1,4,1,64,REF,0.0,REF,0.0,0.0,1,1,1
C_double,S-DIA,synthetic_ladder,1,4,1,4,DIA,0.25,DIA,0.25,0.0,1,1,1
C_double,S-DIA,synthetic_ladder,1,4,1,8,DIA,0.25,DIA,0.25,0.0,1,1,1
C_double,S-DIA,synthetic_ladder,1,4,1,16,DIA,0.25,DIA,0.25,0.0,1,1,1
C_double,S-DIA,synthetic_ladder,1,4,1,32,DIA,0.25,DIA,0.25,0.0,1,1,1
C_double,S-DIA,synthetic_ladder,1,4,1,64,DIA,0.25,DIA,0.25,0.0,1,1,1
C_double,S-REV,synthetic_ladder,1,4,1,4,REV,0.5,REV,0.5,0.0,1,0,1
C_double,S-REV,synthetic_ladder,1,4,1,8,REV,0.5,REV,0.5,0.0,1,0,1
C_double,S-REV,synthetic_ladder,1,4,1,16,REV,0.5,REV,0.5,0.0,1,0,1
C_double,S-REV,synthetic_ladder,1,4,1,32,REV,0.5,REV,0.5,0.0,1,0,1
C_double,S-REV,synthetic_ladder,1,4,1,64,REV,0.5,REV,0.5,0.0,1,0,1
C_double,S-AEX,synthetic_ladder,1,4,1,4,AEX,0.75,AEX,0.75,0.0,1,1,1
C_double,S-AEX,synthetic_ladder,1,4,1,8,AEX,0.75,AEX,0.75,0.0,1,1,1
C_double,S-AEX,synthetic_ladder,1,4,1,16,AEX,0.75,AEX,0.75,0.0,1,1,1
C_double,S-AEX,synthetic_ladder,1,4,1,32,AEX,0.75,AEX,0.75,0.0,1,1,1
C_double,S-AEX,synthetic_ladder,1,4,1,64,AEX,0.75,AEX,0.75,0.0,1,1,1
C_double,S-ALR,synthetic_ladder,1,4,1,4,ALR,1.0,ALR,1.0,0.0,1,1,1
C_double,S-ALR,synthetic_ladder,1,4,1,8,ALR,1.0,ALR,1.0,0.0,1,1,1
C_double,S-ALR,synthetic_ladder,1,4,1,16,ALR,1.0,ALR,1.0,0.0,1,1,1
C_double,S-ALR,synthetic_ladder,1,4,1,32,ALR,1.0,ALR,1.0,0.0,1,1,1
C_double,S-ALR,synthetic_ladder,1,4,1,64,ALR,1.0,ALR,1.0,0.0,1,1,1
C_double,W-currency,active_witness,1,4,1,4,AEX,0.75,ALR,1.0,0.25,1,0,1
C_double,W-currency,active_witness,1,4,1,8,AEX,0.75,ALR,1.0,0.25,1,0,1
C_double,W-currency,active_witness,1,4,1,16,AEX,0.75,ALR,1.0,0.25,1,0,1
C_double,W-currency,active_witness,1,4,1,32,AEX,0.75,ALR,1.0,0.25,1,0,1
C_double,W-currency,active_witness,1,4,1,64,AEX,0.75,ALR,1.0,0.25,1,0,1
C_double,W-deployment,active_witness,1,4,1,4,AEX,0.75,ALR,1.0,0.25,1,0,1
C_double,W-deployment,active_witness,1,4,1,8,AEX,0.75,ALR,1.0,0.25,1,0,1
C_double,W-deployment,active_witness,1,4,1,16,AEX,0.75,ALR,1.0,0.25,1,0,1
C_double,W-deployment,active_witness,1,4,1,32,AEX,0.75,ALR,1.0,0.25,1,0,1
C_double,W-deployment,active_witness,1,4,1,64,AEX,0.75,ALR,1.0,0.25,1,0,1
C_double,W-population,active_witness,1,4,1,4,AEX,0.75,ALR,1.0,0.25,1,0,1
C_double,W-population,active_witness,1,4,1,8,AEX,0.75,ALR,1.0,0.25,1,0,1
C_double,W-population,active_witness,1,4,1,16,AEX,0.75,ALR,1.0,0.25,1,0,1
C_double,W-population,active_witness,1,4,1,32,AEX,0.75,ALR,1.0,0.25,1,0,1
C_double,W-population,active_witness,1,4,1,64,AEX,0.75,ALR,1.0,0.25,1,0,1
C_double,W-clinical,active_witness,1,4,1,4,AEX,0.75,ALR,1.0,0.25,1,0,1
C_double,W-clinical,active_witness,1,4,1,8,AEX,0.75,ALR,1.0,0.25,1,0,1
C_double,W-clinical,active_witness,1,4,1,16,AEX,0.75,ALR,1.0,0.25,1,0,1
C_double,W-clinical,active_witness,1,4,1,32,AEX,0.75,ALR,1.0,0.25,1,0,1
C_double,W-clinical,active_witness,1,4,1,64,AEX,0.75,ALR,1.0,0.25,1,0,1
C_double,M01,induction,2,5,0,4,AEX,0.75,AEX,0.75,0.0,1,1,1
C_double,M01,induction,2,5,0,8,AEX,0.75,AEX,0.75,0.0,1,1,1
C_double,M01,induction,2,5,0,16,AEX,0.75,AEX,0.75,0.0,1,1,1
C_double,M01,induction,2,5,0,32,AEX,0.75,AEX,0.75,0.0,1,1,1
C_double,M01,induction,2,5,0,64,AEX,0.75,AEX,0.75,0.0,1,1,1
C_double,M02,induction,2,5,0,4,AEX,0.75,AEX,0.75,0.0,1,1,1
C_double,M02,induction,2,5,0,8,AEX,0.75,AEX,0.75,0.0,1,1,1
C_double,M02,induction,2,5,0,16,AEX,0.75,AEX,0.75,0.0,1,1,1
C_double,M02,induction,2,5,0,32,AEX,0.75,AEX,0.75,0.0,1,1,1
C_double,M02,induction,2,5,0,64,AEX,0.75,AEX,0.75,0.0,1,1,1
C_double,M03,induction,2,5,0,4,AEX,0.75,AEX,0.75,0.0,1,1,1
C_double,M03,induction,2,5,0,8,AEX,0.75,AEX,0.75,0.0,1,1,1
C_double,M03,induction,2,5,0,16,AEX,0.75,AEX,0.75,0.0,1,1,1
C_double,M03,induction,2,5,0,32,AEX,0.75,AEX,0.75,0.0,1,1,1
C_double,M03,induction,2,5,0,64,AEX,0.75,AEX,0.75,0.0,1,1,1
C_double,M04,induction,2,5,0,4,AEX,0.75,AEX,0.75,0.0,1,1,1
C_double,M04,induction,2,5,0,8,AEX,0.75,AEX,0.75,0.0,1,1,1
C_double,M04,induction,2,5,0,16,AEX,0.75,AEX,0.75,0.0,1,1,1
C_double,M04,induction,2,5,0,32,AEX,0.75,AEX,0.75,0.0,1,1,1
C_double,M04,induction,2,5,0,64,AEX,0.75,AEX,0.75,0.0,1,1,1
C_double,M05,induction,2,5,0,4,AEX,0.75,AEX,0.75,0.0,1,1,1
C_double,M05,induction,2,5,0,8,AEX,0.75,AEX,0.75,0.0,1,1,1
C_double,M05,induction,2,5,0,16,AEX,0.75,AEX,0.75,0.0,1,1,1
C_double,M05,induction,2,5,0,32,AEX,0.75,AEX,0.75,0.0,1,1,1
C_double,M05,induction,2,5,0,64,AEX,0.75,AEX,0.75,0.0,1,1,1
C_double,M06,induction,2,5,0,4,AEX,0.75,AEX,0.75,0.0,1,1,1
C_double,M06,induction,2,5,0,8,AEX,0.75,AEX,0.75,0.0,1,1,1
C_double,M06,induction,2,5,0,16,AEX,0.75,AEX,0.75,0.0,1,1,1
C_double,M06,induction,2,5,0,32,AEX,0.75,AEX,0.75,0.0,1,1,1
C_double,M06,induction,2,5,0,64,AEX,0.75,AEX,0.75,0.0,1,1,1
C_double,M07,induction,2,5,0,4,AEX,0.75,AEX,0.75,0.0,1,1,1
C_double,M07,induction,2,5,0,8,AEX,0.75,AEX,0.75,0.0,1,1,1
C_double,M07,induction,2,5,0,16,AEX,0.75,AEX,0.75,0.0,1,1,1
C_double,M07,induction,2,5,0,32,AEX,0.75,AEX,0.75,0.0,1,1,1
C_double,M07,induction,2,5,0,64,AEX,0.75,AEX,0.75,0.0,1,1,1
C_double,H01,held_out,2,5,0,4,AEX,0.75,AEX,0.75,0.0,1,1,1
C_double,H01,held_out,2,5,0,8,AEX,0.75,AEX,0.75,0.0,1,1,1
C_double,H01,held_out,2,5,0,16,AEX,0.75,AEX,0.75,0.0,1,1,1
C_double,H01,held_out,2,5,0,32,AEX,0.75,AEX,0.75,0.0,1,1,1
C_double,H01,held_out,2,5,0,64,AEX,0.75,AEX,0.75,0.0,1,1,1
C_double,H02,held_out,2,5,0,4,AEX,0.75,REV,0.5,-0.25,0,1,1
C_double,H02,held_out,2,5,0,8,AEX,0.75,REV,0.5,-0.25,0,1,1
C_double,H02,held_out,2,5,0,16,AEX,0.75,REV,0.5,-0.25,0,1,1
C_double,H02,held_out,2,5,0,32,AEX,0.75,REV,0.5,-0.25,0,1,1
C_double,H02,held_out,2,5,0,64,AEX,0.75,REV,0.5,-0.25,0,1,1
C_double,H03,held_out,2,5,0,4,DIA,0.25,DIA,0.25,0.0,1,1,1
C_double,H03,held_out,2,5,0,8,DIA,0.25,DIA,0.25,0.0,1,1,1
C_double,H03,held_out,2,5,0,16,DIA,0.25,DIA,0.25,0.0,1,1,1
C_double,H03,held_out,2,5,0,32,DIA,0.25,DIA,0.25,0.0,1,1,1
C_double,H03,held_out,2,5,0,64,DIA,0.25,DIA,0.25,0.0,1,1,1
C_double,H04,held_out,2,5,0,4,AEX,0.75,AEX,0.75,0.0,1,1,1
C_double,H04,held_out,2,5,0,8,AEX,0.75,AEX,0.75,0.0,1,1,1
C_double,H04,held_out,2,5,0,16,AEX,0.75,AEX,0.75,0.0,1,1,1
C_double,H04,held_out,2,5,0,32,AEX,0.75,AEX,0.75,0.0,1,1,1
C_double,H04,held_out,2,5,0,64,AEX,0.75,AEX,0.75,0.0,1,1,1
C_double,H05,held_out,2,5,0,4,AEX,0.75,AEX,0.75,0.0,1,1,1
C_double,H05,held_out,2,5,0,8,AEX,0.75,AEX,0.75,0.0,1,1,1
C_double,H05,held_out,2,5,0,16,AEX,0.75,AEX,0.75,0.0,1,1,1
C_double,H05,held_out,2,5,0,32,AEX,0.75,AEX,0.75,0.0,1,1,1
C_double,H05,held_out,2,5,0,64,AEX,0.75,AEX,0.75,0.0,1,1,1
C_double,S-REF,synthetic_ladder,2,5,0,4,REF,0.0,REF,0.0,0.0,1,1,1
C_double,S-REF,synthetic_ladder,2,5,0,8,REF,0.0,REF,0.0,0.0,1,1,1
C_double,S-REF,synthetic_ladder,2,5,0,16,REF,0.0,REF,0.0,0.0,1,1,1
C_double,S-REF,synthetic_ladder,2,5,0,32,REF,0.0,REF,0.0,0.0,1,1,1
C_double,S-REF,synthetic_ladder,2,5,0,64,REF,0.0,REF,0.0,0.0,1,1,1
C_double,S-DIA,synthetic_ladder,2,5,0,4,DIA,0.25,DIA,0.25,0.0,1,1,1
C_double,S-DIA,synthetic_ladder,2,5,0,8,DIA,0.25,DIA,0.25,0.0,1,1,1
C_double,S-DIA,synthetic_ladder,2,5,0,16,DIA,0.25,DIA,0.25,0.0,1,1,1
C_double,S-DIA,synthetic_ladder,2,5,0,32,DIA,0.25,DIA,0.25,0.0,1,1,1
C_double,S-DIA,synthetic_ladder,2,5,0,64,DIA,0.25,DIA,0.25,0.0,1,1,1
C_double,S-REV,synthetic_ladder,2,5,0,4,AEX,0.75,REV,0.5,-0.25,0,1,1
C_double,S-REV,synthetic_ladder,2,5,0,8,AEX,0.75,REV,0.5,-0.25,0,1,1
C_double,S-REV,synthetic_ladder,2,5,0,16,AEX,0.75,REV,0.5,-0.25,0,1,1
C_double,S-REV,synthetic_ladder,2,5,0,32,AEX,0.75,REV,0.5,-0.25,0,1,1
C_double,S-REV,synthetic_ladder,2,5,0,64,AEX,0.75,REV,0.5,-0.25,0,1,1
C_double,S-AEX,synthetic_ladder,2,5,0,4,AEX,0.75,AEX,0.75,0.0,1,1,1
C_double,S-AEX,synthetic_ladder,2,5,0,8,AEX,0.75,AEX,0.75,0.0,1,1,1
C_double,S-AEX,synthetic_ladder,2,5,0,16,AEX,0.75,AEX,0.75,0.0,1,1,1
C_double,S-AEX,synthetic_ladder,2,5,0,32,AEX,0.75,AEX,0.75,0.0,1,1,1
C_double,S-AEX,synthetic_ladder,2,5,0,64,AEX,0.75,AEX,0.75,0.0,1,1,1
C_double,S-ALR,synthetic_ladder,2,5,0,4,ALR,1.0,ALR,1.0,0.0,1,1,1
C_double,S-ALR,synthetic_ladder,2,5,0,8,ALR,1.0,ALR,1.0,0.0,1,1,1
C_double,S-ALR,synthetic_ladder,2,5,0,16,ALR,1.0,ALR,1.0,0.0,1,1,1
C_double,S-ALR,synthetic_ladder,2,5,0,32,ALR,1.0,ALR,1.0,0.0,1,1,1
C_double,S-ALR,synthetic_ladder,2,5,0,64,ALR,1.0,ALR,1.0,0.0,1,1,1
C_double,W-currency,active_witness,2,5,0,4,ALR,1.0,ALR,1.0,0.0,1,1,1
C_double,W-currency,active_witness,2,5,0,8,ALR,1.0,ALR,1.0,0.0,1,1,1
C_double,W-currency,active_witness,2,5,0,16,ALR,1.0,ALR,1.0,0.0,1,1,1
C_double,W-currency,active_witness,2,5,0,32,ALR,1.0,ALR,1.0,0.0,1,1,1
C_double,W-currency,active_witness,2,5,0,64,ALR,1.0,ALR,1.0,0.0,1,1,1
C_double,W-deployment,active_witness,2,5,0,4,ALR,1.0,ALR,1.0,0.0,1,1,1
C_double,W-deployment,active_witness,2,5,0,8,ALR,1.0,ALR,1.0,0.0,1,1,1
C_double,W-deployment,active_witness,2,5,0,16,ALR,1.0,ALR,1.0,0.0,1,1,1
C_double,W-deployment,active_witness,2,5,0,32,ALR,1.0,ALR,1.0,0.0,1,1,1
C_double,W-deployment,active_witness,2,5,0,64,ALR,1.0,ALR,1.0,0.0,1,1,1
C_double,W-population,active_witness,2,5,0,4,ALR,1.0,ALR,1.0,0.0,1,1,1
C_double,W-population,active_witness,2,5,0,8,ALR,1.0,ALR,1.0,0.0,1,1,1
C_double,W-population,active_witness,2,5,0,16,ALR,1.0,ALR,1.0,0.0,1,1,1
C_double,W-population,active_witness,2,5,0,32,ALR,1.0,ALR,1.0,0.0,1,1,1
C_double,W-population,active_witness,2,5,0,64,ALR,1.0,ALR,1.0,0.0,1,1,1
C_double,W-clinical,active_witness,2,5,0,4,ALR,1.0,ALR,1.0,0.0,1,1,1
C_double,W-clinical,active_witness,2,5,0,8,ALR,1.0,ALR,1.0,0.0,1,1,1
C_double,W-clinical,active_witness,2,5,0,16,ALR,1.0,ALR,1.0,0.0,1,1,1
C_double,W-clinical,active_witness,2,5,0,32,ALR,1.0,ALR,1.0,0.0,1,1,1
C_double,W-clinical,active_witness,2,5,0,64,ALR,1.0,ALR,1.0,0.0,1,1,1
C_double,M01,induction,3,4,1,4,REV,0.5,AEX,0.75,0.25,1,0,1
C_double,M01,induction,3,4,1,8,REV,0.5,AEX,0.75,0.25,1,0,1
C_double,M01,induction,3,4,1,16,REV,0.5,AEX,0.75,0.25,1,0,1
C_double,M01,induction,3,4,1,32,REV,0.5,AEX,0.75,0.25,1,0,1
C_double,M01,induction,3,4,1,64,REV,0.5,AEX,0.75,0.25,1,0,1
C_double,M02,induction,3,4,1,4,REV,0.5,AEX,0.75,0.25,1,0,1
C_double,M02,induction,3,4,1,8,REV,0.5,AEX,0.75,0.25,1,0,1
C_double,M02,induction,3,4,1,16,REV,0.5,AEX,0.75,0.25,1,0,1
C_double,M02,induction,3,4,1,32,REV,0.5,AEX,0.75,0.25,1,0,1
C_double,M02,induction,3,4,1,64,REV,0.5,AEX,0.75,0.25,1,0,1
C_double,M03,induction,3,4,1,4,REV,0.5,AEX,0.75,0.25,1,0,1
C_double,M03,induction,3,4,1,8,REV,0.5,AEX,0.75,0.25,1,0,1
C_double,M03,induction,3,4,1,16,REV,0.5,AEX,0.75,0.25,1,0,1
C_double,M03,induction,3,4,1,32,REV,0.5,AEX,0.75,0.25,1,0,1
C_double,M03,induction,3,4,1,64,REV,0.5,AEX,0.75,0.25,1,0,1
C_double,M04,induction,3,4,1,4,REV,0.5,AEX,0.75,0.25,1,0,1
C_double,M04,induction,3,4,1,8,REV,0.5,AEX,0.75,0.25,1,0,1
C_double,M04,induction,3,4,1,16,REV,0.5,AEX,0.75,0.25,1,0,1
C_double,M04,induction,3,4,1,32,REV,0.5,AEX,0.75,0.25,1,0,1
C_double,M04,induction,3,4,1,64,REV,0.5,AEX,0.75,0.25,1,0,1
C_double,M05,induction,3,4,1,4,REV,0.5,AEX,0.75,0.25,1,0,1
C_double,M05,induction,3,4,1,8,REV,0.5,AEX,0.75,0.25,1,0,1
C_double,M05,induction,3,4,1,16,REV,0.5,AEX,0.75,0.25,1,0,1
C_double,M05,induction,3,4,1,32,REV,0.5,AEX,0.75,0.25,1,0,1
C_double,M05,induction,3,4,1,64,REV,0.5,AEX,0.75,0.25,1,0,1
C_double,M06,induction,3,4,1,4,REV,0.5,AEX,0.75,0.25,1,0,1
C_double,M06,induction,3,4,1,8,REV,0.5,AEX,0.75,0.25,1,0,1
C_double,M06,induction,3,4,1,16,REV,0.5,AEX,0.75,0.25,1,0,1
C_double,M06,induction,3,4,1,32,REV,0.5,AEX,0.75,0.25,1,0,1
C_double,M06,induction,3,4,1,64,REV,0.5,AEX,0.75,0.25,1,0,1
C_double,M07,induction,3,4,1,4,REV,0.5,AEX,0.75,0.25,1,0,1
C_double,M07,induction,3,4,1,8,REV,0.5,AEX,0.75,0.25,1,0,1
C_double,M07,induction,3,4,1,16,REV,0.5,AEX,0.75,0.25,1,0,1
C_double,M07,induction,3,4,1,32,REV,0.5,AEX,0.75,0.25,1,0,1
C_double,M07,induction,3,4,1,64,REV,0.5,AEX,0.75,0.25,1,0,1
C_double,H01,held_out,3,4,1,4,REV,0.5,AEX,0.75,0.25,1,0,1
C_double,H01,held_out,3,4,1,8,REV,0.5,AEX,0.75,0.25,1,0,1
C_double,H01,held_out,3,4,1,16,REV,0.5,AEX,0.75,0.25,1,0,1
C_double,H01,held_out,3,4,1,32,REV,0.5,AEX,0.75,0.25,1,0,1
C_double,H01,held_out,3,4,1,64,REV,0.5,AEX,0.75,0.25,1,0,1
C_double,H02,held_out,3,4,1,4,REV,0.5,REV,0.5,0.0,1,0,1
C_double,H02,held_out,3,4,1,8,REV,0.5,REV,0.5,0.0,1,0,1
C_double,H02,held_out,3,4,1,16,REV,0.5,REV,0.5,0.0,1,0,1
C_double,H02,held_out,3,4,1,32,REV,0.5,REV,0.5,0.0,1,0,1
C_double,H02,held_out,3,4,1,64,REV,0.5,REV,0.5,0.0,1,0,1
C_double,H03,held_out,3,4,1,4,DIA,0.25,DIA,0.25,0.0,1,1,1
C_double,H03,held_out,3,4,1,8,DIA,0.25,DIA,0.25,0.0,1,1,1
C_double,H03,held_out,3,4,1,16,DIA,0.25,DIA,0.25,0.0,1,1,1
C_double,H03,held_out,3,4,1,32,DIA,0.25,DIA,0.25,0.0,1,1,1
C_double,H03,held_out,3,4,1,64,DIA,0.25,DIA,0.25,0.0,1,1,1
C_double,H04,held_out,3,4,1,4,REV,0.5,AEX,0.75,0.25,1,0,1
C_double,H04,held_out,3,4,1,8,REV,0.5,AEX,0.75,0.25,1,0,1
C_double,H04,held_out,3,4,1,16,REV,0.5,AEX,0.75,0.25,1,0,1
C_double,H04,held_out,3,4,1,32,REV,0.5,AEX,0.75,0.25,1,0,1
C_double,H04,held_out,3,4,1,64,REV,0.5,AEX,0.75,0.25,1,0,1
C_double,H05,held_out,3,4,1,4,REV,0.5,AEX,0.75,0.25,1,0,1
C_double,H05,held_out,3,4,1,8,REV,0.5,AEX,0.75,0.25,1,0,1
C_double,H05,held_out,3,4,1,16,REV,0.5,AEX,0.75,0.25,1,0,1
C_double,H05,held_out,3,4,1,32,REV,0.5,AEX,0.75,0.25,1,0,1
C_double,H05,held_out,3,4,1,64,REV,0.5,AEX,0.75,0.25,1,0,1
C_double,S-REF,synthetic_ladder,3,4,1,4,REF,0.0,REF,0.0,0.0,1,1,1
C_double,S-REF,synthetic_ladder,3,4,1,8,REF,0.0,REF,0.0,0.0,1,1,1
C_double,S-REF,synthetic_ladder,3,4,1,16,REF,0.0,REF,0.0,0.0,1,1,1
C_double,S-REF,synthetic_ladder,3,4,1,32,REF,0.0,REF,0.0,0.0,1,1,1
C_double,S-REF,synthetic_ladder,3,4,1,64,REF,0.0,REF,0.0,0.0,1,1,1
C_double,S-DIA,synthetic_ladder,3,4,1,4,DIA,0.25,DIA,0.25,0.0,1,1,1
C_double,S-DIA,synthetic_ladder,3,4,1,8,DIA,0.25,DIA,0.25,0.0,1,1,1
C_double,S-DIA,synthetic_ladder,3,4,1,16,DIA,0.25,DIA,0.25,0.0,1,1,1
C_double,S-DIA,synthetic_ladder,3,4,1,32,DIA,0.25,DIA,0.25,0.0,1,1,1
C_double,S-DIA,synthetic_ladder,3,4,1,64,DIA,0.25,DIA,0.25,0.0,1,1,1
C_double,S-REV,synthetic_ladder,3,4,1,4,REV,0.5,REV,0.5,0.0,1,0,1
C_double,S-REV,synthetic_ladder,3,4,1,8,REV,0.5,REV,0.5,0.0,1,0,1
C_double,S-REV,synthetic_ladder,3,4,1,16,REV,0.5,REV,0.5,0.0,1,0,1
C_double,S-REV,synthetic_ladder,3,4,1,32,REV,0.5,REV,0.5,0.0,1,0,1
C_double,S-REV,synthetic_ladder,3,4,1,64,REV,0.5,REV,0.5,0.0,1,0,1
C_double,S-AEX,synthetic_ladder,3,4,1,4,AEX,0.75,AEX,0.75,0.0,1,1,1
C_double,S-AEX,synthetic_ladder,3,4,1,8,AEX,0.75,AEX,0.75,0.0,1,1,1
C_double,S-AEX,synthetic_ladder,3,4,1,16,AEX,0.75,AEX,0.75,0.0,1,1,1
C_double,S-AEX,synthetic_ladder,3,4,1,32,AEX,0.75,AEX,0.75,0.0,1,1,1
C_double,S-AEX,synthetic_ladder,3,4,1,64,AEX,0.75,AEX,0.75,0.0,1,1,1
C_double,S-ALR,synthetic_ladder,3,4,1,4,ALR,1.0,ALR,1.0,0.0,1,1,1
C_double,S-ALR,synthetic_ladder,3,4,1,8,ALR,1.0,ALR,1.0,0.0,1,1,1
C_double,S-ALR,synthetic_ladder,3,4,1,16,ALR,1.0,ALR,1.0,0.0,1,1,1
C_double,S-ALR,synthetic_ladder,3,4,1,32,ALR,1.0,ALR,1.0,0.0,1,1,1
C_double,S-ALR,synthetic_ladder,3,4,1,64,ALR,1.0,ALR,1.0,0.0,1,1,1
C_double,W-currency,active_witness,3,4,1,4,AEX,0.75,ALR,1.0,0.25,1,0,1
C_double,W-currency,active_witness,3,4,1,8,AEX,0.75,ALR,1.0,0.25,1,0,1
C_double,W-currency,active_witness,3,4,1,16,AEX,0.75,ALR,1.0,0.25,1,0,1
C_double,W-currency,active_witness,3,4,1,32,AEX,0.75,ALR,1.0,0.25,1,0,1
C_double,W-currency,active_witness,3,4,1,64,AEX,0.75,ALR,1.0,0.25,1,0,1
C_double,W-deployment,active_witness,3,4,1,4,AEX,0.75,ALR,1.0,0.25,1,0,1
C_double,W-deployment,active_witness,3,4,1,8,AEX,0.75,ALR,1.0,0.25,1,0,1
C_double,W-deployment,active_witness,3,4,1,16,AEX,0.75,ALR,1.0,0.25,1,0,1
C_double,W-deployment,active_witness,3,4,1,32,AEX,0.75,ALR,1.0,0.25,1,0,1
C_double,W-deployment,active_witness,3,4,1,64,AEX,0.75,ALR,1.0,0.25,1,0,1
C_double,W-population,active_witness,3,4,1,4,AEX,0.75,ALR,1.0,0.25,1,0,1
C_double,W-population,active_witness,3,4,1,8,AEX,0.75,ALR,1.0,0.25,1,0,1
C_double,W-population,active_witness,3,4,1,16,AEX,0.75,ALR,1.0,0.25,1,0,1
C_double,W-population,active_witness,3,4,1,32,AEX,0.75,ALR,1.0,0.25,1,0,1
C_double,W-population,active_witness,3,4,1,64,AEX,0.75,ALR,1.0,0.25,1,0,1
C_double,W-clinical,active_witness,3,4,1,4,AEX,0.75,ALR,1.0,0.25,1,0,1
C_double,W-clinical,active_witness,3,4,1,8,AEX,0.75,ALR,1.0,0.25,1,0,1
C_double,W-clinical,active_witness,3,4,1,16,AEX,0.75,ALR,1.0,0.25,1,0,1
C_double,W-clinical,active_witness,3,4,1,32,AEX,0.75,ALR,1.0,0.25,1,0,1
C_double,W-clinical,active_witness,3,4,1,64,AEX,0.75,ALR,1.0,0.25,1,0,1
C_double,M01,induction,4,3,1,4,AEX,0.75,AEX,0.75,0.0,1,1,1
C_double,M01,induction,4,3,1,8,AEX,0.75,AEX,0.75,0.0,1,1,1
C_double,M01,induction,4,3,1,16,AEX,0.75,AEX,0.75,0.0,1,1,1
C_double,M01,induction,4,3,1,32,AEX,0.75,AEX,0.75,0.0,1,1,1
C_double,M01,induction,4,3,1,64,AEX,0.75,AEX,0.75,0.0,1,1,1
C_double,M02,induction,4,3,1,4,AEX,0.75,AEX,0.75,0.0,1,1,1
C_double,M02,induction,4,3,1,8,AEX,0.75,AEX,0.75,0.0,1,1,1
C_double,M02,induction,4,3,1,16,AEX,0.75,AEX,0.75,0.0,1,1,1
C_double,M02,induction,4,3,1,32,AEX,0.75,AEX,0.75,0.0,1,1,1
C_double,M02,induction,4,3,1,64,AEX,0.75,AEX,0.75,0.0,1,1,1
C_double,M03,induction,4,3,1,4,AEX,0.75,AEX,0.75,0.0,1,1,1
C_double,M03,induction,4,3,1,8,AEX,0.75,AEX,0.75,0.0,1,1,1
C_double,M03,induction,4,3,1,16,AEX,0.75,AEX,0.75,0.0,1,1,1
C_double,M03,induction,4,3,1,32,AEX,0.75,AEX,0.75,0.0,1,1,1
C_double,M03,induction,4,3,1,64,AEX,0.75,AEX,0.75,0.0,1,1,1
C_double,M04,induction,4,3,1,4,AEX,0.75,AEX,0.75,0.0,1,1,1
C_double,M04,induction,4,3,1,8,AEX,0.75,AEX,0.75,0.0,1,1,1
C_double,M04,induction,4,3,1,16,AEX,0.75,AEX,0.75,0.0,1,1,1
C_double,M04,induction,4,3,1,32,AEX,0.75,AEX,0.75,0.0,1,1,1
C_double,M04,induction,4,3,1,64,AEX,0.75,AEX,0.75,0.0,1,1,1
C_double,M05,induction,4,3,1,4,AEX,0.75,AEX,0.75,0.0,1,1,1
C_double,M05,induction,4,3,1,8,AEX,0.75,AEX,0.75,0.0,1,1,1
C_double,M05,induction,4,3,1,16,AEX,0.75,AEX,0.75,0.0,1,1,1
C_double,M05,induction,4,3,1,32,AEX,0.75,AEX,0.75,0.0,1,1,1
C_double,M05,induction,4,3,1,64,AEX,0.75,AEX,0.75,0.0,1,1,1
C_double,M06,induction,4,3,1,4,AEX,0.75,AEX,0.75,0.0,1,1,1
C_double,M06,induction,4,3,1,8,AEX,0.75,AEX,0.75,0.0,1,1,1
C_double,M06,induction,4,3,1,16,AEX,0.75,AEX,0.75,0.0,1,1,1
C_double,M06,induction,4,3,1,32,AEX,0.75,AEX,0.75,0.0,1,1,1
C_double,M06,induction,4,3,1,64,AEX,0.75,AEX,0.75,0.0,1,1,1
C_double,M07,induction,4,3,1,4,AEX,0.75,AEX,0.75,0.0,1,1,1
C_double,M07,induction,4,3,1,8,AEX,0.75,AEX,0.75,0.0,1,1,1
C_double,M07,induction,4,3,1,16,AEX,0.75,AEX,0.75,0.0,1,1,1
C_double,M07,induction,4,3,1,32,AEX,0.75,AEX,0.75,0.0,1,1,1
C_double,M07,induction,4,3,1,64,AEX,0.75,AEX,0.75,0.0,1,1,1
C_double,H01,held_out,4,3,1,4,AEX,0.75,AEX,0.75,0.0,1,1,1
C_double,H01,held_out,4,3,1,8,AEX,0.75,AEX,0.75,0.0,1,1,1
C_double,H01,held_out,4,3,1,16,AEX,0.75,AEX,0.75,0.0,1,1,1
C_double,H01,held_out,4,3,1,32,AEX,0.75,AEX,0.75,0.0,1,1,1
C_double,H01,held_out,4,3,1,64,AEX,0.75,AEX,0.75,0.0,1,1,1
C_double,H02,held_out,4,3,1,4,REV,0.5,REV,0.5,0.0,1,1,1
C_double,H02,held_out,4,3,1,8,REV,0.5,REV,0.5,0.0,1,1,1
C_double,H02,held_out,4,3,1,16,REV,0.5,REV,0.5,0.0,1,1,1
C_double,H02,held_out,4,3,1,32,REV,0.5,REV,0.5,0.0,1,1,1
C_double,H02,held_out,4,3,1,64,REV,0.5,REV,0.5,0.0,1,1,1
C_double,H03,held_out,4,3,1,4,DIA,0.25,DIA,0.25,0.0,1,1,1
C_double,H03,held_out,4,3,1,8,DIA,0.25,DIA,0.25,0.0,1,1,1
C_double,H03,held_out,4,3,1,16,DIA,0.25,DIA,0.25,0.0,1,1,1
C_double,H03,held_out,4,3,1,32,DIA,0.25,DIA,0.25,0.0,1,1,1
C_double,H03,held_out,4,3,1,64,DIA,0.25,DIA,0.25,0.0,1,1,1
C_double,H04,held_out,4,3,1,4,AEX,0.75,AEX,0.75,0.0,1,1,1
C_double,H04,held_out,4,3,1,8,AEX,0.75,AEX,0.75,0.0,1,1,1
C_double,H04,held_out,4,3,1,16,AEX,0.75,AEX,0.75,0.0,1,1,1
C_double,H04,held_out,4,3,1,32,AEX,0.75,AEX,0.75,0.0,1,1,1
C_double,H04,held_out,4,3,1,64,AEX,0.75,AEX,0.75,0.0,1,1,1
C_double,H05,held_out,4,3,1,4,AEX,0.75,AEX,0.75,0.0,1,1,1
C_double,H05,held_out,4,3,1,8,AEX,0.75,AEX,0.75,0.0,1,1,1
C_double,H05,held_out,4,3,1,16,AEX,0.75,AEX,0.75,0.0,1,1,1
C_double,H05,held_out,4,3,1,32,AEX,0.75,AEX,0.75,0.0,1,1,1
C_double,H05,held_out,4,3,1,64,AEX,0.75,AEX,0.75,0.0,1,1,1
C_double,S-REF,synthetic_ladder,4,3,1,4,REF,0.0,REF,0.0,0.0,1,1,1
C_double,S-REF,synthetic_ladder,4,3,1,8,REF,0.0,REF,0.0,0.0,1,1,1
C_double,S-REF,synthetic_ladder,4,3,1,16,REF,0.0,REF,0.0,0.0,1,1,1
C_double,S-REF,synthetic_ladder,4,3,1,32,REF,0.0,REF,0.0,0.0,1,1,1
C_double,S-REF,synthetic_ladder,4,3,1,64,REF,0.0,REF,0.0,0.0,1,1,1
C_double,S-DIA,synthetic_ladder,4,3,1,4,DIA,0.25,DIA,0.25,0.0,1,1,1
C_double,S-DIA,synthetic_ladder,4,3,1,8,DIA,0.25,DIA,0.25,0.0,1,1,1
C_double,S-DIA,synthetic_ladder,4,3,1,16,DIA,0.25,DIA,0.25,0.0,1,1,1
C_double,S-DIA,synthetic_ladder,4,3,1,32,DIA,0.25,DIA,0.25,0.0,1,1,1
C_double,S-DIA,synthetic_ladder,4,3,1,64,DIA,0.25,DIA,0.25,0.0,1,1,1
C_double,S-REV,synthetic_ladder,4,3,1,4,REV,0.5,REV,0.5,0.0,1,1,1
C_double,S-REV,synthetic_ladder,4,3,1,8,REV,0.5,REV,0.5,0.0,1,1,1
C_double,S-REV,synthetic_ladder,4,3,1,16,REV,0.5,REV,0.5,0.0,1,1,1
C_double,S-REV,synthetic_ladder,4,3,1,32,REV,0.5,REV,0.5,0.0,1,1,1
C_double,S-REV,synthetic_ladder,4,3,1,64,REV,0.5,REV,0.5,0.0,1,1,1
C_double,S-AEX,synthetic_ladder,4,3,1,4,AEX,0.75,AEX,0.75,0.0,1,1,1
C_double,S-AEX,synthetic_ladder,4,3,1,8,AEX,0.75,AEX,0.75,0.0,1,1,1
C_double,S-AEX,synthetic_ladder,4,3,1,16,AEX,0.75,AEX,0.75,0.0,1,1,1
C_double,S-AEX,synthetic_ladder,4,3,1,32,AEX,0.75,AEX,0.75,0.0,1,1,1
C_double,S-AEX,synthetic_ladder,4,3,1,64,AEX,0.75,AEX,0.75,0.0,1,1,1
C_double,S-ALR,synthetic_ladder,4,3,1,4,ALR,1.0,ALR,1.0,0.0,1,1,1
C_double,S-ALR,synthetic_ladder,4,3,1,8,ALR,1.0,ALR,1.0,0.0,1,1,1
C_double,S-ALR,synthetic_ladder,4,3,1,16,ALR,1.0,ALR,1.0,0.0,1,1,1
C_double,S-ALR,synthetic_ladder,4,3,1,32,ALR,1.0,ALR,1.0,0.0,1,1,1
C_double,S-ALR,synthetic_ladder,4,3,1,64,ALR,1.0,ALR,1.0,0.0,1,1,1
C_double,W-currency,active_witness,4,3,1,4,ALR,1.0,ALR,1.0,0.0,1,1,1
C_double,W-currency,active_witness,4,3,1,8,ALR,1.0,ALR,1.0,0.0,1,1,1
C_double,W-currency,active_witness,4,3,1,16,ALR,1.0,ALR,1.0,0.0,1,1,1
C_double,W-currency,active_witness,4,3,1,32,ALR,1.0,ALR,1.0,0.0,1,1,1
C_double,W-currency,active_witness,4,3,1,64,ALR,1.0,ALR,1.0,0.0,1,1,1
C_double,W-deployment,active_witness,4,3,1,4,AEX,0.75,ALR,1.0,0.25,1,1,1
C_double,W-deployment,active_witness,4,3,1,8,AEX,0.75,ALR,1.0,0.25,1,1,1
C_double,W-deployment,active_witness,4,3,1,16,AEX,0.75,ALR,1.0,0.25,1,1,1
C_double,W-deployment,active_witness,4,3,1,32,AEX,0.75,ALR,1.0,0.25,1,1,1
C_double,W-deployment,active_witness,4,3,1,64,AEX,0.75,ALR,1.0,0.25,1,1,1
C_double,W-population,active_witness,4,3,1,4,AEX,0.75,ALR,1.0,0.25,1,1,1
C_double,W-population,active_witness,4,3,1,8,AEX,0.75,ALR,1.0,0.25,1,1,1
C_double,W-population,active_witness,4,3,1,16,AEX,0.75,ALR,1.0,0.25,1,1,1
C_double,W-population,active_witness,4,3,1,32,AEX,0.75,ALR,1.0,0.25,1,1,1
C_double,W-population,active_witness,4,3,1,64,AEX,0.75,ALR,1.0,0.25,1,1,1
C_double,W-clinical,active_witness,4,3,1,4,AEX,0.75,ALR,1.0,0.25,1,1,1
C_double,W-clinical,active_witness,4,3,1,8,AEX,0.75,ALR,1.0,0.25,1,1,1
C_double,W-clinical,active_witness,4,3,1,16,AEX,0.75,ALR,1.0,0.25,1,1,1
C_double,W-clinical,active_witness,4,3,1,32,AEX,0.75,ALR,1.0,0.25,1,1,1
C_double,W-clinical,active_witness,4,3,1,64,AEX,0.75,ALR,1.0,0.25,1,1,1
C_double,M01,induction,5,2,1,4,AEX,0.75,AEX,0.75,0.0,1,1,1
C_double,M01,induction,5,2,1,8,AEX,0.75,AEX,0.75,0.0,1,1,1
C_double,M01,induction,5,2,1,16,AEX,0.75,AEX,0.75,0.0,1,1,1
C_double,M01,induction,5,2,1,32,AEX,0.75,AEX,0.75,0.0,1,1,1
C_double,M01,induction,5,2,1,64,AEX,0.75,AEX,0.75,0.0,1,1,1
C_double,M02,induction,5,2,1,4,AEX,0.75,AEX,0.75,0.0,1,1,1
C_double,M02,induction,5,2,1,8,AEX,0.75,AEX,0.75,0.0,1,1,1
C_double,M02,induction,5,2,1,16,AEX,0.75,AEX,0.75,0.0,1,1,1
C_double,M02,induction,5,2,1,32,AEX,0.75,AEX,0.75,0.0,1,1,1
C_double,M02,induction,5,2,1,64,AEX,0.75,AEX,0.75,0.0,1,1,1
C_double,M03,induction,5,2,1,4,AEX,0.75,AEX,0.75,0.0,1,1,1
C_double,M03,induction,5,2,1,8,AEX,0.75,AEX,0.75,0.0,1,1,1
C_double,M03,induction,5,2,1,16,AEX,0.75,AEX,0.75,0.0,1,1,1
C_double,M03,induction,5,2,1,32,AEX,0.75,AEX,0.75,0.0,1,1,1
C_double,M03,induction,5,2,1,64,AEX,0.75,AEX,0.75,0.0,1,1,1
C_double,M04,induction,5,2,1,4,AEX,0.75,AEX,0.75,0.0,1,1,1
C_double,M04,induction,5,2,1,8,AEX,0.75,AEX,0.75,0.0,1,1,1
C_double,M04,induction,5,2,1,16,AEX,0.75,AEX,0.75,0.0,1,1,1
C_double,M04,induction,5,2,1,32,AEX,0.75,AEX,0.75,0.0,1,1,1
C_double,M04,induction,5,2,1,64,AEX,0.75,AEX,0.75,0.0,1,1,1
C_double,M05,induction,5,2,1,4,AEX,0.75,AEX,0.75,0.0,1,1,1
C_double,M05,induction,5,2,1,8,AEX,0.75,AEX,0.75,0.0,1,1,1
C_double,M05,induction,5,2,1,16,AEX,0.75,AEX,0.75,0.0,1,1,1
C_double,M05,induction,5,2,1,32,AEX,0.75,AEX,0.75,0.0,1,1,1
C_double,M05,induction,5,2,1,64,AEX,0.75,AEX,0.75,0.0,1,1,1
C_double,M06,induction,5,2,1,4,AEX,0.75,AEX,0.75,0.0,1,1,1
C_double,M06,induction,5,2,1,8,AEX,0.75,AEX,0.75,0.0,1,1,1
C_double,M06,induction,5,2,1,16,AEX,0.75,AEX,0.75,0.0,1,1,1
C_double,M06,induction,5,2,1,32,AEX,0.75,AEX,0.75,0.0,1,1,1
C_double,M06,induction,5,2,1,64,AEX,0.75,AEX,0.75,0.0,1,1,1
C_double,M07,induction,5,2,1,4,AEX,0.75,AEX,0.75,0.0,1,1,1
C_double,M07,induction,5,2,1,8,AEX,0.75,AEX,0.75,0.0,1,1,1
C_double,M07,induction,5,2,1,16,AEX,0.75,AEX,0.75,0.0,1,1,1
C_double,M07,induction,5,2,1,32,AEX,0.75,AEX,0.75,0.0,1,1,1
C_double,M07,induction,5,2,1,64,AEX,0.75,AEX,0.75,0.0,1,1,1
C_double,H01,held_out,5,2,1,4,AEX,0.75,AEX,0.75,0.0,1,1,1
C_double,H01,held_out,5,2,1,8,AEX,0.75,AEX,0.75,0.0,1,1,1
C_double,H01,held_out,5,2,1,16,AEX,0.75,AEX,0.75,0.0,1,1,1
C_double,H01,held_out,5,2,1,32,AEX,0.75,AEX,0.75,0.0,1,1,1
C_double,H01,held_out,5,2,1,64,AEX,0.75,AEX,0.75,0.0,1,1,1
C_double,H02,held_out,5,2,1,4,REV,0.5,REV,0.5,0.0,1,1,1
C_double,H02,held_out,5,2,1,8,REV,0.5,REV,0.5,0.0,1,1,1
C_double,H02,held_out,5,2,1,16,REV,0.5,REV,0.5,0.0,1,1,1
C_double,H02,held_out,5,2,1,32,REV,0.5,REV,0.5,0.0,1,1,1
C_double,H02,held_out,5,2,1,64,REV,0.5,REV,0.5,0.0,1,1,1
C_double,H03,held_out,5,2,1,4,DIA,0.25,DIA,0.25,0.0,1,1,1
C_double,H03,held_out,5,2,1,8,DIA,0.25,DIA,0.25,0.0,1,1,1
C_double,H03,held_out,5,2,1,16,DIA,0.25,DIA,0.25,0.0,1,1,1
C_double,H03,held_out,5,2,1,32,DIA,0.25,DIA,0.25,0.0,1,1,1
C_double,H03,held_out,5,2,1,64,DIA,0.25,DIA,0.25,0.0,1,1,1
C_double,H04,held_out,5,2,1,4,AEX,0.75,AEX,0.75,0.0,1,1,1
C_double,H04,held_out,5,2,1,8,AEX,0.75,AEX,0.75,0.0,1,1,1
C_double,H04,held_out,5,2,1,16,AEX,0.75,AEX,0.75,0.0,1,1,1
C_double,H04,held_out,5,2,1,32,AEX,0.75,AEX,0.75,0.0,1,1,1
C_double,H04,held_out,5,2,1,64,AEX,0.75,AEX,0.75,0.0,1,1,1
C_double,H05,held_out,5,2,1,4,AEX,0.75,AEX,0.75,0.0,1,1,1
C_double,H05,held_out,5,2,1,8,AEX,0.75,AEX,0.75,0.0,1,1,1
C_double,H05,held_out,5,2,1,16,AEX,0.75,AEX,0.75,0.0,1,1,1
C_double,H05,held_out,5,2,1,32,AEX,0.75,AEX,0.75,0.0,1,1,1
C_double,H05,held_out,5,2,1,64,AEX,0.75,AEX,0.75,0.0,1,1,1
C_double,S-REF,synthetic_ladder,5,2,1,4,REF,0.0,REF,0.0,0.0,1,1,1
C_double,S-REF,synthetic_ladder,5,2,1,8,REF,0.0,REF,0.0,0.0,1,1,1
C_double,S-REF,synthetic_ladder,5,2,1,16,REF,0.0,REF,0.0,0.0,1,1,1
C_double,S-REF,synthetic_ladder,5,2,1,32,REF,0.0,REF,0.0,0.0,1,1,1
C_double,S-REF,synthetic_ladder,5,2,1,64,REF,0.0,REF,0.0,0.0,1,1,1
C_double,S-DIA,synthetic_ladder,5,2,1,4,DIA,0.25,DIA,0.25,0.0,1,1,1
C_double,S-DIA,synthetic_ladder,5,2,1,8,DIA,0.25,DIA,0.25,0.0,1,1,1
C_double,S-DIA,synthetic_ladder,5,2,1,16,DIA,0.25,DIA,0.25,0.0,1,1,1
C_double,S-DIA,synthetic_ladder,5,2,1,32,DIA,0.25,DIA,0.25,0.0,1,1,1
C_double,S-DIA,synthetic_ladder,5,2,1,64,DIA,0.25,DIA,0.25,0.0,1,1,1
C_double,S-REV,synthetic_ladder,5,2,1,4,REV,0.5,REV,0.5,0.0,1,1,1
C_double,S-REV,synthetic_ladder,5,2,1,8,REV,0.5,REV,0.5,0.0,1,1,1
C_double,S-REV,synthetic_ladder,5,2,1,16,REV,0.5,REV,0.5,0.0,1,1,1
C_double,S-REV,synthetic_ladder,5,2,1,32,REV,0.5,REV,0.5,0.0,1,1,1
C_double,S-REV,synthetic_ladder,5,2,1,64,REV,0.5,REV,0.5,0.0,1,1,1
C_double,S-AEX,synthetic_ladder,5,2,1,4,AEX,0.75,AEX,0.75,0.0,1,1,1
C_double,S-AEX,synthetic_ladder,5,2,1,8,AEX,0.75,AEX,0.75,0.0,1,1,1
C_double,S-AEX,synthetic_ladder,5,2,1,16,AEX,0.75,AEX,0.75,0.0,1,1,1
C_double,S-AEX,synthetic_ladder,5,2,1,32,AEX,0.75,AEX,0.75,0.0,1,1,1
C_double,S-AEX,synthetic_ladder,5,2,1,64,AEX,0.75,AEX,0.75,0.0,1,1,1
C_double,S-ALR,synthetic_ladder,5,2,1,4,ALR,1.0,ALR,1.0,0.0,1,1,1
C_double,S-ALR,synthetic_ladder,5,2,1,8,ALR,1.0,ALR,1.0,0.0,1,1,1
C_double,S-ALR,synthetic_ladder,5,2,1,16,ALR,1.0,ALR,1.0,0.0,1,1,1
C_double,S-ALR,synthetic_ladder,5,2,1,32,ALR,1.0,ALR,1.0,0.0,1,1,1
C_double,S-ALR,synthetic_ladder,5,2,1,64,ALR,1.0,ALR,1.0,0.0,1,1,1
C_double,W-currency,active_witness,5,2,1,4,ALR,1.0,ALR,1.0,0.0,1,1,1
C_double,W-currency,active_witness,5,2,1,8,ALR,1.0,ALR,1.0,0.0,1,1,1
C_double,W-currency,active_witness,5,2,1,16,ALR,1.0,ALR,1.0,0.0,1,1,1
C_double,W-currency,active_witness,5,2,1,32,ALR,1.0,ALR,1.0,0.0,1,1,1
C_double,W-currency,active_witness,5,2,1,64,ALR,1.0,ALR,1.0,0.0,1,1,1
C_double,W-deployment,active_witness,5,2,1,4,ALR,1.0,ALR,1.0,0.0,1,1,1
C_double,W-deployment,active_witness,5,2,1,8,ALR,1.0,ALR,1.0,0.0,1,1,1
C_double,W-deployment,active_witness,5,2,1,16,ALR,1.0,ALR,1.0,0.0,1,1,1
C_double,W-deployment,active_witness,5,2,1,32,ALR,1.0,ALR,1.0,0.0,1,1,1
C_double,W-deployment,active_witness,5,2,1,64,ALR,1.0,ALR,1.0,0.0,1,1,1
C_double,W-population,active_witness,5,2,1,4,AEX,0.75,ALR,1.0,0.25,1,1,1
C_double,W-population,active_witness,5,2,1,8,AEX,0.75,ALR,1.0,0.25,1,1,1
C_double,W-population,active_witness,5,2,1,16,AEX,0.75,ALR,1.0,0.25,1,1,1
C_double,W-population,active_witness,5,2,1,32,AEX,0.75,ALR,1.0,0.25,1,1,1
C_double,W-population,active_witness,5,2,1,64,AEX,0.75,ALR,1.0,0.25,1,1,1
C_double,W-clinical,active_witness,5,2,1,4,AEX,0.75,ALR,1.0,0.25,1,1,1
C_double,W-clinical,active_witness,5,2,1,8,AEX,0.75,ALR,1.0,0.25,1,1,1
C_double,W-clinical,active_witness,5,2,1,16,AEX,0.75,ALR,1.0,0.25,1,1,1
C_double,W-clinical,active_witness,5,2,1,32,AEX,0.75,ALR,1.0,0.25,1,1,1
C_double,W-clinical,active_witness,5,2,1,64,AEX,0.75,ALR,1.0,0.25,1,1,1
C_double,M01,induction,6,1,1,4,AEX,0.75,AEX,0.75,0.0,1,1,1
C_double,M01,induction,6,1,1,8,AEX,0.75,AEX,0.75,0.0,1,1,1
C_double,M01,induction,6,1,1,16,AEX,0.75,AEX,0.75,0.0,1,1,1
C_double,M01,induction,6,1,1,32,AEX,0.75,AEX,0.75,0.0,1,1,1
C_double,M01,induction,6,1,1,64,AEX,0.75,AEX,0.75,0.0,1,1,1
C_double,M02,induction,6,1,1,4,AEX,0.75,AEX,0.75,0.0,1,1,1
C_double,M02,induction,6,1,1,8,AEX,0.75,AEX,0.75,0.0,1,1,1
C_double,M02,induction,6,1,1,16,AEX,0.75,AEX,0.75,0.0,1,1,1
C_double,M02,induction,6,1,1,32,AEX,0.75,AEX,0.75,0.0,1,1,1
C_double,M02,induction,6,1,1,64,AEX,0.75,AEX,0.75,0.0,1,1,1
C_double,M03,induction,6,1,1,4,AEX,0.75,AEX,0.75,0.0,1,1,1
C_double,M03,induction,6,1,1,8,AEX,0.75,AEX,0.75,0.0,1,1,1
C_double,M03,induction,6,1,1,16,AEX,0.75,AEX,0.75,0.0,1,1,1
C_double,M03,induction,6,1,1,32,AEX,0.75,AEX,0.75,0.0,1,1,1
C_double,M03,induction,6,1,1,64,AEX,0.75,AEX,0.75,0.0,1,1,1
C_double,M04,induction,6,1,1,4,AEX,0.75,AEX,0.75,0.0,1,1,1
C_double,M04,induction,6,1,1,8,AEX,0.75,AEX,0.75,0.0,1,1,1
C_double,M04,induction,6,1,1,16,AEX,0.75,AEX,0.75,0.0,1,1,1
C_double,M04,induction,6,1,1,32,AEX,0.75,AEX,0.75,0.0,1,1,1
C_double,M04,induction,6,1,1,64,AEX,0.75,AEX,0.75,0.0,1,1,1
C_double,M05,induction,6,1,1,4,AEX,0.75,AEX,0.75,0.0,1,1,1
C_double,M05,induction,6,1,1,8,AEX,0.75,AEX,0.75,0.0,1,1,1
C_double,M05,induction,6,1,1,16,AEX,0.75,AEX,0.75,0.0,1,1,1
C_double,M05,induction,6,1,1,32,AEX,0.75,AEX,0.75,0.0,1,1,1
C_double,M05,induction,6,1,1,64,AEX,0.75,AEX,0.75,0.0,1,1,1
C_double,M06,induction,6,1,1,4,AEX,0.75,AEX,0.75,0.0,1,1,1
C_double,M06,induction,6,1,1,8,AEX,0.75,AEX,0.75,0.0,1,1,1
C_double,M06,induction,6,1,1,16,AEX,0.75,AEX,0.75,0.0,1,1,1
C_double,M06,induction,6,1,1,32,AEX,0.75,AEX,0.75,0.0,1,1,1
C_double,M06,induction,6,1,1,64,AEX,0.75,AEX,0.75,0.0,1,1,1
C_double,M07,induction,6,1,1,4,AEX,0.75,AEX,0.75,0.0,1,1,1
C_double,M07,induction,6,1,1,8,AEX,0.75,AEX,0.75,0.0,1,1,1
C_double,M07,induction,6,1,1,16,AEX,0.75,AEX,0.75,0.0,1,1,1
C_double,M07,induction,6,1,1,32,AEX,0.75,AEX,0.75,0.0,1,1,1
C_double,M07,induction,6,1,1,64,AEX,0.75,AEX,0.75,0.0,1,1,1
C_double,H01,held_out,6,1,1,4,AEX,0.75,AEX,0.75,0.0,1,1,1
C_double,H01,held_out,6,1,1,8,AEX,0.75,AEX,0.75,0.0,1,1,1
C_double,H01,held_out,6,1,1,16,AEX,0.75,AEX,0.75,0.0,1,1,1
C_double,H01,held_out,6,1,1,32,AEX,0.75,AEX,0.75,0.0,1,1,1
C_double,H01,held_out,6,1,1,64,AEX,0.75,AEX,0.75,0.0,1,1,1
C_double,H02,held_out,6,1,1,4,REV,0.5,REV,0.5,0.0,1,1,1
C_double,H02,held_out,6,1,1,8,REV,0.5,REV,0.5,0.0,1,1,1
C_double,H02,held_out,6,1,1,16,REV,0.5,REV,0.5,0.0,1,1,1
C_double,H02,held_out,6,1,1,32,REV,0.5,REV,0.5,0.0,1,1,1
C_double,H02,held_out,6,1,1,64,REV,0.5,REV,0.5,0.0,1,1,1
C_double,H03,held_out,6,1,1,4,DIA,0.25,DIA,0.25,0.0,1,1,1
C_double,H03,held_out,6,1,1,8,DIA,0.25,DIA,0.25,0.0,1,1,1
C_double,H03,held_out,6,1,1,16,DIA,0.25,DIA,0.25,0.0,1,1,1
C_double,H03,held_out,6,1,1,32,DIA,0.25,DIA,0.25,0.0,1,1,1
C_double,H03,held_out,6,1,1,64,DIA,0.25,DIA,0.25,0.0,1,1,1
C_double,H04,held_out,6,1,1,4,AEX,0.75,AEX,0.75,0.0,1,1,1
C_double,H04,held_out,6,1,1,8,AEX,0.75,AEX,0.75,0.0,1,1,1
C_double,H04,held_out,6,1,1,16,AEX,0.75,AEX,0.75,0.0,1,1,1
C_double,H04,held_out,6,1,1,32,AEX,0.75,AEX,0.75,0.0,1,1,1
C_double,H04,held_out,6,1,1,64,AEX,0.75,AEX,0.75,0.0,1,1,1
C_double,H05,held_out,6,1,1,4,AEX,0.75,AEX,0.75,0.0,1,1,1
C_double,H05,held_out,6,1,1,8,AEX,0.75,AEX,0.75,0.0,1,1,1
C_double,H05,held_out,6,1,1,16,AEX,0.75,AEX,0.75,0.0,1,1,1
C_double,H05,held_out,6,1,1,32,AEX,0.75,AEX,0.75,0.0,1,1,1
C_double,H05,held_out,6,1,1,64,AEX,0.75,AEX,0.75,0.0,1,1,1
C_double,S-REF,synthetic_ladder,6,1,1,4,REF,0.0,REF,0.0,0.0,1,1,1
C_double,S-REF,synthetic_ladder,6,1,1,8,REF,0.0,REF,0.0,0.0,1,1,1
C_double,S-REF,synthetic_ladder,6,1,1,16,REF,0.0,REF,0.0,0.0,1,1,1
C_double,S-REF,synthetic_ladder,6,1,1,32,REF,0.0,REF,0.0,0.0,1,1,1
C_double,S-REF,synthetic_ladder,6,1,1,64,REF,0.0,REF,0.0,0.0,1,1,1
C_double,S-DIA,synthetic_ladder,6,1,1,4,DIA,0.25,DIA,0.25,0.0,1,1,1
C_double,S-DIA,synthetic_ladder,6,1,1,8,DIA,0.25,DIA,0.25,0.0,1,1,1
C_double,S-DIA,synthetic_ladder,6,1,1,16,DIA,0.25,DIA,0.25,0.0,1,1,1
C_double,S-DIA,synthetic_ladder,6,1,1,32,DIA,0.25,DIA,0.25,0.0,1,1,1
C_double,S-DIA,synthetic_ladder,6,1,1,64,DIA,0.25,DIA,0.25,0.0,1,1,1
C_double,S-REV,synthetic_ladder,6,1,1,4,REV,0.5,REV,0.5,0.0,1,1,1
C_double,S-REV,synthetic_ladder,6,1,1,8,REV,0.5,REV,0.5,0.0,1,1,1
C_double,S-REV,synthetic_ladder,6,1,1,16,REV,0.5,REV,0.5,0.0,1,1,1
C_double,S-REV,synthetic_ladder,6,1,1,32,REV,0.5,REV,0.5,0.0,1,1,1
C_double,S-REV,synthetic_ladder,6,1,1,64,REV,0.5,REV,0.5,0.0,1,1,1
C_double,S-AEX,synthetic_ladder,6,1,1,4,AEX,0.75,AEX,0.75,0.0,1,1,1
C_double,S-AEX,synthetic_ladder,6,1,1,8,AEX,0.75,AEX,0.75,0.0,1,1,1
C_double,S-AEX,synthetic_ladder,6,1,1,16,AEX,0.75,AEX,0.75,0.0,1,1,1
C_double,S-AEX,synthetic_ladder,6,1,1,32,AEX,0.75,AEX,0.75,0.0,1,1,1
C_double,S-AEX,synthetic_ladder,6,1,1,64,AEX,0.75,AEX,0.75,0.0,1,1,1
C_double,S-ALR,synthetic_ladder,6,1,1,4,ALR,1.0,ALR,1.0,0.0,1,1,1
C_double,S-ALR,synthetic_ladder,6,1,1,8,ALR,1.0,ALR,1.0,0.0,1,1,1
C_double,S-ALR,synthetic_ladder,6,1,1,16,ALR,1.0,ALR,1.0,0.0,1,1,1
C_double,S-ALR,synthetic_ladder,6,1,1,32,ALR,1.0,ALR,1.0,0.0,1,1,1
C_double,S-ALR,synthetic_ladder,6,1,1,64,ALR,1.0,ALR,1.0,0.0,1,1,1
C_double,W-currency,active_witness,6,1,1,4,ALR,1.0,ALR,1.0,0.0,1,1,1
C_double,W-currency,active_witness,6,1,1,8,ALR,1.0,ALR,1.0,0.0,1,1,1
C_double,W-currency,active_witness,6,1,1,16,ALR,1.0,ALR,1.0,0.0,1,1,1
C_double,W-currency,active_witness,6,1,1,32,ALR,1.0,ALR,1.0,0.0,1,1,1
C_double,W-currency,active_witness,6,1,1,64,ALR,1.0,ALR,1.0,0.0,1,1,1
C_double,W-deployment,active_witness,6,1,1,4,ALR,1.0,ALR,1.0,0.0,1,1,1
C_double,W-deployment,active_witness,6,1,1,8,ALR,1.0,ALR,1.0,0.0,1,1,1
C_double,W-deployment,active_witness,6,1,1,16,ALR,1.0,ALR,1.0,0.0,1,1,1
C_double,W-deployment,active_witness,6,1,1,32,ALR,1.0,ALR,1.0,0.0,1,1,1
C_double,W-deployment,active_witness,6,1,1,64,ALR,1.0,ALR,1.0,0.0,1,1,1
C_double,W-population,active_witness,6,1,1,4,ALR,1.0,ALR,1.0,0.0,1,1,1
C_double,W-population,active_witness,6,1,1,8,ALR,1.0,ALR,1.0,0.0,1,1,1
C_double,W-population,active_witness,6,1,1,16,ALR,1.0,ALR,1.0,0.0,1,1,1
C_double,W-population,active_witness,6,1,1,32,ALR,1.0,ALR,1.0,0.0,1,1,1
C_double,W-population,active_witness,6,1,1,64,ALR,1.0,ALR,1.0,0.0,1,1,1
C_double,W-clinical,active_witness,6,1,1,4,AEX,0.75,ALR,1.0,0.25,1,1,1
C_double,W-clinical,active_witness,6,1,1,8,AEX,0.75,ALR,1.0,0.25,1,1,1
C_double,W-clinical,active_witness,6,1,1,16,AEX,0.75,ALR,1.0,0.25,1,1,1
C_double,W-clinical,active_witness,6,1,1,32,AEX,0.75,ALR,1.0,0.25,1,1,1
C_double,W-clinical,active_witness,6,1,1,64,AEX,0.75,ALR,1.0,0.25,1,1,1
C_double,M01,induction,7,0,1,4,AEX,0.75,AEX,0.75,0.0,1,1,1
C_double,M01,induction,7,0,1,8,AEX,0.75,AEX,0.75,0.0,1,1,1
C_double,M01,induction,7,0,1,16,AEX,0.75,AEX,0.75,0.0,1,1,1
C_double,M01,induction,7,0,1,32,AEX,0.75,AEX,0.75,0.0,1,1,1
C_double,M01,induction,7,0,1,64,AEX,0.75,AEX,0.75,0.0,1,1,1
C_double,M02,induction,7,0,1,4,AEX,0.75,AEX,0.75,0.0,1,1,1
C_double,M02,induction,7,0,1,8,AEX,0.75,AEX,0.75,0.0,1,1,1
C_double,M02,induction,7,0,1,16,AEX,0.75,AEX,0.75,0.0,1,1,1
C_double,M02,induction,7,0,1,32,AEX,0.75,AEX,0.75,0.0,1,1,1
C_double,M02,induction,7,0,1,64,AEX,0.75,AEX,0.75,0.0,1,1,1
C_double,M03,induction,7,0,1,4,AEX,0.75,AEX,0.75,0.0,1,1,1
C_double,M03,induction,7,0,1,8,AEX,0.75,AEX,0.75,0.0,1,1,1
C_double,M03,induction,7,0,1,16,AEX,0.75,AEX,0.75,0.0,1,1,1
C_double,M03,induction,7,0,1,32,AEX,0.75,AEX,0.75,0.0,1,1,1
C_double,M03,induction,7,0,1,64,AEX,0.75,AEX,0.75,0.0,1,1,1
C_double,M04,induction,7,0,1,4,AEX,0.75,AEX,0.75,0.0,1,1,1
C_double,M04,induction,7,0,1,8,AEX,0.75,AEX,0.75,0.0,1,1,1
C_double,M04,induction,7,0,1,16,AEX,0.75,AEX,0.75,0.0,1,1,1
C_double,M04,induction,7,0,1,32,AEX,0.75,AEX,0.75,0.0,1,1,1
C_double,M04,induction,7,0,1,64,AEX,0.75,AEX,0.75,0.0,1,1,1
C_double,M05,induction,7,0,1,4,AEX,0.75,AEX,0.75,0.0,1,1,1
C_double,M05,induction,7,0,1,8,AEX,0.75,AEX,0.75,0.0,1,1,1
C_double,M05,induction,7,0,1,16,AEX,0.75,AEX,0.75,0.0,1,1,1
C_double,M05,induction,7,0,1,32,AEX,0.75,AEX,0.75,0.0,1,1,1
C_double,M05,induction,7,0,1,64,AEX,0.75,AEX,0.75,0.0,1,1,1
C_double,M06,induction,7,0,1,4,AEX,0.75,AEX,0.75,0.0,1,1,1
C_double,M06,induction,7,0,1,8,AEX,0.75,AEX,0.75,0.0,1,1,1
C_double,M06,induction,7,0,1,16,AEX,0.75,AEX,0.75,0.0,1,1,1
C_double,M06,induction,7,0,1,32,AEX,0.75,AEX,0.75,0.0,1,1,1
C_double,M06,induction,7,0,1,64,AEX,0.75,AEX,0.75,0.0,1,1,1
C_double,M07,induction,7,0,1,4,AEX,0.75,AEX,0.75,0.0,1,1,1
C_double,M07,induction,7,0,1,8,AEX,0.75,AEX,0.75,0.0,1,1,1
C_double,M07,induction,7,0,1,16,AEX,0.75,AEX,0.75,0.0,1,1,1
C_double,M07,induction,7,0,1,32,AEX,0.75,AEX,0.75,0.0,1,1,1
C_double,M07,induction,7,0,1,64,AEX,0.75,AEX,0.75,0.0,1,1,1
C_double,H01,held_out,7,0,1,4,AEX,0.75,AEX,0.75,0.0,1,1,1
C_double,H01,held_out,7,0,1,8,AEX,0.75,AEX,0.75,0.0,1,1,1
C_double,H01,held_out,7,0,1,16,AEX,0.75,AEX,0.75,0.0,1,1,1
C_double,H01,held_out,7,0,1,32,AEX,0.75,AEX,0.75,0.0,1,1,1
C_double,H01,held_out,7,0,1,64,AEX,0.75,AEX,0.75,0.0,1,1,1
C_double,H02,held_out,7,0,1,4,REV,0.5,REV,0.5,0.0,1,1,1
C_double,H02,held_out,7,0,1,8,REV,0.5,REV,0.5,0.0,1,1,1
C_double,H02,held_out,7,0,1,16,REV,0.5,REV,0.5,0.0,1,1,1
C_double,H02,held_out,7,0,1,32,REV,0.5,REV,0.5,0.0,1,1,1
C_double,H02,held_out,7,0,1,64,REV,0.5,REV,0.5,0.0,1,1,1
C_double,H03,held_out,7,0,1,4,DIA,0.25,DIA,0.25,0.0,1,1,1
C_double,H03,held_out,7,0,1,8,DIA,0.25,DIA,0.25,0.0,1,1,1
C_double,H03,held_out,7,0,1,16,DIA,0.25,DIA,0.25,0.0,1,1,1
C_double,H03,held_out,7,0,1,32,DIA,0.25,DIA,0.25,0.0,1,1,1
C_double,H03,held_out,7,0,1,64,DIA,0.25,DIA,0.25,0.0,1,1,1
C_double,H04,held_out,7,0,1,4,AEX,0.75,AEX,0.75,0.0,1,1,1
C_double,H04,held_out,7,0,1,8,AEX,0.75,AEX,0.75,0.0,1,1,1
C_double,H04,held_out,7,0,1,16,AEX,0.75,AEX,0.75,0.0,1,1,1
C_double,H04,held_out,7,0,1,32,AEX,0.75,AEX,0.75,0.0,1,1,1
C_double,H04,held_out,7,0,1,64,AEX,0.75,AEX,0.75,0.0,1,1,1
C_double,H05,held_out,7,0,1,4,AEX,0.75,AEX,0.75,0.0,1,1,1
C_double,H05,held_out,7,0,1,8,AEX,0.75,AEX,0.75,0.0,1,1,1
C_double,H05,held_out,7,0,1,16,AEX,0.75,AEX,0.75,0.0,1,1,1
C_double,H05,held_out,7,0,1,32,AEX,0.75,AEX,0.75,0.0,1,1,1
C_double,H05,held_out,7,0,1,64,AEX,0.75,AEX,0.75,0.0,1,1,1
C_double,S-REF,synthetic_ladder,7,0,1,4,REF,0.0,REF,0.0,0.0,1,1,1
C_double,S-REF,synthetic_ladder,7,0,1,8,REF,0.0,REF,0.0,0.0,1,1,1
C_double,S-REF,synthetic_ladder,7,0,1,16,REF,0.0,REF,0.0,0.0,1,1,1
C_double,S-REF,synthetic_ladder,7,0,1,32,REF,0.0,REF,0.0,0.0,1,1,1
C_double,S-REF,synthetic_ladder,7,0,1,64,REF,0.0,REF,0.0,0.0,1,1,1
C_double,S-DIA,synthetic_ladder,7,0,1,4,DIA,0.25,DIA,0.25,0.0,1,1,1
C_double,S-DIA,synthetic_ladder,7,0,1,8,DIA,0.25,DIA,0.25,0.0,1,1,1
C_double,S-DIA,synthetic_ladder,7,0,1,16,DIA,0.25,DIA,0.25,0.0,1,1,1
C_double,S-DIA,synthetic_ladder,7,0,1,32,DIA,0.25,DIA,0.25,0.0,1,1,1
C_double,S-DIA,synthetic_ladder,7,0,1,64,DIA,0.25,DIA,0.25,0.0,1,1,1
C_double,S-REV,synthetic_ladder,7,0,1,4,REV,0.5,REV,0.5,0.0,1,1,1
C_double,S-REV,synthetic_ladder,7,0,1,8,REV,0.5,REV,0.5,0.0,1,1,1
C_double,S-REV,synthetic_ladder,7,0,1,16,REV,0.5,REV,0.5,0.0,1,1,1
C_double,S-REV,synthetic_ladder,7,0,1,32,REV,0.5,REV,0.5,0.0,1,1,1
C_double,S-REV,synthetic_ladder,7,0,1,64,REV,0.5,REV,0.5,0.0,1,1,1
C_double,S-AEX,synthetic_ladder,7,0,1,4,AEX,0.75,AEX,0.75,0.0,1,1,1
C_double,S-AEX,synthetic_ladder,7,0,1,8,AEX,0.75,AEX,0.75,0.0,1,1,1
C_double,S-AEX,synthetic_ladder,7,0,1,16,AEX,0.75,AEX,0.75,0.0,1,1,1
C_double,S-AEX,synthetic_ladder,7,0,1,32,AEX,0.75,AEX,0.75,0.0,1,1,1
C_double,S-AEX,synthetic_ladder,7,0,1,64,AEX,0.75,AEX,0.75,0.0,1,1,1
C_double,S-ALR,synthetic_ladder,7,0,1,4,ALR,1.0,ALR,1.0,0.0,1,1,1
C_double,S-ALR,synthetic_ladder,7,0,1,8,ALR,1.0,ALR,1.0,0.0,1,1,1
C_double,S-ALR,synthetic_ladder,7,0,1,16,ALR,1.0,ALR,1.0,0.0,1,1,1
C_double,S-ALR,synthetic_ladder,7,0,1,32,ALR,1.0,ALR,1.0,0.0,1,1,1
C_double,S-ALR,synthetic_ladder,7,0,1,64,ALR,1.0,ALR,1.0,0.0,1,1,1
C_double,W-currency,active_witness,7,0,1,4,ALR,1.0,ALR,1.0,0.0,1,1,1
C_double,W-currency,active_witness,7,0,1,8,ALR,1.0,ALR,1.0,0.0,1,1,1
C_double,W-currency,active_witness,7,0,1,16,ALR,1.0,ALR,1.0,0.0,1,1,1
C_double,W-currency,active_witness,7,0,1,32,ALR,1.0,ALR,1.0,0.0,1,1,1
C_double,W-currency,active_witness,7,0,1,64,ALR,1.0,ALR,1.0,0.0,1,1,1
C_double,W-deployment,active_witness,7,0,1,4,ALR,1.0,ALR,1.0,0.0,1,1,1
C_double,W-deployment,active_witness,7,0,1,8,ALR,1.0,ALR,1.0,0.0,1,1,1
C_double,W-deployment,active_witness,7,0,1,16,ALR,1.0,ALR,1.0,0.0,1,1,1
C_double,W-deployment,active_witness,7,0,1,32,ALR,1.0,ALR,1.0,0.0,1,1,1
C_double,W-deployment,active_witness,7,0,1,64,ALR,1.0,ALR,1.0,0.0,1,1,1
C_double,W-population,active_witness,7,0,1,4,ALR,1.0,ALR,1.0,0.0,1,1,1
C_double,W-population,active_witness,7,0,1,8,ALR,1.0,ALR,1.0,0.0,1,1,1
C_double,W-population,active_witness,7,0,1,16,ALR,1.0,ALR,1.0,0.0,1,1,1
C_double,W-population,active_witness,7,0,1,32,ALR,1.0,ALR,1.0,0.0,1,1,1
C_double,W-population,active_witness,7,0,1,64,ALR,1.0,ALR,1.0,0.0,1,1,1
C_double,W-clinical,active_witness,7,0,1,4,ALR,1.0,ALR,1.0,0.0,1,1,1
C_double,W-clinical,active_witness,7,0,1,8,ALR,1.0,ALR,1.0,0.0,1,1,1
C_double,W-clinical,active_witness,7,0,1,16,ALR,1.0,ALR,1.0,0.0,1,1,1
C_double,W-clinical,active_witness,7,0,1,32,ALR,1.0,ALR,1.0,0.0,1,1,1
C_double,W-clinical,active_witness,7,0,1,64,ALR,1.0,ALR,1.0,0.0,1,1,1
D_terminal,M01,induction,0,4,1,4,REV,0.5,AEX,0.75,0.25,1,1,1
D_terminal,M01,induction,0,4,1,8,REV,0.5,AEX,0.75,0.25,1,1,1
D_terminal,M01,induction,0,4,1,16,REV,0.5,AEX,0.75,0.25,1,1,1
D_terminal,M01,induction,0,4,1,32,REV,0.5,AEX,0.75,0.25,1,1,1
D_terminal,M01,induction,0,4,1,64,REV,0.5,AEX,0.75,0.25,1,1,1
D_terminal,M02,induction,0,4,1,4,REV,0.5,AEX,0.75,0.25,1,1,1
D_terminal,M02,induction,0,4,1,8,REV,0.5,AEX,0.75,0.25,1,1,1
D_terminal,M02,induction,0,4,1,16,REV,0.5,AEX,0.75,0.25,1,1,1
D_terminal,M02,induction,0,4,1,32,REV,0.5,AEX,0.75,0.25,1,1,1
D_terminal,M02,induction,0,4,1,64,REV,0.5,AEX,0.75,0.25,1,1,1
D_terminal,M03,induction,0,4,1,4,REV,0.5,AEX,0.75,0.25,1,1,1
D_terminal,M03,induction,0,4,1,8,REV,0.5,AEX,0.75,0.25,1,1,1
D_terminal,M03,induction,0,4,1,16,REV,0.5,AEX,0.75,0.25,1,1,1
D_terminal,M03,induction,0,4,1,32,REV,0.5,AEX,0.75,0.25,1,1,1
D_terminal,M03,induction,0,4,1,64,REV,0.5,AEX,0.75,0.25,1,1,1
D_terminal,M04,induction,0,4,1,4,REV,0.5,AEX,0.75,0.25,1,1,1
D_terminal,M04,induction,0,4,1,8,REV,0.5,AEX,0.75,0.25,1,1,1
D_terminal,M04,induction,0,4,1,16,REV,0.5,AEX,0.75,0.25,1,1,1
D_terminal,M04,induction,0,4,1,32,REV,0.5,AEX,0.75,0.25,1,1,1
D_terminal,M04,induction,0,4,1,64,REV,0.5,AEX,0.75,0.25,1,1,1
D_terminal,M05,induction,0,4,1,4,REV,0.5,AEX,0.75,0.25,1,1,1
D_terminal,M05,induction,0,4,1,8,REV,0.5,AEX,0.75,0.25,1,1,1
D_terminal,M05,induction,0,4,1,16,REV,0.5,AEX,0.75,0.25,1,1,1
D_terminal,M05,induction,0,4,1,32,REV,0.5,AEX,0.75,0.25,1,1,1
D_terminal,M05,induction,0,4,1,64,REV,0.5,AEX,0.75,0.25,1,1,1
D_terminal,M06,induction,0,4,1,4,REV,0.5,AEX,0.75,0.25,1,1,1
D_terminal,M06,induction,0,4,1,8,REV,0.5,AEX,0.75,0.25,1,1,1
D_terminal,M06,induction,0,4,1,16,REV,0.5,AEX,0.75,0.25,1,1,1
D_terminal,M06,induction,0,4,1,32,REV,0.5,AEX,0.75,0.25,1,1,1
D_terminal,M06,induction,0,4,1,64,REV,0.5,AEX,0.75,0.25,1,1,1
D_terminal,M07,induction,0,4,1,4,REV,0.5,AEX,0.75,0.25,1,1,1
D_terminal,M07,induction,0,4,1,8,REV,0.5,AEX,0.75,0.25,1,1,1
D_terminal,M07,induction,0,4,1,16,REV,0.5,AEX,0.75,0.25,1,1,1
D_terminal,M07,induction,0,4,1,32,REV,0.5,AEX,0.75,0.25,1,1,1
D_terminal,M07,induction,0,4,1,64,REV,0.5,AEX,0.75,0.25,1,1,1
D_terminal,H01,held_out,0,4,1,4,REV,0.5,AEX,0.75,0.25,1,1,1
D_terminal,H01,held_out,0,4,1,8,REV,0.5,AEX,0.75,0.25,1,1,1
D_terminal,H01,held_out,0,4,1,16,REV,0.5,AEX,0.75,0.25,1,1,1
D_terminal,H01,held_out,0,4,1,32,REV,0.5,AEX,0.75,0.25,1,1,1
D_terminal,H01,held_out,0,4,1,64,REV,0.5,AEX,0.75,0.25,1,1,1
D_terminal,H02,held_out,0,4,1,4,REV,0.5,REV,0.5,0.0,1,1,1
D_terminal,H02,held_out,0,4,1,8,REV,0.5,REV,0.5,0.0,1,1,1
D_terminal,H02,held_out,0,4,1,16,REV,0.5,REV,0.5,0.0,1,1,1
D_terminal,H02,held_out,0,4,1,32,REV,0.5,REV,0.5,0.0,1,1,1
D_terminal,H02,held_out,0,4,1,64,REV,0.5,REV,0.5,0.0,1,1,1
D_terminal,H03,held_out,0,4,1,4,DIA,0.25,DIA,0.25,0.0,1,1,1
D_terminal,H03,held_out,0,4,1,8,DIA,0.25,DIA,0.25,0.0,1,1,1
D_terminal,H03,held_out,0,4,1,16,DIA,0.25,DIA,0.25,0.0,1,1,1
D_terminal,H03,held_out,0,4,1,32,DIA,0.25,DIA,0.25,0.0,1,1,1
D_terminal,H03,held_out,0,4,1,64,DIA,0.25,DIA,0.25,0.0,1,1,1
D_terminal,H04,held_out,0,4,1,4,REV,0.5,AEX,0.75,0.25,1,1,1
D_terminal,H04,held_out,0,4,1,8,REV,0.5,AEX,0.75,0.25,1,1,1
D_terminal,H04,held_out,0,4,1,16,REV,0.5,AEX,0.75,0.25,1,1,1
D_terminal,H04,held_out,0,4,1,32,REV,0.5,AEX,0.75,0.25,1,1,1
D_terminal,H04,held_out,0,4,1,64,REV,0.5,AEX,0.75,0.25,1,1,1
D_terminal,H05,held_out,0,4,1,4,REV,0.5,AEX,0.75,0.25,1,1,1
D_terminal,H05,held_out,0,4,1,8,REV,0.5,AEX,0.75,0.25,1,1,1
D_terminal,H05,held_out,0,4,1,16,REV,0.5,AEX,0.75,0.25,1,1,1
D_terminal,H05,held_out,0,4,1,32,REV,0.5,AEX,0.75,0.25,1,1,1
D_terminal,H05,held_out,0,4,1,64,REV,0.5,AEX,0.75,0.25,1,1,1
D_terminal,S-REF,synthetic_ladder,0,4,1,4,REF,0.0,REF,0.0,0.0,1,1,1
D_terminal,S-REF,synthetic_ladder,0,4,1,8,REF,0.0,REF,0.0,0.0,1,1,1
D_terminal,S-REF,synthetic_ladder,0,4,1,16,REF,0.0,REF,0.0,0.0,1,1,1
D_terminal,S-REF,synthetic_ladder,0,4,1,32,REF,0.0,REF,0.0,0.0,1,1,1
D_terminal,S-REF,synthetic_ladder,0,4,1,64,REF,0.0,REF,0.0,0.0,1,1,1
D_terminal,S-DIA,synthetic_ladder,0,4,1,4,DIA,0.25,DIA,0.25,0.0,1,1,1
D_terminal,S-DIA,synthetic_ladder,0,4,1,8,DIA,0.25,DIA,0.25,0.0,1,1,1
D_terminal,S-DIA,synthetic_ladder,0,4,1,16,DIA,0.25,DIA,0.25,0.0,1,1,1
D_terminal,S-DIA,synthetic_ladder,0,4,1,32,DIA,0.25,DIA,0.25,0.0,1,1,1
D_terminal,S-DIA,synthetic_ladder,0,4,1,64,DIA,0.25,DIA,0.25,0.0,1,1,1
D_terminal,S-REV,synthetic_ladder,0,4,1,4,REV,0.5,REV,0.5,0.0,1,1,1
D_terminal,S-REV,synthetic_ladder,0,4,1,8,REV,0.5,REV,0.5,0.0,1,1,1
D_terminal,S-REV,synthetic_ladder,0,4,1,16,REV,0.5,REV,0.5,0.0,1,1,1
D_terminal,S-REV,synthetic_ladder,0,4,1,32,REV,0.5,REV,0.5,0.0,1,1,1
D_terminal,S-REV,synthetic_ladder,0,4,1,64,REV,0.5,REV,0.5,0.0,1,1,1
D_terminal,S-AEX,synthetic_ladder,0,4,1,4,AEX,0.75,AEX,0.75,0.0,1,1,1
D_terminal,S-AEX,synthetic_ladder,0,4,1,8,AEX,0.75,AEX,0.75,0.0,1,1,1
D_terminal,S-AEX,synthetic_ladder,0,4,1,16,AEX,0.75,AEX,0.75,0.0,1,1,1
D_terminal,S-AEX,synthetic_ladder,0,4,1,32,AEX,0.75,AEX,0.75,0.0,1,1,1
D_terminal,S-AEX,synthetic_ladder,0,4,1,64,AEX,0.75,AEX,0.75,0.0,1,1,1
D_terminal,S-ALR,synthetic_ladder,0,4,1,4,ALR,1.0,ALR,1.0,0.0,1,1,1
D_terminal,S-ALR,synthetic_ladder,0,4,1,8,ALR,1.0,ALR,1.0,0.0,1,1,1
D_terminal,S-ALR,synthetic_ladder,0,4,1,16,ALR,1.0,ALR,1.0,0.0,1,1,1
D_terminal,S-ALR,synthetic_ladder,0,4,1,32,ALR,1.0,ALR,1.0,0.0,1,1,1
D_terminal,S-ALR,synthetic_ladder,0,4,1,64,ALR,1.0,ALR,1.0,0.0,1,1,1
D_terminal,W-currency,active_witness,0,4,1,4,AEX,0.75,ALR,1.0,0.25,1,1,1
D_terminal,W-currency,active_witness,0,4,1,8,AEX,0.75,ALR,1.0,0.25,1,1,1
D_terminal,W-currency,active_witness,0,4,1,16,AEX,0.75,ALR,1.0,0.25,1,1,1
D_terminal,W-currency,active_witness,0,4,1,32,AEX,0.75,ALR,1.0,0.25,1,1,1
D_terminal,W-currency,active_witness,0,4,1,64,AEX,0.75,ALR,1.0,0.25,1,1,1
D_terminal,W-deployment,active_witness,0,4,1,4,AEX,0.75,ALR,1.0,0.25,1,1,1
D_terminal,W-deployment,active_witness,0,4,1,8,AEX,0.75,ALR,1.0,0.25,1,1,1
D_terminal,W-deployment,active_witness,0,4,1,16,AEX,0.75,ALR,1.0,0.25,1,1,1
D_terminal,W-deployment,active_witness,0,4,1,32,AEX,0.75,ALR,1.0,0.25,1,1,1
D_terminal,W-deployment,active_witness,0,4,1,64,AEX,0.75,ALR,1.0,0.25,1,1,1
D_terminal,W-population,active_witness,0,4,1,4,AEX,0.75,ALR,1.0,0.25,1,1,1
D_terminal,W-population,active_witness,0,4,1,8,AEX,0.75,ALR,1.0,0.25,1,1,1
D_terminal,W-population,active_witness,0,4,1,16,AEX,0.75,ALR,1.0,0.25,1,1,1
D_terminal,W-population,active_witness,0,4,1,32,AEX,0.75,ALR,1.0,0.25,1,1,1
D_terminal,W-population,active_witness,0,4,1,64,AEX,0.75,ALR,1.0,0.25,1,1,1
D_terminal,W-clinical,active_witness,0,4,1,4,AEX,0.75,ALR,1.0,0.25,1,1,1
D_terminal,W-clinical,active_witness,0,4,1,8,AEX,0.75,ALR,1.0,0.25,1,1,1
D_terminal,W-clinical,active_witness,0,4,1,16,AEX,0.75,ALR,1.0,0.25,1,1,1
D_terminal,W-clinical,active_witness,0,4,1,32,AEX,0.75,ALR,1.0,0.25,1,1,1
D_terminal,W-clinical,active_witness,0,4,1,64,AEX,0.75,ALR,1.0,0.25,1,1,1
D_terminal,M01,induction,1,3,1,4,AEX,0.75,AEX,0.75,0.0,1,1,1
D_terminal,M01,induction,1,3,1,8,AEX,0.75,AEX,0.75,0.0,1,1,1
D_terminal,M01,induction,1,3,1,16,AEX,0.75,AEX,0.75,0.0,1,1,1
D_terminal,M01,induction,1,3,1,32,AEX,0.75,AEX,0.75,0.0,1,1,1
D_terminal,M01,induction,1,3,1,64,AEX,0.75,AEX,0.75,0.0,1,1,1
D_terminal,M02,induction,1,3,1,4,AEX,0.75,AEX,0.75,0.0,1,1,1
D_terminal,M02,induction,1,3,1,8,AEX,0.75,AEX,0.75,0.0,1,1,1
D_terminal,M02,induction,1,3,1,16,AEX,0.75,AEX,0.75,0.0,1,1,1
D_terminal,M02,induction,1,3,1,32,AEX,0.75,AEX,0.75,0.0,1,1,1
D_terminal,M02,induction,1,3,1,64,AEX,0.75,AEX,0.75,0.0,1,1,1
D_terminal,M03,induction,1,3,1,4,AEX,0.75,AEX,0.75,0.0,1,1,1
D_terminal,M03,induction,1,3,1,8,AEX,0.75,AEX,0.75,0.0,1,1,1
D_terminal,M03,induction,1,3,1,16,AEX,0.75,AEX,0.75,0.0,1,1,1
D_terminal,M03,induction,1,3,1,32,AEX,0.75,AEX,0.75,0.0,1,1,1
D_terminal,M03,induction,1,3,1,64,AEX,0.75,AEX,0.75,0.0,1,1,1
D_terminal,M04,induction,1,3,1,4,AEX,0.75,AEX,0.75,0.0,1,1,1
D_terminal,M04,induction,1,3,1,8,AEX,0.75,AEX,0.75,0.0,1,1,1
D_terminal,M04,induction,1,3,1,16,AEX,0.75,AEX,0.75,0.0,1,1,1
D_terminal,M04,induction,1,3,1,32,AEX,0.75,AEX,0.75,0.0,1,1,1
D_terminal,M04,induction,1,3,1,64,AEX,0.75,AEX,0.75,0.0,1,1,1
D_terminal,M05,induction,1,3,1,4,AEX,0.75,AEX,0.75,0.0,1,1,1
D_terminal,M05,induction,1,3,1,8,AEX,0.75,AEX,0.75,0.0,1,1,1
D_terminal,M05,induction,1,3,1,16,AEX,0.75,AEX,0.75,0.0,1,1,1
D_terminal,M05,induction,1,3,1,32,AEX,0.75,AEX,0.75,0.0,1,1,1
D_terminal,M05,induction,1,3,1,64,AEX,0.75,AEX,0.75,0.0,1,1,1
D_terminal,M06,induction,1,3,1,4,AEX,0.75,AEX,0.75,0.0,1,1,1
D_terminal,M06,induction,1,3,1,8,AEX,0.75,AEX,0.75,0.0,1,1,1
D_terminal,M06,induction,1,3,1,16,AEX,0.75,AEX,0.75,0.0,1,1,1
D_terminal,M06,induction,1,3,1,32,AEX,0.75,AEX,0.75,0.0,1,1,1
D_terminal,M06,induction,1,3,1,64,AEX,0.75,AEX,0.75,0.0,1,1,1
D_terminal,M07,induction,1,3,1,4,AEX,0.75,AEX,0.75,0.0,1,1,1
D_terminal,M07,induction,1,3,1,8,AEX,0.75,AEX,0.75,0.0,1,1,1
D_terminal,M07,induction,1,3,1,16,AEX,0.75,AEX,0.75,0.0,1,1,1
D_terminal,M07,induction,1,3,1,32,AEX,0.75,AEX,0.75,0.0,1,1,1
D_terminal,M07,induction,1,3,1,64,AEX,0.75,AEX,0.75,0.0,1,1,1
D_terminal,H01,held_out,1,3,1,4,AEX,0.75,AEX,0.75,0.0,1,1,1
D_terminal,H01,held_out,1,3,1,8,AEX,0.75,AEX,0.75,0.0,1,1,1
D_terminal,H01,held_out,1,3,1,16,AEX,0.75,AEX,0.75,0.0,1,1,1
D_terminal,H01,held_out,1,3,1,32,AEX,0.75,AEX,0.75,0.0,1,1,1
D_terminal,H01,held_out,1,3,1,64,AEX,0.75,AEX,0.75,0.0,1,1,1
D_terminal,H02,held_out,1,3,1,4,REV,0.5,REV,0.5,0.0,1,1,1
D_terminal,H02,held_out,1,3,1,8,REV,0.5,REV,0.5,0.0,1,1,1
D_terminal,H02,held_out,1,3,1,16,REV,0.5,REV,0.5,0.0,1,1,1
D_terminal,H02,held_out,1,3,1,32,REV,0.5,REV,0.5,0.0,1,1,1
D_terminal,H02,held_out,1,3,1,64,REV,0.5,REV,0.5,0.0,1,1,1
D_terminal,H03,held_out,1,3,1,4,DIA,0.25,DIA,0.25,0.0,1,1,1
D_terminal,H03,held_out,1,3,1,8,DIA,0.25,DIA,0.25,0.0,1,1,1
D_terminal,H03,held_out,1,3,1,16,DIA,0.25,DIA,0.25,0.0,1,1,1
D_terminal,H03,held_out,1,3,1,32,DIA,0.25,DIA,0.25,0.0,1,1,1
D_terminal,H03,held_out,1,3,1,64,DIA,0.25,DIA,0.25,0.0,1,1,1
D_terminal,H04,held_out,1,3,1,4,AEX,0.75,AEX,0.75,0.0,1,1,1
D_terminal,H04,held_out,1,3,1,8,AEX,0.75,AEX,0.75,0.0,1,1,1
D_terminal,H04,held_out,1,3,1,16,AEX,0.75,AEX,0.75,0.0,1,1,1
D_terminal,H04,held_out,1,3,1,32,AEX,0.75,AEX,0.75,0.0,1,1,1
D_terminal,H04,held_out,1,3,1,64,AEX,0.75,AEX,0.75,0.0,1,1,1
D_terminal,H05,held_out,1,3,1,4,AEX,0.75,AEX,0.75,0.0,1,1,1
D_terminal,H05,held_out,1,3,1,8,AEX,0.75,AEX,0.75,0.0,1,1,1
D_terminal,H05,held_out,1,3,1,16,AEX,0.75,AEX,0.75,0.0,1,1,1
D_terminal,H05,held_out,1,3,1,32,AEX,0.75,AEX,0.75,0.0,1,1,1
D_terminal,H05,held_out,1,3,1,64,AEX,0.75,AEX,0.75,0.0,1,1,1
D_terminal,S-REF,synthetic_ladder,1,3,1,4,REF,0.0,REF,0.0,0.0,1,1,1
D_terminal,S-REF,synthetic_ladder,1,3,1,8,REF,0.0,REF,0.0,0.0,1,1,1
D_terminal,S-REF,synthetic_ladder,1,3,1,16,REF,0.0,REF,0.0,0.0,1,1,1
D_terminal,S-REF,synthetic_ladder,1,3,1,32,REF,0.0,REF,0.0,0.0,1,1,1
D_terminal,S-REF,synthetic_ladder,1,3,1,64,REF,0.0,REF,0.0,0.0,1,1,1
D_terminal,S-DIA,synthetic_ladder,1,3,1,4,DIA,0.25,DIA,0.25,0.0,1,1,1
D_terminal,S-DIA,synthetic_ladder,1,3,1,8,DIA,0.25,DIA,0.25,0.0,1,1,1
D_terminal,S-DIA,synthetic_ladder,1,3,1,16,DIA,0.25,DIA,0.25,0.0,1,1,1
D_terminal,S-DIA,synthetic_ladder,1,3,1,32,DIA,0.25,DIA,0.25,0.0,1,1,1
D_terminal,S-DIA,synthetic_ladder,1,3,1,64,DIA,0.25,DIA,0.25,0.0,1,1,1
D_terminal,S-REV,synthetic_ladder,1,3,1,4,REV,0.5,REV,0.5,0.0,1,1,1
D_terminal,S-REV,synthetic_ladder,1,3,1,8,REV,0.5,REV,0.5,0.0,1,1,1
D_terminal,S-REV,synthetic_ladder,1,3,1,16,REV,0.5,REV,0.5,0.0,1,1,1
D_terminal,S-REV,synthetic_ladder,1,3,1,32,REV,0.5,REV,0.5,0.0,1,1,1
D_terminal,S-REV,synthetic_ladder,1,3,1,64,REV,0.5,REV,0.5,0.0,1,1,1
D_terminal,S-AEX,synthetic_ladder,1,3,1,4,AEX,0.75,AEX,0.75,0.0,1,1,1
D_terminal,S-AEX,synthetic_ladder,1,3,1,8,AEX,0.75,AEX,0.75,0.0,1,1,1
D_terminal,S-AEX,synthetic_ladder,1,3,1,16,AEX,0.75,AEX,0.75,0.0,1,1,1
D_terminal,S-AEX,synthetic_ladder,1,3,1,32,AEX,0.75,AEX,0.75,0.0,1,1,1
D_terminal,S-AEX,synthetic_ladder,1,3,1,64,AEX,0.75,AEX,0.75,0.0,1,1,1
D_terminal,S-ALR,synthetic_ladder,1,3,1,4,ALR,1.0,ALR,1.0,0.0,1,1,1
D_terminal,S-ALR,synthetic_ladder,1,3,1,8,ALR,1.0,ALR,1.0,0.0,1,1,1
D_terminal,S-ALR,synthetic_ladder,1,3,1,16,ALR,1.0,ALR,1.0,0.0,1,1,1
D_terminal,S-ALR,synthetic_ladder,1,3,1,32,ALR,1.0,ALR,1.0,0.0,1,1,1
D_terminal,S-ALR,synthetic_ladder,1,3,1,64,ALR,1.0,ALR,1.0,0.0,1,1,1
D_terminal,W-currency,active_witness,1,3,1,4,ALR,1.0,ALR,1.0,0.0,1,1,1
D_terminal,W-currency,active_witness,1,3,1,8,ALR,1.0,ALR,1.0,0.0,1,1,1
D_terminal,W-currency,active_witness,1,3,1,16,ALR,1.0,ALR,1.0,0.0,1,1,1
D_terminal,W-currency,active_witness,1,3,1,32,ALR,1.0,ALR,1.0,0.0,1,1,1
D_terminal,W-currency,active_witness,1,3,1,64,ALR,1.0,ALR,1.0,0.0,1,1,1
D_terminal,W-deployment,active_witness,1,3,1,4,AEX,0.75,ALR,1.0,0.25,1,1,1
D_terminal,W-deployment,active_witness,1,3,1,8,AEX,0.75,ALR,1.0,0.25,1,1,1
D_terminal,W-deployment,active_witness,1,3,1,16,AEX,0.75,ALR,1.0,0.25,1,1,1
D_terminal,W-deployment,active_witness,1,3,1,32,AEX,0.75,ALR,1.0,0.25,1,1,1
D_terminal,W-deployment,active_witness,1,3,1,64,AEX,0.75,ALR,1.0,0.25,1,1,1
D_terminal,W-population,active_witness,1,3,1,4,AEX,0.75,ALR,1.0,0.25,1,1,1
D_terminal,W-population,active_witness,1,3,1,8,AEX,0.75,ALR,1.0,0.25,1,1,1
D_terminal,W-population,active_witness,1,3,1,16,AEX,0.75,ALR,1.0,0.25,1,1,1
D_terminal,W-population,active_witness,1,3,1,32,AEX,0.75,ALR,1.0,0.25,1,1,1
D_terminal,W-population,active_witness,1,3,1,64,AEX,0.75,ALR,1.0,0.25,1,1,1
D_terminal,W-clinical,active_witness,1,3,1,4,AEX,0.75,ALR,1.0,0.25,1,1,1
D_terminal,W-clinical,active_witness,1,3,1,8,AEX,0.75,ALR,1.0,0.25,1,1,1
D_terminal,W-clinical,active_witness,1,3,1,16,AEX,0.75,ALR,1.0,0.25,1,1,1
D_terminal,W-clinical,active_witness,1,3,1,32,AEX,0.75,ALR,1.0,0.25,1,1,1
D_terminal,W-clinical,active_witness,1,3,1,64,AEX,0.75,ALR,1.0,0.25,1,1,1
D_terminal,M01,induction,2,2,1,4,AEX,0.75,AEX,0.75,0.0,1,1,1
D_terminal,M01,induction,2,2,1,8,AEX,0.75,AEX,0.75,0.0,1,1,1
D_terminal,M01,induction,2,2,1,16,AEX,0.75,AEX,0.75,0.0,1,1,1
D_terminal,M01,induction,2,2,1,32,AEX,0.75,AEX,0.75,0.0,1,1,1
D_terminal,M01,induction,2,2,1,64,AEX,0.75,AEX,0.75,0.0,1,1,1
D_terminal,M02,induction,2,2,1,4,AEX,0.75,AEX,0.75,0.0,1,1,1
D_terminal,M02,induction,2,2,1,8,AEX,0.75,AEX,0.75,0.0,1,1,1
D_terminal,M02,induction,2,2,1,16,AEX,0.75,AEX,0.75,0.0,1,1,1
D_terminal,M02,induction,2,2,1,32,AEX,0.75,AEX,0.75,0.0,1,1,1
D_terminal,M02,induction,2,2,1,64,AEX,0.75,AEX,0.75,0.0,1,1,1
D_terminal,M03,induction,2,2,1,4,AEX,0.75,AEX,0.75,0.0,1,1,1
D_terminal,M03,induction,2,2,1,8,AEX,0.75,AEX,0.75,0.0,1,1,1
D_terminal,M03,induction,2,2,1,16,AEX,0.75,AEX,0.75,0.0,1,1,1
D_terminal,M03,induction,2,2,1,32,AEX,0.75,AEX,0.75,0.0,1,1,1
D_terminal,M03,induction,2,2,1,64,AEX,0.75,AEX,0.75,0.0,1,1,1
D_terminal,M04,induction,2,2,1,4,AEX,0.75,AEX,0.75,0.0,1,1,1
D_terminal,M04,induction,2,2,1,8,AEX,0.75,AEX,0.75,0.0,1,1,1
D_terminal,M04,induction,2,2,1,16,AEX,0.75,AEX,0.75,0.0,1,1,1
D_terminal,M04,induction,2,2,1,32,AEX,0.75,AEX,0.75,0.0,1,1,1
D_terminal,M04,induction,2,2,1,64,AEX,0.75,AEX,0.75,0.0,1,1,1
D_terminal,M05,induction,2,2,1,4,AEX,0.75,AEX,0.75,0.0,1,1,1
D_terminal,M05,induction,2,2,1,8,AEX,0.75,AEX,0.75,0.0,1,1,1
D_terminal,M05,induction,2,2,1,16,AEX,0.75,AEX,0.75,0.0,1,1,1
D_terminal,M05,induction,2,2,1,32,AEX,0.75,AEX,0.75,0.0,1,1,1
D_terminal,M05,induction,2,2,1,64,AEX,0.75,AEX,0.75,0.0,1,1,1
D_terminal,M06,induction,2,2,1,4,AEX,0.75,AEX,0.75,0.0,1,1,1
D_terminal,M06,induction,2,2,1,8,AEX,0.75,AEX,0.75,0.0,1,1,1
D_terminal,M06,induction,2,2,1,16,AEX,0.75,AEX,0.75,0.0,1,1,1
D_terminal,M06,induction,2,2,1,32,AEX,0.75,AEX,0.75,0.0,1,1,1
D_terminal,M06,induction,2,2,1,64,AEX,0.75,AEX,0.75,0.0,1,1,1
D_terminal,M07,induction,2,2,1,4,AEX,0.75,AEX,0.75,0.0,1,1,1
D_terminal,M07,induction,2,2,1,8,AEX,0.75,AEX,0.75,0.0,1,1,1
D_terminal,M07,induction,2,2,1,16,AEX,0.75,AEX,0.75,0.0,1,1,1
D_terminal,M07,induction,2,2,1,32,AEX,0.75,AEX,0.75,0.0,1,1,1
D_terminal,M07,induction,2,2,1,64,AEX,0.75,AEX,0.75,0.0,1,1,1
D_terminal,H01,held_out,2,2,1,4,AEX,0.75,AEX,0.75,0.0,1,1,1
D_terminal,H01,held_out,2,2,1,8,AEX,0.75,AEX,0.75,0.0,1,1,1
D_terminal,H01,held_out,2,2,1,16,AEX,0.75,AEX,0.75,0.0,1,1,1
D_terminal,H01,held_out,2,2,1,32,AEX,0.75,AEX,0.75,0.0,1,1,1
D_terminal,H01,held_out,2,2,1,64,AEX,0.75,AEX,0.75,0.0,1,1,1
D_terminal,H02,held_out,2,2,1,4,REV,0.5,REV,0.5,0.0,1,1,1
D_terminal,H02,held_out,2,2,1,8,REV,0.5,REV,0.5,0.0,1,1,1
D_terminal,H02,held_out,2,2,1,16,REV,0.5,REV,0.5,0.0,1,1,1
D_terminal,H02,held_out,2,2,1,32,REV,0.5,REV,0.5,0.0,1,1,1
D_terminal,H02,held_out,2,2,1,64,REV,0.5,REV,0.5,0.0,1,1,1
D_terminal,H03,held_out,2,2,1,4,DIA,0.25,DIA,0.25,0.0,1,1,1
D_terminal,H03,held_out,2,2,1,8,DIA,0.25,DIA,0.25,0.0,1,1,1
D_terminal,H03,held_out,2,2,1,16,DIA,0.25,DIA,0.25,0.0,1,1,1
D_terminal,H03,held_out,2,2,1,32,DIA,0.25,DIA,0.25,0.0,1,1,1
D_terminal,H03,held_out,2,2,1,64,DIA,0.25,DIA,0.25,0.0,1,1,1
D_terminal,H04,held_out,2,2,1,4,AEX,0.75,AEX,0.75,0.0,1,1,1
D_terminal,H04,held_out,2,2,1,8,AEX,0.75,AEX,0.75,0.0,1,1,1
D_terminal,H04,held_out,2,2,1,16,AEX,0.75,AEX,0.75,0.0,1,1,1
D_terminal,H04,held_out,2,2,1,32,AEX,0.75,AEX,0.75,0.0,1,1,1
D_terminal,H04,held_out,2,2,1,64,AEX,0.75,AEX,0.75,0.0,1,1,1
D_terminal,H05,held_out,2,2,1,4,AEX,0.75,AEX,0.75,0.0,1,1,1
D_terminal,H05,held_out,2,2,1,8,AEX,0.75,AEX,0.75,0.0,1,1,1
D_terminal,H05,held_out,2,2,1,16,AEX,0.75,AEX,0.75,0.0,1,1,1
D_terminal,H05,held_out,2,2,1,32,AEX,0.75,AEX,0.75,0.0,1,1,1
D_terminal,H05,held_out,2,2,1,64,AEX,0.75,AEX,0.75,0.0,1,1,1
D_terminal,S-REF,synthetic_ladder,2,2,1,4,REF,0.0,REF,0.0,0.0,1,1,1
D_terminal,S-REF,synthetic_ladder,2,2,1,8,REF,0.0,REF,0.0,0.0,1,1,1
D_terminal,S-REF,synthetic_ladder,2,2,1,16,REF,0.0,REF,0.0,0.0,1,1,1
D_terminal,S-REF,synthetic_ladder,2,2,1,32,REF,0.0,REF,0.0,0.0,1,1,1
D_terminal,S-REF,synthetic_ladder,2,2,1,64,REF,0.0,REF,0.0,0.0,1,1,1
D_terminal,S-DIA,synthetic_ladder,2,2,1,4,DIA,0.25,DIA,0.25,0.0,1,1,1
D_terminal,S-DIA,synthetic_ladder,2,2,1,8,DIA,0.25,DIA,0.25,0.0,1,1,1
D_terminal,S-DIA,synthetic_ladder,2,2,1,16,DIA,0.25,DIA,0.25,0.0,1,1,1
D_terminal,S-DIA,synthetic_ladder,2,2,1,32,DIA,0.25,DIA,0.25,0.0,1,1,1
D_terminal,S-DIA,synthetic_ladder,2,2,1,64,DIA,0.25,DIA,0.25,0.0,1,1,1
D_terminal,S-REV,synthetic_ladder,2,2,1,4,REV,0.5,REV,0.5,0.0,1,1,1
D_terminal,S-REV,synthetic_ladder,2,2,1,8,REV,0.5,REV,0.5,0.0,1,1,1
D_terminal,S-REV,synthetic_ladder,2,2,1,16,REV,0.5,REV,0.5,0.0,1,1,1
D_terminal,S-REV,synthetic_ladder,2,2,1,32,REV,0.5,REV,0.5,0.0,1,1,1
D_terminal,S-REV,synthetic_ladder,2,2,1,64,REV,0.5,REV,0.5,0.0,1,1,1
D_terminal,S-AEX,synthetic_ladder,2,2,1,4,AEX,0.75,AEX,0.75,0.0,1,1,1
D_terminal,S-AEX,synthetic_ladder,2,2,1,8,AEX,0.75,AEX,0.75,0.0,1,1,1
D_terminal,S-AEX,synthetic_ladder,2,2,1,16,AEX,0.75,AEX,0.75,0.0,1,1,1
D_terminal,S-AEX,synthetic_ladder,2,2,1,32,AEX,0.75,AEX,0.75,0.0,1,1,1
D_terminal,S-AEX,synthetic_ladder,2,2,1,64,AEX,0.75,AEX,0.75,0.0,1,1,1
D_terminal,S-ALR,synthetic_ladder,2,2,1,4,ALR,1.0,ALR,1.0,0.0,1,1,1
D_terminal,S-ALR,synthetic_ladder,2,2,1,8,ALR,1.0,ALR,1.0,0.0,1,1,1
D_terminal,S-ALR,synthetic_ladder,2,2,1,16,ALR,1.0,ALR,1.0,0.0,1,1,1
D_terminal,S-ALR,synthetic_ladder,2,2,1,32,ALR,1.0,ALR,1.0,0.0,1,1,1
D_terminal,S-ALR,synthetic_ladder,2,2,1,64,ALR,1.0,ALR,1.0,0.0,1,1,1
D_terminal,W-currency,active_witness,2,2,1,4,ALR,1.0,ALR,1.0,0.0,1,1,1
D_terminal,W-currency,active_witness,2,2,1,8,ALR,1.0,ALR,1.0,0.0,1,1,1
D_terminal,W-currency,active_witness,2,2,1,16,ALR,1.0,ALR,1.0,0.0,1,1,1
D_terminal,W-currency,active_witness,2,2,1,32,ALR,1.0,ALR,1.0,0.0,1,1,1
D_terminal,W-currency,active_witness,2,2,1,64,ALR,1.0,ALR,1.0,0.0,1,1,1
D_terminal,W-deployment,active_witness,2,2,1,4,ALR,1.0,ALR,1.0,0.0,1,1,1
D_terminal,W-deployment,active_witness,2,2,1,8,ALR,1.0,ALR,1.0,0.0,1,1,1
D_terminal,W-deployment,active_witness,2,2,1,16,ALR,1.0,ALR,1.0,0.0,1,1,1
D_terminal,W-deployment,active_witness,2,2,1,32,ALR,1.0,ALR,1.0,0.0,1,1,1
D_terminal,W-deployment,active_witness,2,2,1,64,ALR,1.0,ALR,1.0,0.0,1,1,1
D_terminal,W-population,active_witness,2,2,1,4,AEX,0.75,ALR,1.0,0.25,1,1,1
D_terminal,W-population,active_witness,2,2,1,8,AEX,0.75,ALR,1.0,0.25,1,1,1
D_terminal,W-population,active_witness,2,2,1,16,AEX,0.75,ALR,1.0,0.25,1,1,1
D_terminal,W-population,active_witness,2,2,1,32,AEX,0.75,ALR,1.0,0.25,1,1,1
D_terminal,W-population,active_witness,2,2,1,64,AEX,0.75,ALR,1.0,0.25,1,1,1
D_terminal,W-clinical,active_witness,2,2,1,4,AEX,0.75,ALR,1.0,0.25,1,1,1
D_terminal,W-clinical,active_witness,2,2,1,8,AEX,0.75,ALR,1.0,0.25,1,1,1
D_terminal,W-clinical,active_witness,2,2,1,16,AEX,0.75,ALR,1.0,0.25,1,1,1
D_terminal,W-clinical,active_witness,2,2,1,32,AEX,0.75,ALR,1.0,0.25,1,1,1
D_terminal,W-clinical,active_witness,2,2,1,64,AEX,0.75,ALR,1.0,0.25,1,1,1
D_terminal,M01,induction,3,1,1,4,AEX,0.75,AEX,0.75,0.0,1,1,1
D_terminal,M01,induction,3,1,1,8,AEX,0.75,AEX,0.75,0.0,1,1,1
D_terminal,M01,induction,3,1,1,16,AEX,0.75,AEX,0.75,0.0,1,1,1
D_terminal,M01,induction,3,1,1,32,AEX,0.75,AEX,0.75,0.0,1,1,1
D_terminal,M01,induction,3,1,1,64,AEX,0.75,AEX,0.75,0.0,1,1,1
D_terminal,M02,induction,3,1,1,4,AEX,0.75,AEX,0.75,0.0,1,1,1
D_terminal,M02,induction,3,1,1,8,AEX,0.75,AEX,0.75,0.0,1,1,1
D_terminal,M02,induction,3,1,1,16,AEX,0.75,AEX,0.75,0.0,1,1,1
D_terminal,M02,induction,3,1,1,32,AEX,0.75,AEX,0.75,0.0,1,1,1
D_terminal,M02,induction,3,1,1,64,AEX,0.75,AEX,0.75,0.0,1,1,1
D_terminal,M03,induction,3,1,1,4,AEX,0.75,AEX,0.75,0.0,1,1,1
D_terminal,M03,induction,3,1,1,8,AEX,0.75,AEX,0.75,0.0,1,1,1
D_terminal,M03,induction,3,1,1,16,AEX,0.75,AEX,0.75,0.0,1,1,1
D_terminal,M03,induction,3,1,1,32,AEX,0.75,AEX,0.75,0.0,1,1,1
D_terminal,M03,induction,3,1,1,64,AEX,0.75,AEX,0.75,0.0,1,1,1
D_terminal,M04,induction,3,1,1,4,AEX,0.75,AEX,0.75,0.0,1,1,1
D_terminal,M04,induction,3,1,1,8,AEX,0.75,AEX,0.75,0.0,1,1,1
D_terminal,M04,induction,3,1,1,16,AEX,0.75,AEX,0.75,0.0,1,1,1
D_terminal,M04,induction,3,1,1,32,AEX,0.75,AEX,0.75,0.0,1,1,1
D_terminal,M04,induction,3,1,1,64,AEX,0.75,AEX,0.75,0.0,1,1,1
D_terminal,M05,induction,3,1,1,4,AEX,0.75,AEX,0.75,0.0,1,1,1
D_terminal,M05,induction,3,1,1,8,AEX,0.75,AEX,0.75,0.0,1,1,1
D_terminal,M05,induction,3,1,1,16,AEX,0.75,AEX,0.75,0.0,1,1,1
D_terminal,M05,induction,3,1,1,32,AEX,0.75,AEX,0.75,0.0,1,1,1
D_terminal,M05,induction,3,1,1,64,AEX,0.75,AEX,0.75,0.0,1,1,1
D_terminal,M06,induction,3,1,1,4,AEX,0.75,AEX,0.75,0.0,1,1,1
D_terminal,M06,induction,3,1,1,8,AEX,0.75,AEX,0.75,0.0,1,1,1
D_terminal,M06,induction,3,1,1,16,AEX,0.75,AEX,0.75,0.0,1,1,1
D_terminal,M06,induction,3,1,1,32,AEX,0.75,AEX,0.75,0.0,1,1,1
D_terminal,M06,induction,3,1,1,64,AEX,0.75,AEX,0.75,0.0,1,1,1
D_terminal,M07,induction,3,1,1,4,AEX,0.75,AEX,0.75,0.0,1,1,1
D_terminal,M07,induction,3,1,1,8,AEX,0.75,AEX,0.75,0.0,1,1,1
D_terminal,M07,induction,3,1,1,16,AEX,0.75,AEX,0.75,0.0,1,1,1
D_terminal,M07,induction,3,1,1,32,AEX,0.75,AEX,0.75,0.0,1,1,1
D_terminal,M07,induction,3,1,1,64,AEX,0.75,AEX,0.75,0.0,1,1,1
D_terminal,H01,held_out,3,1,1,4,AEX,0.75,AEX,0.75,0.0,1,1,1
D_terminal,H01,held_out,3,1,1,8,AEX,0.75,AEX,0.75,0.0,1,1,1
D_terminal,H01,held_out,3,1,1,16,AEX,0.75,AEX,0.75,0.0,1,1,1
D_terminal,H01,held_out,3,1,1,32,AEX,0.75,AEX,0.75,0.0,1,1,1
D_terminal,H01,held_out,3,1,1,64,AEX,0.75,AEX,0.75,0.0,1,1,1
D_terminal,H02,held_out,3,1,1,4,REV,0.5,REV,0.5,0.0,1,1,1
D_terminal,H02,held_out,3,1,1,8,REV,0.5,REV,0.5,0.0,1,1,1
D_terminal,H02,held_out,3,1,1,16,REV,0.5,REV,0.5,0.0,1,1,1
D_terminal,H02,held_out,3,1,1,32,REV,0.5,REV,0.5,0.0,1,1,1
D_terminal,H02,held_out,3,1,1,64,REV,0.5,REV,0.5,0.0,1,1,1
D_terminal,H03,held_out,3,1,1,4,DIA,0.25,DIA,0.25,0.0,1,1,1
D_terminal,H03,held_out,3,1,1,8,DIA,0.25,DIA,0.25,0.0,1,1,1
D_terminal,H03,held_out,3,1,1,16,DIA,0.25,DIA,0.25,0.0,1,1,1
D_terminal,H03,held_out,3,1,1,32,DIA,0.25,DIA,0.25,0.0,1,1,1
D_terminal,H03,held_out,3,1,1,64,DIA,0.25,DIA,0.25,0.0,1,1,1
D_terminal,H04,held_out,3,1,1,4,AEX,0.75,AEX,0.75,0.0,1,1,1
D_terminal,H04,held_out,3,1,1,8,AEX,0.75,AEX,0.75,0.0,1,1,1
D_terminal,H04,held_out,3,1,1,16,AEX,0.75,AEX,0.75,0.0,1,1,1
D_terminal,H04,held_out,3,1,1,32,AEX,0.75,AEX,0.75,0.0,1,1,1
D_terminal,H04,held_out,3,1,1,64,AEX,0.75,AEX,0.75,0.0,1,1,1
D_terminal,H05,held_out,3,1,1,4,AEX,0.75,AEX,0.75,0.0,1,1,1
D_terminal,H05,held_out,3,1,1,8,AEX,0.75,AEX,0.75,0.0,1,1,1
D_terminal,H05,held_out,3,1,1,16,AEX,0.75,AEX,0.75,0.0,1,1,1
D_terminal,H05,held_out,3,1,1,32,AEX,0.75,AEX,0.75,0.0,1,1,1
D_terminal,H05,held_out,3,1,1,64,AEX,0.75,AEX,0.75,0.0,1,1,1
D_terminal,S-REF,synthetic_ladder,3,1,1,4,REF,0.0,REF,0.0,0.0,1,1,1
D_terminal,S-REF,synthetic_ladder,3,1,1,8,REF,0.0,REF,0.0,0.0,1,1,1
D_terminal,S-REF,synthetic_ladder,3,1,1,16,REF,0.0,REF,0.0,0.0,1,1,1
D_terminal,S-REF,synthetic_ladder,3,1,1,32,REF,0.0,REF,0.0,0.0,1,1,1
D_terminal,S-REF,synthetic_ladder,3,1,1,64,REF,0.0,REF,0.0,0.0,1,1,1
D_terminal,S-DIA,synthetic_ladder,3,1,1,4,DIA,0.25,DIA,0.25,0.0,1,1,1
D_terminal,S-DIA,synthetic_ladder,3,1,1,8,DIA,0.25,DIA,0.25,0.0,1,1,1
D_terminal,S-DIA,synthetic_ladder,3,1,1,16,DIA,0.25,DIA,0.25,0.0,1,1,1
D_terminal,S-DIA,synthetic_ladder,3,1,1,32,DIA,0.25,DIA,0.25,0.0,1,1,1
D_terminal,S-DIA,synthetic_ladder,3,1,1,64,DIA,0.25,DIA,0.25,0.0,1,1,1
D_terminal,S-REV,synthetic_ladder,3,1,1,4,REV,0.5,REV,0.5,0.0,1,1,1
D_terminal,S-REV,synthetic_ladder,3,1,1,8,REV,0.5,REV,0.5,0.0,1,1,1
D_terminal,S-REV,synthetic_ladder,3,1,1,16,REV,0.5,REV,0.5,0.0,1,1,1
D_terminal,S-REV,synthetic_ladder,3,1,1,32,REV,0.5,REV,0.5,0.0,1,1,1
D_terminal,S-REV,synthetic_ladder,3,1,1,64,REV,0.5,REV,0.5,0.0,1,1,1
D_terminal,S-AEX,synthetic_ladder,3,1,1,4,AEX,0.75,AEX,0.75,0.0,1,1,1
D_terminal,S-AEX,synthetic_ladder,3,1,1,8,AEX,0.75,AEX,0.75,0.0,1,1,1
D_terminal,S-AEX,synthetic_ladder,3,1,1,16,AEX,0.75,AEX,0.75,0.0,1,1,1
D_terminal,S-AEX,synthetic_ladder,3,1,1,32,AEX,0.75,AEX,0.75,0.0,1,1,1
D_terminal,S-AEX,synthetic_ladder,3,1,1,64,AEX,0.75,AEX,0.75,0.0,1,1,1
D_terminal,S-ALR,synthetic_ladder,3,1,1,4,ALR,1.0,ALR,1.0,0.0,1,1,1
D_terminal,S-ALR,synthetic_ladder,3,1,1,8,ALR,1.0,ALR,1.0,0.0,1,1,1
D_terminal,S-ALR,synthetic_ladder,3,1,1,16,ALR,1.0,ALR,1.0,0.0,1,1,1
D_terminal,S-ALR,synthetic_ladder,3,1,1,32,ALR,1.0,ALR,1.0,0.0,1,1,1
D_terminal,S-ALR,synthetic_ladder,3,1,1,64,ALR,1.0,ALR,1.0,0.0,1,1,1
D_terminal,W-currency,active_witness,3,1,1,4,ALR,1.0,ALR,1.0,0.0,1,1,1
D_terminal,W-currency,active_witness,3,1,1,8,ALR,1.0,ALR,1.0,0.0,1,1,1
D_terminal,W-currency,active_witness,3,1,1,16,ALR,1.0,ALR,1.0,0.0,1,1,1
D_terminal,W-currency,active_witness,3,1,1,32,ALR,1.0,ALR,1.0,0.0,1,1,1
D_terminal,W-currency,active_witness,3,1,1,64,ALR,1.0,ALR,1.0,0.0,1,1,1
D_terminal,W-deployment,active_witness,3,1,1,4,ALR,1.0,ALR,1.0,0.0,1,1,1
D_terminal,W-deployment,active_witness,3,1,1,8,ALR,1.0,ALR,1.0,0.0,1,1,1
D_terminal,W-deployment,active_witness,3,1,1,16,ALR,1.0,ALR,1.0,0.0,1,1,1
D_terminal,W-deployment,active_witness,3,1,1,32,ALR,1.0,ALR,1.0,0.0,1,1,1
D_terminal,W-deployment,active_witness,3,1,1,64,ALR,1.0,ALR,1.0,0.0,1,1,1
D_terminal,W-population,active_witness,3,1,1,4,ALR,1.0,ALR,1.0,0.0,1,1,1
D_terminal,W-population,active_witness,3,1,1,8,ALR,1.0,ALR,1.0,0.0,1,1,1
D_terminal,W-population,active_witness,3,1,1,16,ALR,1.0,ALR,1.0,0.0,1,1,1
D_terminal,W-population,active_witness,3,1,1,32,ALR,1.0,ALR,1.0,0.0,1,1,1
D_terminal,W-population,active_witness,3,1,1,64,ALR,1.0,ALR,1.0,0.0,1,1,1
D_terminal,W-clinical,active_witness,3,1,1,4,AEX,0.75,ALR,1.0,0.25,1,1,1
D_terminal,W-clinical,active_witness,3,1,1,8,AEX,0.75,ALR,1.0,0.25,1,1,1
D_terminal,W-clinical,active_witness,3,1,1,16,AEX,0.75,ALR,1.0,0.25,1,1,1
D_terminal,W-clinical,active_witness,3,1,1,32,AEX,0.75,ALR,1.0,0.25,1,1,1
D_terminal,W-clinical,active_witness,3,1,1,64,AEX,0.75,ALR,1.0,0.25,1,1,1
D_terminal,M01,induction,4,0,1,4,AEX,0.75,AEX,0.75,0.0,1,1,1
D_terminal,M01,induction,4,0,1,8,AEX,0.75,AEX,0.75,0.0,1,1,1
D_terminal,M01,induction,4,0,1,16,AEX,0.75,AEX,0.75,0.0,1,1,1
D_terminal,M01,induction,4,0,1,32,AEX,0.75,AEX,0.75,0.0,1,1,1
D_terminal,M01,induction,4,0,1,64,AEX,0.75,AEX,0.75,0.0,1,1,1
D_terminal,M02,induction,4,0,1,4,AEX,0.75,AEX,0.75,0.0,1,1,1
D_terminal,M02,induction,4,0,1,8,AEX,0.75,AEX,0.75,0.0,1,1,1
D_terminal,M02,induction,4,0,1,16,AEX,0.75,AEX,0.75,0.0,1,1,1
D_terminal,M02,induction,4,0,1,32,AEX,0.75,AEX,0.75,0.0,1,1,1
D_terminal,M02,induction,4,0,1,64,AEX,0.75,AEX,0.75,0.0,1,1,1
D_terminal,M03,induction,4,0,1,4,AEX,0.75,AEX,0.75,0.0,1,1,1
D_terminal,M03,induction,4,0,1,8,AEX,0.75,AEX,0.75,0.0,1,1,1
D_terminal,M03,induction,4,0,1,16,AEX,0.75,AEX,0.75,0.0,1,1,1
D_terminal,M03,induction,4,0,1,32,AEX,0.75,AEX,0.75,0.0,1,1,1
D_terminal,M03,induction,4,0,1,64,AEX,0.75,AEX,0.75,0.0,1,1,1
D_terminal,M04,induction,4,0,1,4,AEX,0.75,AEX,0.75,0.0,1,1,1
D_terminal,M04,induction,4,0,1,8,AEX,0.75,AEX,0.75,0.0,1,1,1
D_terminal,M04,induction,4,0,1,16,AEX,0.75,AEX,0.75,0.0,1,1,1
D_terminal,M04,induction,4,0,1,32,AEX,0.75,AEX,0.75,0.0,1,1,1
D_terminal,M04,induction,4,0,1,64,AEX,0.75,AEX,0.75,0.0,1,1,1
D_terminal,M05,induction,4,0,1,4,AEX,0.75,AEX,0.75,0.0,1,1,1
D_terminal,M05,induction,4,0,1,8,AEX,0.75,AEX,0.75,0.0,1,1,1
D_terminal,M05,induction,4,0,1,16,AEX,0.75,AEX,0.75,0.0,1,1,1
D_terminal,M05,induction,4,0,1,32,AEX,0.75,AEX,0.75,0.0,1,1,1
D_terminal,M05,induction,4,0,1,64,AEX,0.75,AEX,0.75,0.0,1,1,1
D_terminal,M06,induction,4,0,1,4,AEX,0.75,AEX,0.75,0.0,1,1,1
D_terminal,M06,induction,4,0,1,8,AEX,0.75,AEX,0.75,0.0,1,1,1
D_terminal,M06,induction,4,0,1,16,AEX,0.75,AEX,0.75,0.0,1,1,1
D_terminal,M06,induction,4,0,1,32,AEX,0.75,AEX,0.75,0.0,1,1,1
D_terminal,M06,induction,4,0,1,64,AEX,0.75,AEX,0.75,0.0,1,1,1
D_terminal,M07,induction,4,0,1,4,AEX,0.75,AEX,0.75,0.0,1,1,1
D_terminal,M07,induction,4,0,1,8,AEX,0.75,AEX,0.75,0.0,1,1,1
D_terminal,M07,induction,4,0,1,16,AEX,0.75,AEX,0.75,0.0,1,1,1
D_terminal,M07,induction,4,0,1,32,AEX,0.75,AEX,0.75,0.0,1,1,1
D_terminal,M07,induction,4,0,1,64,AEX,0.75,AEX,0.75,0.0,1,1,1
D_terminal,H01,held_out,4,0,1,4,AEX,0.75,AEX,0.75,0.0,1,1,1
D_terminal,H01,held_out,4,0,1,8,AEX,0.75,AEX,0.75,0.0,1,1,1
D_terminal,H01,held_out,4,0,1,16,AEX,0.75,AEX,0.75,0.0,1,1,1
D_terminal,H01,held_out,4,0,1,32,AEX,0.75,AEX,0.75,0.0,1,1,1
D_terminal,H01,held_out,4,0,1,64,AEX,0.75,AEX,0.75,0.0,1,1,1
D_terminal,H02,held_out,4,0,1,4,REV,0.5,REV,0.5,0.0,1,1,1
D_terminal,H02,held_out,4,0,1,8,REV,0.5,REV,0.5,0.0,1,1,1
D_terminal,H02,held_out,4,0,1,16,REV,0.5,REV,0.5,0.0,1,1,1
D_terminal,H02,held_out,4,0,1,32,REV,0.5,REV,0.5,0.0,1,1,1
D_terminal,H02,held_out,4,0,1,64,REV,0.5,REV,0.5,0.0,1,1,1
D_terminal,H03,held_out,4,0,1,4,DIA,0.25,DIA,0.25,0.0,1,1,1
D_terminal,H03,held_out,4,0,1,8,DIA,0.25,DIA,0.25,0.0,1,1,1
D_terminal,H03,held_out,4,0,1,16,DIA,0.25,DIA,0.25,0.0,1,1,1
D_terminal,H03,held_out,4,0,1,32,DIA,0.25,DIA,0.25,0.0,1,1,1
D_terminal,H03,held_out,4,0,1,64,DIA,0.25,DIA,0.25,0.0,1,1,1
D_terminal,H04,held_out,4,0,1,4,AEX,0.75,AEX,0.75,0.0,1,1,1
D_terminal,H04,held_out,4,0,1,8,AEX,0.75,AEX,0.75,0.0,1,1,1
D_terminal,H04,held_out,4,0,1,16,AEX,0.75,AEX,0.75,0.0,1,1,1
D_terminal,H04,held_out,4,0,1,32,AEX,0.75,AEX,0.75,0.0,1,1,1
D_terminal,H04,held_out,4,0,1,64,AEX,0.75,AEX,0.75,0.0,1,1,1
D_terminal,H05,held_out,4,0,1,4,AEX,0.75,AEX,0.75,0.0,1,1,1
D_terminal,H05,held_out,4,0,1,8,AEX,0.75,AEX,0.75,0.0,1,1,1
D_terminal,H05,held_out,4,0,1,16,AEX,0.75,AEX,0.75,0.0,1,1,1
D_terminal,H05,held_out,4,0,1,32,AEX,0.75,AEX,0.75,0.0,1,1,1
D_terminal,H05,held_out,4,0,1,64,AEX,0.75,AEX,0.75,0.0,1,1,1
D_terminal,S-REF,synthetic_ladder,4,0,1,4,REF,0.0,REF,0.0,0.0,1,1,1
D_terminal,S-REF,synthetic_ladder,4,0,1,8,REF,0.0,REF,0.0,0.0,1,1,1
D_terminal,S-REF,synthetic_ladder,4,0,1,16,REF,0.0,REF,0.0,0.0,1,1,1
D_terminal,S-REF,synthetic_ladder,4,0,1,32,REF,0.0,REF,0.0,0.0,1,1,1
D_terminal,S-REF,synthetic_ladder,4,0,1,64,REF,0.0,REF,0.0,0.0,1,1,1
D_terminal,S-DIA,synthetic_ladder,4,0,1,4,DIA,0.25,DIA,0.25,0.0,1,1,1
D_terminal,S-DIA,synthetic_ladder,4,0,1,8,DIA,0.25,DIA,0.25,0.0,1,1,1
D_terminal,S-DIA,synthetic_ladder,4,0,1,16,DIA,0.25,DIA,0.25,0.0,1,1,1
D_terminal,S-DIA,synthetic_ladder,4,0,1,32,DIA,0.25,DIA,0.25,0.0,1,1,1
D_terminal,S-DIA,synthetic_ladder,4,0,1,64,DIA,0.25,DIA,0.25,0.0,1,1,1
D_terminal,S-REV,synthetic_ladder,4,0,1,4,REV,0.5,REV,0.5,0.0,1,1,1
D_terminal,S-REV,synthetic_ladder,4,0,1,8,REV,0.5,REV,0.5,0.0,1,1,1
D_terminal,S-REV,synthetic_ladder,4,0,1,16,REV,0.5,REV,0.5,0.0,1,1,1
D_terminal,S-REV,synthetic_ladder,4,0,1,32,REV,0.5,REV,0.5,0.0,1,1,1
D_terminal,S-REV,synthetic_ladder,4,0,1,64,REV,0.5,REV,0.5,0.0,1,1,1
D_terminal,S-AEX,synthetic_ladder,4,0,1,4,AEX,0.75,AEX,0.75,0.0,1,1,1
D_terminal,S-AEX,synthetic_ladder,4,0,1,8,AEX,0.75,AEX,0.75,0.0,1,1,1
D_terminal,S-AEX,synthetic_ladder,4,0,1,16,AEX,0.75,AEX,0.75,0.0,1,1,1
D_terminal,S-AEX,synthetic_ladder,4,0,1,32,AEX,0.75,AEX,0.75,0.0,1,1,1
D_terminal,S-AEX,synthetic_ladder,4,0,1,64,AEX,0.75,AEX,0.75,0.0,1,1,1
D_terminal,S-ALR,synthetic_ladder,4,0,1,4,ALR,1.0,ALR,1.0,0.0,1,1,1
D_terminal,S-ALR,synthetic_ladder,4,0,1,8,ALR,1.0,ALR,1.0,0.0,1,1,1
D_terminal,S-ALR,synthetic_ladder,4,0,1,16,ALR,1.0,ALR,1.0,0.0,1,1,1
D_terminal,S-ALR,synthetic_ladder,4,0,1,32,ALR,1.0,ALR,1.0,0.0,1,1,1
D_terminal,S-ALR,synthetic_ladder,4,0,1,64,ALR,1.0,ALR,1.0,0.0,1,1,1
D_terminal,W-currency,active_witness,4,0,1,4,ALR,1.0,ALR,1.0,0.0,1,1,1
D_terminal,W-currency,active_witness,4,0,1,8,ALR,1.0,ALR,1.0,0.0,1,1,1
D_terminal,W-currency,active_witness,4,0,1,16,ALR,1.0,ALR,1.0,0.0,1,1,1
D_terminal,W-currency,active_witness,4,0,1,32,ALR,1.0,ALR,1.0,0.0,1,1,1
D_terminal,W-currency,active_witness,4,0,1,64,ALR,1.0,ALR,1.0,0.0,1,1,1
D_terminal,W-deployment,active_witness,4,0,1,4,ALR,1.0,ALR,1.0,0.0,1,1,1
D_terminal,W-deployment,active_witness,4,0,1,8,ALR,1.0,ALR,1.0,0.0,1,1,1
D_terminal,W-deployment,active_witness,4,0,1,16,ALR,1.0,ALR,1.0,0.0,1,1,1
D_terminal,W-deployment,active_witness,4,0,1,32,ALR,1.0,ALR,1.0,0.0,1,1,1
D_terminal,W-deployment,active_witness,4,0,1,64,ALR,1.0,ALR,1.0,0.0,1,1,1
D_terminal,W-population,active_witness,4,0,1,4,ALR,1.0,ALR,1.0,0.0,1,1,1
D_terminal,W-population,active_witness,4,0,1,8,ALR,1.0,ALR,1.0,0.0,1,1,1
D_terminal,W-population,active_witness,4,0,1,16,ALR,1.0,ALR,1.0,0.0,1,1,1
D_terminal,W-population,active_witness,4,0,1,32,ALR,1.0,ALR,1.0,0.0,1,1,1
D_terminal,W-population,active_witness,4,0,1,64,ALR,1.0,ALR,1.0,0.0,1,1,1
D_terminal,W-clinical,active_witness,4,0,1,4,ALR,1.0,ALR,1.0,0.0,1,1,1
D_terminal,W-clinical,active_witness,4,0,1,8,ALR,1.0,ALR,1.0,0.0,1,1,1
D_terminal,W-clinical,active_witness,4,0,1,16,ALR,1.0,ALR,1.0,0.0,1,1,1
D_terminal,W-clinical,active_witness,4,0,1,32,ALR,1.0,ALR,1.0,0.0,1,1,1
D_terminal,W-clinical,active_witness,4,0,1,64,ALR,1.0,ALR,1.0,0.0,1,1,1
D_terminal,M01,induction,5,5,0,4,AEX,0.75,AEX,0.75,0.0,1,1,1
D_terminal,M01,induction,5,5,0,8,AEX,0.75,AEX,0.75,0.0,1,1,1
D_terminal,M01,induction,5,5,0,16,AEX,0.75,AEX,0.75,0.0,1,1,1
D_terminal,M01,induction,5,5,0,32,AEX,0.75,AEX,0.75,0.0,1,1,1
D_terminal,M01,induction,5,5,0,64,AEX,0.75,AEX,0.75,0.0,1,1,1
D_terminal,M02,induction,5,5,0,4,AEX,0.75,AEX,0.75,0.0,1,1,1
D_terminal,M02,induction,5,5,0,8,AEX,0.75,AEX,0.75,0.0,1,1,1
D_terminal,M02,induction,5,5,0,16,AEX,0.75,AEX,0.75,0.0,1,1,1
D_terminal,M02,induction,5,5,0,32,AEX,0.75,AEX,0.75,0.0,1,1,1
D_terminal,M02,induction,5,5,0,64,AEX,0.75,AEX,0.75,0.0,1,1,1
D_terminal,M03,induction,5,5,0,4,AEX,0.75,AEX,0.75,0.0,1,1,1
D_terminal,M03,induction,5,5,0,8,AEX,0.75,AEX,0.75,0.0,1,1,1
D_terminal,M03,induction,5,5,0,16,AEX,0.75,AEX,0.75,0.0,1,1,1
D_terminal,M03,induction,5,5,0,32,AEX,0.75,AEX,0.75,0.0,1,1,1
D_terminal,M03,induction,5,5,0,64,AEX,0.75,AEX,0.75,0.0,1,1,1
D_terminal,M04,induction,5,5,0,4,AEX,0.75,AEX,0.75,0.0,1,1,1
D_terminal,M04,induction,5,5,0,8,AEX,0.75,AEX,0.75,0.0,1,1,1
D_terminal,M04,induction,5,5,0,16,AEX,0.75,AEX,0.75,0.0,1,1,1
D_terminal,M04,induction,5,5,0,32,AEX,0.75,AEX,0.75,0.0,1,1,1
D_terminal,M04,induction,5,5,0,64,AEX,0.75,AEX,0.75,0.0,1,1,1
D_terminal,M05,induction,5,5,0,4,AEX,0.75,AEX,0.75,0.0,1,1,1
D_terminal,M05,induction,5,5,0,8,AEX,0.75,AEX,0.75,0.0,1,1,1
D_terminal,M05,induction,5,5,0,16,AEX,0.75,AEX,0.75,0.0,1,1,1
D_terminal,M05,induction,5,5,0,32,AEX,0.75,AEX,0.75,0.0,1,1,1
D_terminal,M05,induction,5,5,0,64,AEX,0.75,AEX,0.75,0.0,1,1,1
D_terminal,M06,induction,5,5,0,4,AEX,0.75,AEX,0.75,0.0,1,1,1
D_terminal,M06,induction,5,5,0,8,AEX,0.75,AEX,0.75,0.0,1,1,1
D_terminal,M06,induction,5,5,0,16,AEX,0.75,AEX,0.75,0.0,1,1,1
D_terminal,M06,induction,5,5,0,32,AEX,0.75,AEX,0.75,0.0,1,1,1
D_terminal,M06,induction,5,5,0,64,AEX,0.75,AEX,0.75,0.0,1,1,1
D_terminal,M07,induction,5,5,0,4,AEX,0.75,AEX,0.75,0.0,1,1,1
D_terminal,M07,induction,5,5,0,8,AEX,0.75,AEX,0.75,0.0,1,1,1
D_terminal,M07,induction,5,5,0,16,AEX,0.75,AEX,0.75,0.0,1,1,1
D_terminal,M07,induction,5,5,0,32,AEX,0.75,AEX,0.75,0.0,1,1,1
D_terminal,M07,induction,5,5,0,64,AEX,0.75,AEX,0.75,0.0,1,1,1
D_terminal,H01,held_out,5,5,0,4,AEX,0.75,AEX,0.75,0.0,1,1,1
D_terminal,H01,held_out,5,5,0,8,AEX,0.75,AEX,0.75,0.0,1,1,1
D_terminal,H01,held_out,5,5,0,16,AEX,0.75,AEX,0.75,0.0,1,1,1
D_terminal,H01,held_out,5,5,0,32,AEX,0.75,AEX,0.75,0.0,1,1,1
D_terminal,H01,held_out,5,5,0,64,AEX,0.75,AEX,0.75,0.0,1,1,1
D_terminal,H02,held_out,5,5,0,4,AEX,0.75,REV,0.5,-0.25,0,1,1
D_terminal,H02,held_out,5,5,0,8,AEX,0.75,REV,0.5,-0.25,0,1,1
D_terminal,H02,held_out,5,5,0,16,AEX,0.75,REV,0.5,-0.25,0,1,1
D_terminal,H02,held_out,5,5,0,32,AEX,0.75,REV,0.5,-0.25,0,1,1
D_terminal,H02,held_out,5,5,0,64,AEX,0.75,REV,0.5,-0.25,0,1,1
D_terminal,H03,held_out,5,5,0,4,DIA,0.25,DIA,0.25,0.0,1,1,1
D_terminal,H03,held_out,5,5,0,8,DIA,0.25,DIA,0.25,0.0,1,1,1
D_terminal,H03,held_out,5,5,0,16,DIA,0.25,DIA,0.25,0.0,1,1,1
D_terminal,H03,held_out,5,5,0,32,DIA,0.25,DIA,0.25,0.0,1,1,1
D_terminal,H03,held_out,5,5,0,64,DIA,0.25,DIA,0.25,0.0,1,1,1
D_terminal,H04,held_out,5,5,0,4,AEX,0.75,AEX,0.75,0.0,1,1,1
D_terminal,H04,held_out,5,5,0,8,AEX,0.75,AEX,0.75,0.0,1,1,1
D_terminal,H04,held_out,5,5,0,16,AEX,0.75,AEX,0.75,0.0,1,1,1
D_terminal,H04,held_out,5,5,0,32,AEX,0.75,AEX,0.75,0.0,1,1,1
D_terminal,H04,held_out,5,5,0,64,AEX,0.75,AEX,0.75,0.0,1,1,1
D_terminal,H05,held_out,5,5,0,4,AEX,0.75,AEX,0.75,0.0,1,1,1
D_terminal,H05,held_out,5,5,0,8,AEX,0.75,AEX,0.75,0.0,1,1,1
D_terminal,H05,held_out,5,5,0,16,AEX,0.75,AEX,0.75,0.0,1,1,1
D_terminal,H05,held_out,5,5,0,32,AEX,0.75,AEX,0.75,0.0,1,1,1
D_terminal,H05,held_out,5,5,0,64,AEX,0.75,AEX,0.75,0.0,1,1,1
D_terminal,S-REF,synthetic_ladder,5,5,0,4,REF,0.0,REF,0.0,0.0,1,1,1
D_terminal,S-REF,synthetic_ladder,5,5,0,8,REF,0.0,REF,0.0,0.0,1,1,1
D_terminal,S-REF,synthetic_ladder,5,5,0,16,REF,0.0,REF,0.0,0.0,1,1,1
D_terminal,S-REF,synthetic_ladder,5,5,0,32,REF,0.0,REF,0.0,0.0,1,1,1
D_terminal,S-REF,synthetic_ladder,5,5,0,64,REF,0.0,REF,0.0,0.0,1,1,1
D_terminal,S-DIA,synthetic_ladder,5,5,0,4,DIA,0.25,DIA,0.25,0.0,1,1,1
D_terminal,S-DIA,synthetic_ladder,5,5,0,8,DIA,0.25,DIA,0.25,0.0,1,1,1
D_terminal,S-DIA,synthetic_ladder,5,5,0,16,DIA,0.25,DIA,0.25,0.0,1,1,1
D_terminal,S-DIA,synthetic_ladder,5,5,0,32,DIA,0.25,DIA,0.25,0.0,1,1,1
D_terminal,S-DIA,synthetic_ladder,5,5,0,64,DIA,0.25,DIA,0.25,0.0,1,1,1
D_terminal,S-REV,synthetic_ladder,5,5,0,4,AEX,0.75,REV,0.5,-0.25,0,1,1
D_terminal,S-REV,synthetic_ladder,5,5,0,8,AEX,0.75,REV,0.5,-0.25,0,1,1
D_terminal,S-REV,synthetic_ladder,5,5,0,16,AEX,0.75,REV,0.5,-0.25,0,1,1
D_terminal,S-REV,synthetic_ladder,5,5,0,32,AEX,0.75,REV,0.5,-0.25,0,1,1
D_terminal,S-REV,synthetic_ladder,5,5,0,64,AEX,0.75,REV,0.5,-0.25,0,1,1
D_terminal,S-AEX,synthetic_ladder,5,5,0,4,AEX,0.75,AEX,0.75,0.0,1,1,1
D_terminal,S-AEX,synthetic_ladder,5,5,0,8,AEX,0.75,AEX,0.75,0.0,1,1,1
D_terminal,S-AEX,synthetic_ladder,5,5,0,16,AEX,0.75,AEX,0.75,0.0,1,1,1
D_terminal,S-AEX,synthetic_ladder,5,5,0,32,AEX,0.75,AEX,0.75,0.0,1,1,1
D_terminal,S-AEX,synthetic_ladder,5,5,0,64,AEX,0.75,AEX,0.75,0.0,1,1,1
D_terminal,S-ALR,synthetic_ladder,5,5,0,4,ALR,1.0,ALR,1.0,0.0,1,1,1
D_terminal,S-ALR,synthetic_ladder,5,5,0,8,ALR,1.0,ALR,1.0,0.0,1,1,1
D_terminal,S-ALR,synthetic_ladder,5,5,0,16,ALR,1.0,ALR,1.0,0.0,1,1,1
D_terminal,S-ALR,synthetic_ladder,5,5,0,32,ALR,1.0,ALR,1.0,0.0,1,1,1
D_terminal,S-ALR,synthetic_ladder,5,5,0,64,ALR,1.0,ALR,1.0,0.0,1,1,1
D_terminal,W-currency,active_witness,5,5,0,4,ALR,1.0,ALR,1.0,0.0,1,1,1
D_terminal,W-currency,active_witness,5,5,0,8,ALR,1.0,ALR,1.0,0.0,1,1,1
D_terminal,W-currency,active_witness,5,5,0,16,ALR,1.0,ALR,1.0,0.0,1,1,1
D_terminal,W-currency,active_witness,5,5,0,32,ALR,1.0,ALR,1.0,0.0,1,1,1
D_terminal,W-currency,active_witness,5,5,0,64,ALR,1.0,ALR,1.0,0.0,1,1,1
D_terminal,W-deployment,active_witness,5,5,0,4,ALR,1.0,ALR,1.0,0.0,1,1,1
D_terminal,W-deployment,active_witness,5,5,0,8,ALR,1.0,ALR,1.0,0.0,1,1,1
D_terminal,W-deployment,active_witness,5,5,0,16,ALR,1.0,ALR,1.0,0.0,1,1,1
D_terminal,W-deployment,active_witness,5,5,0,32,ALR,1.0,ALR,1.0,0.0,1,1,1
D_terminal,W-deployment,active_witness,5,5,0,64,ALR,1.0,ALR,1.0,0.0,1,1,1
D_terminal,W-population,active_witness,5,5,0,4,ALR,1.0,ALR,1.0,0.0,1,1,1
D_terminal,W-population,active_witness,5,5,0,8,ALR,1.0,ALR,1.0,0.0,1,1,1
D_terminal,W-population,active_witness,5,5,0,16,ALR,1.0,ALR,1.0,0.0,1,1,1
D_terminal,W-population,active_witness,5,5,0,32,ALR,1.0,ALR,1.0,0.0,1,1,1
D_terminal,W-population,active_witness,5,5,0,64,ALR,1.0,ALR,1.0,0.0,1,1,1
D_terminal,W-clinical,active_witness,5,5,0,4,ALR,1.0,ALR,1.0,0.0,1,1,1
D_terminal,W-clinical,active_witness,5,5,0,8,ALR,1.0,ALR,1.0,0.0,1,1,1
D_terminal,W-clinical,active_witness,5,5,0,16,ALR,1.0,ALR,1.0,0.0,1,1,1
D_terminal,W-clinical,active_witness,5,5,0,32,ALR,1.0,ALR,1.0,0.0,1,1,1
D_terminal,W-clinical,active_witness,5,5,0,64,ALR,1.0,ALR,1.0,0.0,1,1,1
